restaurant_id,사업장명,도로명주소,place_id,naver_name,naver_address,visitor_review_total,match_status,review_n,match_status_raw,shared_place
3030000-101-1988-02889,둘둘치킨,서울특별시 성동구 무학로2길 45 (도선동),12905628,,서울 성동구 무학로2길 45,394.0,matched,29.0,matched,0
3030000-101-1999-06106,서산식당,"서울특별시 성동구 아차산로13길 6, 2층 (성수동2가, 277-60)",20899683,,서울 성동구 아차산로13길 6,86.0,matched,30.0,matched,0
3030000-101-1995-02104,무등산,서울특별시 성동구 성덕정길 150 (성수동2가),20851734,,서울 성동구 성덕정길 150,10.0,matched,2.0,matched,0
3030000-101-2016-00294,올레오(OLEO),"서울특별시 성동구 장터길 29-1, 지하1층 (금호동3가)",1897621031,,서울 성동구 장터길 29-1,12.0,matched,12.0,matched,0
3030000-101-2019-00284,북촌손만두 롯데마트 행당점,"서울특별시 성동구 행당로 84, 지하2층 (행당동)",38229716,,서울 성동구 행당로 84,152.0,matched,29.0,matched,0
3030000-101-2017-00017,제일,"서울특별시 성동구 왕십리로10길 9-9, 1층 (성수동1가)",630807855,,서울 성동구 왕십리로10길 9-9,240.0,matched,30.0,matched,0
3030000-101-2020-00106,대광식당,"서울특별시 성동구 뚝섬로 414, 1층 (성수동2가)",1178878714,,서울 성동구 뚝섬로 414,1.0,matched,0.0,matched,0
3030000-101-1997-04624,원조칼국수,서울특별시 성동구 금호산2길 20-1 (금호동3가),37997618,,서울 성동구 금호산2길 20-1,1263.0,matched,30.0,matched,0
3030000-101-2005-00275,본죽 & 비빔밥 서울금호점,"서울특별시 성동구 독서당로 311, 1층 (금호동3가)",1066778856,,서울 성동구 독서당로 311,298.0,matched,30.0,matched,0
3030000-101-2012-00237,장가,"서울특별시 성동구 성수이로7길 27, 지상1층 101호 (성수동2가, 333-140)",38521618,,서울 성동구 성수이로7길 27,413.0,matched,30.0,matched,0
3030000-101-2012-00136,남도정식,"서울특별시 성동구 자동차시장1길 70, A호별동 지하1층 2-1,2-2호 (용답동)",1428818094,,서울 성동구 자동차시장1길 70,80.0,matched,14.0,matched,0
3030000-101-1995-04736,도스타코스,서울특별시 성동구 금호산길 59 (금호동2가),1874550434,,서울 성동구 금호산길 59,89.0,matched,30.0,matched,0
3030000-101-2021-00149,오늘애김밥 성수역점,"서울특별시 성동구 아차산로 126, 더리브 세종타워 1층 109호 (성수동2가)",1982232190,,서울 성동구 아차산로 126,89.0,matched,30.0,matched,0
3030000-101-2001-07128,경성맥주(용답점),서울특별시 성동구 용답19길 12 (용답동),1221879650,,서울 성동구 용답19길 12,484.0,matched,30.0,matched,0
3030000-101-2011-00071,할리스 소월아트홀점,"서울특별시 성동구 왕십리로 275-1 (행당동, 행당동 133-2 지상1,2층)",1863934626,,서울 성동구 왕십리로 275-1,238.0,matched,30.0,matched,0
3030000-101-2010-00079,100회,"서울특별시 성동구 뚝섬로 341-8, 지상1층 (성수동1가)",13482319,,서울 성동구 뚝섬로 341-8,90.0,matched,29.0,matched,0
3030000-101-2017-00026,마하차이,"서울특별시 성동구 뚝섬로 399, 2층 (성수동2가)",1963449777,,서울 성동구 뚝섬로 399,1249.0,matched,30.0,matched,0
3030000-101-2019-00162,성수일구,"서울특별시 성동구 성덕정17길 3-1, 1층 (성수동2가)",1522248089,,서울 성동구 성덕정17길 3-1,350.0,matched,30.0,matched,0
3030000-101-2007-00133,황금어장,"서울특별시 성동구 아차산로 96 (성수동2가,(지상1층))",17931160,,서울 성동구 아차산로 96,272.0,matched,30.0,matched,0
3030000-101-2020-00526,신사 소곱창,"서울특별시 성동구 왕십리로4길 19-1, 1층 (성수동1가)",1409346740,,서울 성동구 왕십리로4길 19-1,1307.0,matched,30.0,matched,0
3030000-101-2010-00092,예반,"서울특별시 성동구 상원12길 12-1 (성수동1가,(지상1층))",1573145252,,서울 성동구 상원12길 12-1,58.0,matched,29.0,matched,0
3030000-101-2013-00147,강남면옥(성수점),"서울특별시 성동구 성수일로 77, 지상1층 110호 (성수동1가, 서울숲IT밸리)",33087709,,서울 성동구 성수일로 77,2353.0,matched,30.0,matched,0
3030000-101-1991-05113,군산식당,서울특별시 성동구 마장로 327 (마장동),1429393686,,서울 성동구 마장로 327,31.0,matched,11.0,matched,0
3030000-101-1997-04617,해물명가,서울특별시 성동구 금호로11길 4 (금호동2가),18780788,해물명가,서울 성동구 금호로11길 4,933.0,matched,30.0,matched,0
3030000-101-2003-00352,계동치킨 금호점,서울특별시 성동구 장터길 33 (금호동3가),37405437,계동치킨 금호점,서울 성동구 장터길 33,246.0,matched,30.0,matched,0
3030000-101-2003-00248,압구정화로구이(한양대점),"서울특별시 성동구 마조로7길 8 (행당동,(지상1층))",1288408752,압구정화로구이 한양대점,서울 성동구 마조로7길 8,504.0,matched,30.0,matched,0
3030000-101-2018-00229,육회바른연어,"서울특별시 성동구 용답19길 12-1, 1층 (용답동)",1052453695,육회바른연어 용답로데오점,서울 성동구 용답동 125-1,1798.0,matched_name,30.0,matched_name,0
3030000-101-1989-05543,장안등심,"서울특별시 성동구 자동차시장1길 지하 82, B동 나열47호 (용답동, 234)",1822159027,장안등심,서울 성동구 자동차시장1길 70,28.0,matched_name,4.0,matched_name,0
3030000-101-2021-00059,던킨도너츠 왕십리민자역사점,"서울특별시 성동구 왕십리광장로 17, 1층 (행당동)",1686357399,던킨 왕십리민자역사점,서울 성동구 왕십리광장로 17,4829.0,matched,30.0,matched,0
3030000-101-2019-00420,메이탄 성수서울숲 주식회사,"서울특별시 성동구 왕십리로 50, 2층 (성수동1가)",1522722192,메이탄 성수서울숲점,서울 성동구 왕십리로 50,7090.0,matched,29.0,matched,0
3030000-101-1987-05357,진국설농탕,"서울특별시 성동구 고산자로 293 (홍익동, 홍익동 125 지상1층)",19867595,진국설렁탕전문,서울 성동구 고산자로 293,529.0,matched,24.0,matched,0
3030000-101-2019-00397,어페어 커피,"서울특별시 성동구 성수이로6길 11, 1층 (성수동2가)",1863706992,어페어커피,서울 성동구 성수이로6길 11,184.0,matched,26.0,matched,0
3030000-101-2011-00043,미우동,"서울특별시 성동구 독서당로 303-17 (금호동3가,(지상1층))",1093735136,미우동,서울 성동구 독서당로 303-17,100.0,matched,29.0,matched,0
3030000-101-2017-00225,우여사,"서울특별시 성동구 마장로37길 43, 2층 (마장동)",1900978670,우여사,서울 성동구 마장로37길 43,84.0,matched,30.0,matched,0
3030000-101-2008-00090,일품백송칼국수,"서울특별시 성동구 고산자로12길 1-1, 지상1층 (행당동)",18777061,일품백송칼국수,서울 성동구 고산자로12길 1-1,1467.0,matched,29.0,matched,0
3030000-101-2020-00412,유즈풀 아뜰리에,"서울특별시 성동구 서울숲2길 18-8, 1층 (성수동1가)",1058538284,유즈풀 아뜰리에,서울 성동구 서울숲2길 18-8,436.0,matched,27.0,matched,0
3030000-101-2002-00071,청불천막집포차 한양대점,서울특별시 성동구 마조로7길 6-1 (행당동),2035212900,청불천막집포차 한양대점,서울 성동구 마조로7길 6-1,20.0,matched,16.0,matched,0
3030000-101-1992-05374,외가집,서울특별시 성동구 성덕정11길 22 (성수동2가),18794472,외가집,서울 성동구 성덕정11길 22,337.0,matched,29.0,matched,0
3030000-101-1998-03687,동이나,"서울특별시 성동구 고산자로2길 6-3 (응봉동,지상1층(해든길119))",1691799455,동이나,서울 성동구 고산자로2길 6-3,108.0,matched,30.0,matched,0
3030000-101-2016-00067,전통숯불꼼장어,"서울특별시 성동구 아차산로 116, 1층 (성수동2가)",11549928,전통숯불꼼장어,서울 성동구 아차산로 116,343.0,matched,29.0,matched,0
3030000-101-2020-00046,야키토리동작 왕십리역점,"서울특별시 성동구 마조로7길 14, 1층 (행당동)",2066196543,야키토리동작 왕십리점,서울 성동구 마조로7길 14,175.0,matched,30.0,matched,0
3030000-101-2002-00216,부원냉면,"서울특별시 성동구 장터길 39 (금호동3가,(지상1층))",13130477,부원냉면,서울 성동구 장터길 39,1213.0,matched,30.0,matched,0
3030000-101-2020-00251,멍텅구리 꼼장어 성수,"서울특별시 성동구 아차산로7길 21, 1층 (성수동2가)",1470061351,멍텅구리꼼장어막창 성수직영점,서울 성동구 아차산로7길 21,1753.0,matched,30.0,matched,0
3030000-101-2020-00457,삼선 회사랑,"서울특별시 성동구 아차산로 97, 남영빌딩 1층 (성수동2가)",1330228713,삼선회사랑 성수점,서울 성동구 아차산로 97,1131.0,matched,29.0,matched,0
3030000-101-1996-02942,글로리칼국수 성수점,"서울특별시 성동구 아차산로7길 11-1 (성수동2가,지상1층, 지상2층)",2033129765,글로리칼국수 성수점,서울 성동구 아차산로7길 11-1,857.0,matched,29.0,matched,0
3030000-101-2020-00067,은준쌀국수,"서울특별시 성동구 왕십리로5길 9-2, 2층 (성수동1가)",1817936487,은준쌀국수,서울 성동구 왕십리로5길 9-2,762.0,matched,29.0,matched,0
3030000-101-2008-00023,장수오리삼겹,"서울특별시 성동구 왕십리로6길 2, 1층 (성수동1가)",1511155712,장수오리삼겹,서울 성동구 왕십리로6길 2,246.0,matched,30.0,matched,0
3030000-101-1998-04200,장성식당,"서울특별시 성동구 용답길 157-31, 1층 (용답동)",36259223,장성식당,서울 성동구 용답길 157-31,541.0,matched,28.0,matched,0
3030000-101-1999-06322,한양촌,"서울특별시 성동구 왕십리로 257 (행당동,,128-1039, 130-6, 130-3)",36211555,한양촌,서울 성동구 사근동4길 11,345.0,rejected_other_branch,26.0,matched_addr_query,0
3030000-101-2018-00133,옥수동화덕피자 옥수본점,"서울특별시 성동구 한림말3길 27-1, 1,2층 (옥수동)",1027507427,옥수동화덕피자옥수본점,서울 성동구 한림말3길 27-1,4203.0,matched,30.0,matched,0
3030000-101-2012-00097,황금 가든,"서울특별시 성동구 고산자로6길 40, 행당동 레몬프라자 105호,106호 (행당동)",2077173301,황금 가든,서울 성동구 고산자로6길 40,6.0,matched,5.0,matched,0
3030000-101-2019-00477,빨강이,"서울특별시 성동구 성덕정3길 10-1, 1층 (성수동1가)",1385850283,빨강이,서울 성동구 성덕정3길 10-1,24.0,matched,21.0,matched,0
3030000-101-2009-00205,달크레페(DAL CREPE),"서울특별시 성동구 마조로7길 13 (행당동,(지상1층))",2065657974,달크레페,서울 성동구 마조로7길 13,238.0,matched,30.0,matched,0
3030000-101-2004-00303,홍정원,"서울특별시 성동구 뚝섬로 426, 지상1층 (성수동2가, 264-5)",31845485,홍정원,서울 성동구 뚝섬로 426,398.0,matched,28.0,matched,0
3030000-101-2009-00157,영수분식,서울특별시 성동구 성덕정15길 2-12 (성수동2가),1656481040,영수분식,서울 성동구 성덕정15길 4-8,484.0,matched_road,28.0,matched_road,0
3030000-101-2020-00192,히팅스튜디오,"서울특별시 성동구 성수일로12길 20, 3층 303호 (성수동2가)",1249949142,히팅스튜디오,서울 성동구 성수일로12길 20,647.0,matched,30.0,matched,0
3030000-101-2020-00220,전과함께,"서울특별시 성동구 무학봉15길 28-1, 1층 (하왕십리동)",1386284852,전과함께 막걸리한잔,서울 성동구 무학봉15길 28-1,138.0,matched,30.0,matched,0
3030000-101-1997-04464,진선미식당,서울특별시 성동구 왕십리로24길 12 (도선동),18771487,진선미식당,서울 성동구 왕십리로24길 12,97.0,matched,30.0,matched,0
3030000-101-2013-00281,에스,"서울특별시 성동구 무학로2길 45, 지상3층 (도선동)",37244011,에스바,서울 성동구 무학로2길 45,8.0,matched,5.0,matched,0
3030000-101-2003-00226,대연각,"서울특별시 성동구 사근동길 67, 중앙하이츠아파트 103동 104, 105호 (사근동)",17897473,대연각,서울 성동구 사근동길 65,328.0,matched_road,30.0,matched_road,0
3030000-101-2013-00115,101번지 남산돈까스 왕십리민자역사점,"서울특별시 성동구 왕십리광장로 17, 지상4층 (행당동, 왕십리민자역사)",1478118948,101번지남산돈까스 왕십리민자역사점,서울 성동구 왕십리광장로 17,202.0,matched,28.0,matched,0
3030000-101-2015-00261,실내포차,"서울특별시 성동구 무학로2길 41, 지하1층 (도선동)",1743597201,친구친구 실내포차,서울 성동구 무학로6길 50,1299.0,rejected_other_branch,30.0,matched_addr_query,0
3030000-101-2018-00337,노컷서울 금호(nocut seoul),"서울특별시 성동구 독서당로 296-11, 2층 (금호동4가)",2046944955,노컷서울 금호,서울 성동구 독서당로 296-11,271.0,matched,29.0,matched,0
3030000-101-2007-00077,먹태의꿈,"서울특별시 성동구 금호로 168 (금호동1가,지상1층)",1699084965,먹태의꿈,서울 성동구 금호로 168,79.0,matched,27.0,matched,0
3030000-101-1997-01739,J's plate(제이스플레이트),서울특별시 성동구 왕십리로 219-1 (행당동),19558203,제이스플레이트,서울 성동구 왕십리로 219-1,197.0,matched,29.0,matched,0
3030000-101-2008-00068,삼대냉면,,18774066,삼대냉면 마장점,서울 성동구 마장동 793-28,64.0,rejected_other_branch,20.0,matched_addr_query,0
3030000-101-2019-00344,홍콩반점0410한양대점,"서울특별시 성동구 마조로 25, 지하1층 (행당동)",33167058,홍콩반점0410 한양대점,서울 성동구 마조로 25,1271.0,matched,29.0,matched,0
3030000-101-2010-00135,성수 무구옥,"서울특별시 성동구 아차산로11길 11 (성수동2가,101호(-103호)지상1층)",2057348926,무구옥 성수점,서울 성동구 아차산로11길 11,132.0,matched,29.0,matched,0
3030000-101-2020-00257,금녕곰탕,"서울특별시 성동구 왕십리로20길 11, 1층 (도선동)",1845857046,금녕곰탕,서울 성동구 왕십리로20길 11,442.0,matched,30.0,matched,0
3030000-101-1996-05177,죽변항,"서울특별시 성동구 상원길 40, 지상1층 110,111호 (성수동1가, 뚝섬현대아파트상가동)",19866329,죽변항,서울 성동구 상원길 40,447.0,matched,27.0,matched,0
3030000-101-2021-00043,유성돌솥밥찌개마을(마장점),"서울특별시 성동구 마장로 298, 1층 (마장동)",1366315294,유성돌솥밥찌개마을,서울 성동구 마장로 298,640.0,matched,29.0,matched,0
3030000-101-1994-04787,록멘,"서울특별시 성동구 성수일로3길 2 (성수동1가,,60)",1619448736,록멘,서울 성동구 성수일로3길 2,1091.0,matched,28.0,matched,0
3030000-101-2020-00458,역전할머니맥주 성수점,"서울특별시 성동구 아차산로 97, 남영빌딩 1층 (성수동2가)",1199375408,역전할머니맥주 성수점,서울 성동구 아차산로 97,496.0,matched,25.0,matched,0
3030000-101-2004-00261,담쟁이,"서울특별시 성동구 왕십리로20길 11-1 (도선동,(1층))",20857427,담쟁이,서울 성동구 왕십리로20길 11-1,476.0,matched,26.0,matched,0
3030000-101-2002-00497,싸리골,"서울특별시 성동구 광나루로 287, 지상1층 (송정동)",34350546,싸리골,서울 성동구 광나루로 287,122.0,matched,30.0,matched,0
3030000-101-2019-00043,또와분식,"서울특별시 성동구 마장로35나길 40, 덕수빌딩 1층 (마장동)",1839464459,또와분식,서울 성동구 마장로35나길 40,323.0,matched,29.0,matched,0
3030000-101-2004-00153,야미또,"서울특별시 성동구 마장로 223 (마장동,(지상1층))",20934164,야미또치킨&amp;호프 왕십리점,서울 성동구 마장로 223,43.0,matched,18.0,matched,0
3030000-101-2018-00259,풍조미역,"서울특별시 성동구 성수일로8길 60, 한일비지네스(주) 1층 (성수동2가)",1907146760,풍조미역 성수본점,서울 성동구 성수일로8길 60,5394.0,matched,30.0,matched,0
3030000-101-2015-00130,동원각,"서울특별시 성동구 독서당로 296-8, 1층 (금호동4가)",17910399,동원각,서울 성동구 독서당로 296-8,159.0,matched,30.0,matched,0
3030000-101-2012-00159,육대장 금호점,"서울특별시 성동구 난계로 32, 지상1층 103,104호 (금호동1가, 628 성산빌딩)",1797279154,육대장 금호점,서울 성동구 난계로 32,253.0,matched,29.0,matched,0
3030000-101-2015-00080,행닭바베큐치킨,"서울특별시 성동구 성덕정길 95, 1층 (성수동2가)",1962823831,행닭바베큐통닭,서울 성동구 성덕정길 95,263.0,matched,30.0,matched,0
3030000-101-2014-00005,봉구비어 왕십리역점,"서울특별시 성동구 무학봉26길 10, 지상1층 (하왕십리동)",870346348,봉구비어 왕십리역점,서울 성동구 무학봉26길 10,240.0,matched,30.0,matched,0
3030000-101-2013-00286,피자랑,"서울특별시 성동구 사근동11길 3, 1층 (사근동)",34322687,피자랑,서울 성동구 사근동11길 3,13.0,matched,4.0,matched,0
3030000-101-2018-00302,왕십리육감식당,"서울특별시 성동구 무학봉28길 1, 1층 (하왕십리동)",1814052949,왕십리육감식당,서울 성동구 무학봉28길 1,792.0,matched,29.0,matched,0
3030000-101-2008-00101,서울숲 맥주,"서울특별시 성동구 왕십리로8길 5 (성수동1가,지상1층( 수련3길 5 ))",38590315,미테이블 서울숲성수본점,서울 성동구 왕십리로8길 5,7560.0,matched,29.0,matched,1
3030000-101-2002-00070,이모네북어찜,서울특별시 성동구 마조로3길 8 (행당동),13540237,이모네북어찜,서울 성동구 마조로3길 8,73.0,matched,29.0,matched,0
3030000-101-2018-00421,오디오시요거트,"서울특별시 성동구 행당로 125-4, 지하1층 (행당동)",1035231007,오디오시요거트&amp;베이글,서울 성동구 행당로 125-4,1275.0,matched,30.0,matched,0
3030000-101-2020-00387,퍼니주,"서울특별시 성동구 왕십리로4길 3, 1층 (성수동1가)",1333824971,퍼니주,서울 성동구 왕십리로4길 3,247.0,matched,26.0,matched,0
3030000-101-2010-00227,커스텀커피 금호점,"서울특별시 성동구 금호로 40, 상가동 지2층 2호 (금호동4가, 힐스테이트 서울숲리버)",1352196665,커스텀커피 금호점,서울 성동구 금호로 40,283.0,matched,29.0,matched,0
3030000-101-2020-00001,속초면옥 달꽃식당,"서울특별시 성동구 왕십리로 410, L동 1층 121,122호 (하왕십리동, 센트라스)",1320772938,속초면옥 달꽃식당,서울 성동구 왕십리로 410,880.0,matched,29.0,matched,0
3030000-101-2000-06542,성수뚝배기,서울특별시 성동구 상원길 82 (성수동1가),1561830230,성수뚝배기,서울 성동구 상원길 82,115.0,matched,28.0,matched,0
3030000-101-2013-00013,송가네 주먹고기,"서울특별시 성동구 고산자로 301, 지상1층 제4호 (마장동)",13165425,송가네주먹고기,서울 성동구 고산자로 301,117.0,matched,29.0,matched,0
3030000-101-2017-00004,진식당,"서울특별시 성동구 성덕정길 80, 1층 (성수동2가)",1894287750,진식당,서울 성동구 성수이로3길 23,36.0,rejected_other_branch,17.0,matched_addr_query,0
3030000-101-2020-00261,카우떡볶이 성수점,"서울특별시 성동구 서울숲2길 14, 1층 02호 (성수동1가)",2089177325,카우 떡볶이 성수,서울 성동구 서울숲2길 14,238.0,matched,30.0,matched,0
3030000-101-2009-00163,마린보이 동태해물찜,"서울특별시 성동구 무학봉16길 26 (행당동,지상1층)",1916392754,마린보이동태해물찜 코다리1번가,서울 성동구 무학봉16길 24-2,771.0,matched_road,30.0,matched_road,0
3030000-101-2017-00150,니카이라멘,"서울특별시 성동구 마조로 22-3, 2층 (행당동)",2050673649,니카이라멘,서울 성동구 마조로 22-3,32.0,matched,30.0,matched,0
3030000-101-2020-00327,성수달구지에프앤비,"서울특별시 성동구 아차산로5길 33, 1층 (성수동2가)",2090036995,성수달구지에프앤비,서울 성동구 아차산로5길 33,10.0,matched,10.0,matched,0
3030000-101-2020-00223,오야 성수,"서울특별시 성동구 아차산로1길 12, 1층 (성수동1가)",2028839040,오야 성수,서울 성동구 아차산로1길 12,355.0,matched,29.0,matched,0
3030000-101-2016-00345,갱상도 파절이 대패삼겹,"서울특별시 성동구 마장로 203-1, 1층 (홍익동)",1738573919,갱상도파절이대패삼겹 본점,서울 성동구 마장로 203-1,,matched,0.0,matched,0
3030000-101-2021-00071,고품격대패 왕십리본점,"서울특별시 성동구 왕십리로 293, 1층 (행당동)",1781472192,고품격대패 왕십리본점,서울 성동구 왕십리로 293,1269.0,matched,29.0,matched,0
3030000-101-2005-00020,꼬치방호프,"서울특별시 성동구 왕십리로 353-10 (하왕십리동,(1층))",1118123769,꼬치방호프,서울 성동구 왕십리로 353-10,103.0,matched,28.0,matched,0
3030000-101-2019-00033,갈십리,"서울특별시 성동구 마조로 15-11, 1,2층 (행당동)",1800066032,갈십리,서울 성동구 마조로 15-11,618.0,matched,28.0,matched,0
3030000-101-2008-00088,명가통닭(마장점),"서울특별시 성동구 마장로 283 (마장동,지상1층(마장로 281 ))",1933653134,명가통닭 한양대점,서울 성동구 마조로3가길 21,21.0,rejected_other_branch,15.0,matched_addr_query,0
3030000-101-2015-00190,초밥짓는정노,"서울특별시 성동구 용답중앙15길 9, 1층 (용답동)",37921873,초밥짓는 정노,서울 성동구 용답중앙15길 9,375.0,matched,29.0,matched,0
3030000-101-1978-04379,계화정(왕십리점),서울특별시 성동구 왕십리로24길 10 (도선동),2044520897,계화정 왕십리점,서울 성동구 왕십리로24길 10,52.0,matched,29.0,matched,0
3030000-101-2020-00201,얌샘김밥 성수역점,"서울특별시 성동구 연무장5가길 7, 성수역 현대테라스타워 제1층 107호 (성수동2가)",1696544772,얌샘김밥 성수역점,서울 성동구 연무장5가길 7,1743.0,matched,28.0,matched,0
3030000-101-2006-00115,샤브온당 한양대점,"서울특별시 성동구 마조로7길 5 (행당동,(지상2층))",2091654751,샤브온당 한양대점,서울 성동구 마조로7길 5,620.0,matched,30.0,matched,0
3030000-101-2021-00055,청년치킨  왕십리점,"서울특별시 성동구 행당로 127, 1,2층 (행당동)",1943098132,청년치킨 왕십리점,서울 성동구 행당로 127,488.0,matched,28.0,matched,0
3030000-101-2003-00300,다온,"서울특별시 성동구 마장로 228-24, 지상1층 (홍익동)",20937652,다온,서울 성동구 마장로 228-24,207.0,matched,30.0,matched,0
3030000-101-2020-00362,성수 사위식당,"서울특별시 성동구 연무장5길 9-16, 지하1층 B102호 (성수동2가)",1950372928,사위식당 성수점,서울 성동구 연무장5길 9-16,2283.0,matched,28.0,matched,0
3030000-101-2019-00084,면향만리,"서울특별시 성동구 무학로2길 23-1, 1층 (도선동)",2072464731,면향만리,서울 성동구 무학로2길 23-1,13.0,matched,13.0,matched,0
3030000-101-2018-00422,곱마니 순대국,"서울특별시 성동구 무학로2길 15, 1층 (도선동)",1860200140,곱마니 순대국,서울 성동구 무학로2길 15,332.0,matched,30.0,matched,0
3030000-101-2003-00154,고기역전,"서울특별시 성동구 용답19길 13-1 (용답동,지상1층)",1565528222,고기역전,서울 성동구 용답19길 13-1,499.0,matched,28.0,matched,0
3030000-101-2012-00010,성수아구찜,"서울특별시 성동구 왕십리로8길 4, 1층 (성수동1가)",17947349,성수아구찜,서울 성동구 왕십리로8길 4,652.0,matched,30.0,matched,0
3030000-101-2019-00446,마포갈비 생등심,"서울특별시 성동구 마장로 297, 1층 (마장동)",1862326721,마포갈비 생등심 마장점,서울 성동구 마장로 297,76.0,matched,28.0,matched,0
3030000-101-2020-00575,온정돈까스 성수뚝섬점,"서울특별시 성동구 왕십리로14길 12-1, 1층 (성수동1가)",2092110685,온정돈까스 성수뚝섬점,서울 성동구 왕십리로14길 12-1,457.0,matched,28.0,matched,0
3030000-101-2016-00146,우리순대국밥,"서울특별시 성동구 청계천로10나길 69, 1층 (마장동)",1848692500,우리순대국,서울 성동구 청계천로10나길 69,285.0,matched,28.0,matched,0
3030000-101-2019-00172,한국피자헛 금호사거리점,"서울특별시 성동구 금호로 62, 1층 (금호동1가)",1753759015,피자헛 금호사거리점,서울 성동구 금호로 62,546.0,matched,29.0,matched,0
3030000-101-2017-00108,장한평(참)불백,"서울특별시 성동구 왕십리로 410, F동 1층 106호 (하왕십리동, 센트라스 상가)",1951277076,장한평참불백고기 센트라스직영점,서울 성동구 왕십리로 410,166.0,matched,30.0,matched,0
3030000-101-2005-00176,뽀식이네,"서울특별시 성동구 성수이로20길 58, 포나인 지하1층 (성수동2가)",1579569474,뽀식이네부페식당,서울 성동구 성수이로20길 58,21.0,matched,10.0,matched,0
3030000-101-2015-00118,미정이네코다리찜,"서울특별시 성동구 성덕정15길 8, 1층 (성수동2가)",1205766461,미정이네코다리찜,서울 성동구 성덕정15길 6-19,74.0,matched_road,26.0,matched_road,0
3030000-101-2001-06754,수원갈비,"서울특별시 성동구 마장로 202-8, 1층 (홍익동)",1118625721,수원갈비,서울 성동구 마장로 202-8,,matched,0.0,matched,0
3030000-101-1994-02525,대도숯불구이,서울특별시 성동구 용답29길 18 (용답동),1669821318,대도숯불구이,서울 성동구 용답29길 18,78.0,matched,24.0,matched,0
3030000-101-1993-05397,제제집 한양대점,"서울특별시 성동구 마조로3길 4, 1층 (행당동)",2009609614,제제집 한양대점,서울 성동구 마조로3길 4,140.0,matched,28.0,matched,0
3030000-101-2013-00293,픽셀투페이퍼,"서울특별시 성동구 뚝섬로 392, 2층 (성수동2가)",2049739652,픽셀투페이퍼,서울 성동구 뚝섬로 392,19.0,matched,17.0,matched,0
3030000-101-2015-00179,고고! 치킨,"서울특별시 성동구 마장로 137, 221동 1층 107,108호 (상왕십리동, 텐즈힐)",1269749145,고고치킨 본점,서울 성동구 마장로 137,299.0,matched,29.0,matched,0
3030000-101-2017-00352,노브랜드버거 성수랩점,"서울특별시 성동구 성수일로 56, 1층 103호,104호 (성수동2가, 백영성수빌딩)",1557834206,노브랜드버거 성수랩점,서울 성동구 성수일로 56,1133.0,matched,30.0,matched,0
3030000-101-1994-05408,시골옻닭,서울특별시 성동구 성덕정길 129 (성수동2가),17924368,시골옻닭,서울 성동구 성덕정길 129,27.0,matched,6.0,matched,0
3030000-101-2020-00310,갓잇(GOD EAT),"서울특별시 성동구 연무장7가길 10, 1층 (성수동2가)",1754741863,갓잇 성수홀리워터점,서울 성동구 연무장7가길 10,11103.0,matched,29.0,matched,0
3030000-101-2016-00084,화랑,"서울특별시 성동구 성수일로8길 5, A동 1층 102호 (성수동2가)",1365414404,화랑직화구이,서울 성동구 성수일로8길 5,95.0,matched,29.0,matched,0
3030000-101-2018-00238,본죽(신금호역점),"서울특별시 성동구 금호산길 66-1, 1층 (금호동2가)",1305627583,본죽&amp;비빔밥 성수힐스테이트점,서울 성동구 성수일로4길 37,432.0,rejected_other_branch,29.0,matched_addr_query,0
3030000-101-2019-00095,사에 앤 토닉,"서울특별시 성동구 성덕정11길 20, 1층 101호 (성수동2가)",2092797872,사에 앤 토닉,서울 성동구 성덕정11길 20,30.0,matched,28.0,matched,0
3030000-101-2010-00164,능한이네,"서울특별시 성동구 왕십리로22길 10-1 (도선동,(지상1층))",1658098838,능한이네,서울 성동구 왕십리로22길 10-1,91.0,matched,30.0,matched,0
3030000-101-1996-05769,또와,"서울특별시 성동구 성수일로12길 20, 성동안심상가 1층 101호 (성수동2가)",1839464459,또와분식,서울 성동구 마장로35나길 40,323.0,rejected_other_branch,29.0,matched_addr_query,0
3030000-101-2019-00331,벽산실내포차,"서울특별시 성동구 왕십리로24길 39-1, 1층 (홍익동)",1301846598,벽산실내포차,서울 성동구 왕십리로24길 39-1,,matched,0.0,matched,0
3030000-101-2005-00279,계자람,"서울특별시 성동구 성덕정17길 5 (성수동2가,(지상1층))",1803632854,숯불닭갈비 계자람 성수본점,서울 성동구 성덕정17길 5,1137.0,matched,26.0,matched,0
3030000-101-2005-00117,퇴근길 한잔,"서울특별시 성동구 장터길 21-1 (금호동3가,(지하1층))",2065000658,퇴근길한잔,서울 성동구 장터길 21-1,,matched,0.0,matched,0
3030000-101-1995-06042,왕십리한고기,서울특별시 성동구 왕십리로20길 8 (도선동),1140134367,왕십리한고기,서울 성동구 왕십리로20길 8,191.0,matched,29.0,matched,0
3030000-101-1999-06079,병천순대,"서울특별시 성동구 마장로42길 2, 1층 (마장동)",1161571026,병천순대국 성수점,서울 성동구 뚝섬로 385-32,358.0,rejected_other_branch,30.0,matched_addr_query,0
3030000-101-2011-00238,대도식당,"서울특별시 성동구 무학로14길 4-20, 1층 (홍익동)",11679517,대도식당 왕십리본점,서울 성동구 무학로12길 3,2712.0,rejected_other_branch,28.0,matched_addr_query,0
3030000-101-2012-00257,성심 크루아상,"서울특별시 성동구 왕십리로 257, 1층 6호 (행당동)",2003178244,성심크루아상,서울 성동구 왕십리로 257,48.0,matched,29.0,matched,0
3030000-101-2008-00036,우돈만족,"서울특별시 성동구 성덕정17길 4-1, 지상1층 (성수동2가)",1887334496,우돈만족,서울 성동구 성덕정17길 4-1,73.0,matched,29.0,matched,0
3030000-101-2018-00249,신금호 돼지국밥,"서울특별시 성동구 행당로 6, 신세계오피스텔 1층 102호 (금호동1가)",2075452469,신금호 돼지국밥,서울 성동구 행당로 6,22.0,matched,21.0,matched,0
3030000-101-2019-00380,목포식당,"서울특별시 성동구 용답19길 14, 1층 (용답동)",1285531999,목포식당,서울 성동구 용답19길 14,314.0,matched,28.0,matched,0
3030000-101-2016-00178,석암 생소금구이 왕십리점,"서울특별시 성동구 왕십리로 311-1, 1층 (행당동)",2038444099,석암생소금구이 왕십리점,서울 성동구 왕십리로 311-1,1823.0,matched,30.0,matched,0
3030000-101-1998-01457,맛나곱창,"서울특별시 성동구 고산자로 281-1, 1층 (홍익동)",11619623,왕십리맛나곱창,서울 성동구 고산자로 281-1,2834.0,matched,30.0,matched,0
3030000-101-2000-06826,인생제육 성수점,서울특별시 성동구 성수일로8길 40 (성수동2가),2070772608,인생제육 성수점,서울 성동구 성수일로8길 40,454.0,matched,30.0,matched,0
3030000-101-1995-05994,풍년정,서울특별시 성동구 용답중앙15길 15-2 (용답동),31696378,풍년정 삼겹살,서울 성동구 용답중앙15길 15-2,112.0,matched,30.0,matched,0
3030000-101-2018-00258,뚝섬동죽칼국수,"서울특별시 성동구 상원2길 5-11, 1층 (성수동1가)",2091075890,뚝섬동죽칼국수,서울 성동구 상원2길 5-11,77.0,matched,30.0,matched,0
3030000-101-2017-00076,램플러스 한양대직영점,"서울특별시 성동구 마조로 27, 1층 (행당동)",582679648,램플러스 한양대직영점,서울 성동구 마조로 27,861.0,matched,30.0,matched,0
3030000-101-2008-00072,밀향기,"서울특별시 성동구 광나루로6길 35 (성수동2가,성수동우림이비즈센터 114호)",21059602,밀향기,서울 성동구 광나루로6길 35,563.0,matched,30.0,matched,0
3030000-101-2016-00260,기왕생고기,"서울특별시 성동구 성수일로8길 42, 투윈빌딩Ⅰ 103호, 104호 (성수동2가)",90748411,기왕생고기,서울 성동구 성수일로8길 42,460.0,matched,29.0,matched,0
3030000-101-2010-00153,그린푸드,"서울특별시 성동구 광나루로 310, 지하1층 (성수동2가, 푸조비즈타워(한불모터스))",1170526441,그린푸드,서울 성동구 광나루로 310,103.0,matched,29.0,matched,0
3030000-101-1997-04605,고향냉면,서울특별시 성동구 독서당로 301-93 (금호동3가),11731706,고향냉면,서울 성동구 독서당로 301-93,441.0,matched,24.0,matched,0
3030000-101-1992-05787,만대갈비,서울특별시 성동구 왕십리로26길 6 (도선동),1377212194,만대갈비,서울 성동구 왕십리로26길 6,515.0,matched,27.0,matched,0
3030000-101-2011-00191,카라,"서울특별시 성동구 성덕정길 140 (성수동2가,(지상1층))",1047584559,카라,서울 성동구 성덕정길 140,10.0,matched,6.0,matched,0
3030000-101-2020-00513,성수바베큐,"서울특별시 성동구 성덕정길 44, 1층 (성수동1가)",2026108577,성수바베큐,서울 성동구 성덕정길 44,,matched,0.0,matched,0
3030000-101-1984-03077,꼬끼오,"서울특별시 성동구 고산자로 335-2, 1층 (마장동, 478-2)",32084568,마장동 꼬끼오 치킨 호프,서울 성동구 고산자로 335-2,104.0,matched,30.0,matched,0
3030000-101-1998-01729,파이널나인 왕십리점,"서울특별시 성동구 마조로5길 10, 지1층 (행당동)",2056647859,파이널나인 왕십리점,서울 성동구 마조로5길 10,35.0,matched,30.0,matched,0
3030000-101-2019-00316,브라운팟 Brownpot,"서울특별시 성동구 무학봉28길 16, 1층,2층 (행당동)",1165635472,브라운팟,서울 성동구 무학봉28길 16,2486.0,matched,30.0,matched,0
3030000-101-2020-00373,곰방구 포차 왕십리본점,"서울특별시 성동구 마조로3가길 18, 2층 (행당동)",2041967725,곰방구포차 왕십리본점,서울 성동구 마조로3가길 18,50.0,matched,29.0,matched,0
3030000-101-2011-00212,피자헛 왕십리한양대점,"서울특별시 성동구 왕십리로 259, 3층 (행당동)",1264899529,피자헛 왕십리한양대점,서울 성동구 왕십리로 259,793.0,matched,29.0,matched,0
3030000-101-2017-00188,오돌막포차,"서울특별시 성동구 마조로3가길 10, 1층 (행당동)",2042083543,오돌막포차,서울 성동구 마조로3가길 10,77.0,matched,29.0,matched,0
3030000-101-2012-00187,가장맛있는족발 답십리역점,"서울특별시 성동구 용답중앙15길 7-1, 1층 (용답동, 58-6)",1093874422,가장맛있는족발 답십리역점,서울 성동구 용답중앙15길 7-1,243.0,matched,30.0,matched,0
3030000-101-1988-03799,중국관,서울특별시 성동구 뚝섬로 404 (성수동2가),18788682,중국관,서울 성동구 뚝섬로 404,77.0,matched,30.0,matched,0
3030000-101-2013-00047,청춘 고깃간,"서울특별시 성동구 아차산로 96, 지상1층 (성수동2가, 신성빌딩)",1977818141,청춘고깃간,서울 성동구 아차산로 96,468.0,matched,30.0,matched,0
3030000-101-2013-00129,고로고로 성수,"서울특별시 성동구 아차산로13길 16, 지상1층 101,102,103호 (성수동2가, 램킨상가)",1838211811,고로고로 성수,서울 성동구 아차산로13길 16,10935.0,matched,30.0,matched,0
3030000-101-2006-00041,육전국밥 성수역점,"서울특별시 성동구 아차산로 88 (성수동2가,(지상1층))",1800916645,육전국밥 성수역점,서울 성동구 아차산로 88,459.0,matched,28.0,matched,0
3030000-101-1997-01864,오땅비어(마장역점),서울특별시 성동구 마장로 301 (마장동),1156392110,오땅비어 마장역점,서울 성동구 마장로 301,131.0,matched,29.0,matched,0
3030000-101-2018-00041,플레이즈 라운지,"서울특별시 성동구 서울숲2길 32-14, 지하1층 B105호 (성수동1가, 갤러리아 포레)",1935174946,플레이즈라운지,서울 성동구 서울숲2길 32-14,2596.0,matched,28.0,matched,0
3030000-101-2005-00270,왕십리조개창고 주식회사,"서울특별시 성동구 왕십리로 331 (하왕십리동,(지하1층))",31029000,왕십리조개창고,서울 성동구 왕십리로 331,1339.0,matched,28.0,matched,0
3030000-101-2012-00096,금호샤브,"서울특별시 성동구 장터3길 1, 1층 (금호동3가, 905)",1612949084,금호샤브,서울 성동구 장터3길 1,1199.0,matched,28.0,matched,0
3030000-101-2021-00115,(주)플레이버타운,"서울특별시 성동구 서울숲4길 18-7, 1,2층 (성수동1가)",1530362375,플레이버타운,서울 성동구 서울숲4길 18-7,1058.0,matched,30.0,matched,0
3030000-101-2006-00153,명랑핫도그(한양대점),"서울특별시 성동구 마조로1길 41, 1층 (행당동)",74689113,명랑핫도그 한양대점,서울 성동구 마조로1길 41,1631.0,matched,27.0,matched,0
3030000-101-2012-00173,돈까스 전원,"서울특별시 성동구 왕십리로24길 3, 지상1층 (도선동, 253-5)",1233112165,돈까스전원,서울 성동구 왕십리로 330-6,2117.0,rejected_other_branch,29.0,matched_addr_query,0
3030000-101-1983-05147,별바다,서울특별시 성동구 마장로 328 (마장동),38522735,별바다,서울 성동구 마장로 328,620.0,matched,30.0,matched,0
3030000-101-1999-06326,참나라숯불바베큐,"서울특별시 성동구 무수막길 3, 101호 (금호동3가)",1114857251,참나라숯불바베큐 금호점,서울 성동구 무수막길 3,155.0,matched,30.0,matched,0
3030000-101-2012-00094,더코너키친,"서울특별시 성동구 한림말3길 8, 1층 (옥수동, 365-17)",31253249,더코너키친,서울 성동구 한림말3길 8,639.0,matched,30.0,matched,0
3030000-101-2015-00248,옥이네,"서울특별시 성동구 왕십리로21가길 3-1, 1층 (행당동)",37269368,옥이네포차,서울 성동구 왕십리로21가길 3-1,64.0,matched,27.0,matched,0
3030000-101-2005-00155,박재희아구찜탕,"서울특별시 성동구 장터길 38-1 (금호동4가,(지하3층))",1578040973,박재희아구찜탕,서울 성동구 금호동4가 1121-10,43.0,rejected_other_branch,21.0,matched_addr_query,0
3030000-101-2012-00201,퍼니주(funnyzoo),"서울특별시 성동구 왕십리로6길 1-2, 지상1층 (성수동1가, 656-448)",1333824971,퍼니주,서울 성동구 왕십리로4길 3,247.0,rejected_other_branch,26.0,matched_addr_query,0
3030000-101-2021-00104,주당 11-43,"서울특별시 성동구 용답중앙23길 1, 1층 (용답동)",1723908217,주당11-43,서울 성동구 용답중앙23길 1,5.0,matched,2.0,matched,0
3030000-101-2020-00037,주전자,"서울특별시 성동구 무학로2길 41, 1층 (도선동)",18771968,주전자,서울 성동구 무학로2길 41,254.0,matched,30.0,matched,0
3030000-101-2000-06646,성일감자탕,서울특별시 성동구 마조로 29 (행당동),1596722619,성일감자탕,서울 성동구 마조로 29,295.0,matched,29.0,matched,0
3030000-101-2019-00085,윤식당,"서울특별시 성동구 연무장19길 12, 2층 (성수동2가)",1125226263,윤식당 한식뷔페,서울 성동구 연무장19길 12,121.0,matched,29.0,matched,0
3030000-101-2005-00189,페리카나치킨,"서울특별시 성동구 독서당로 287 (금호동4가,(지상1층))",11799956,페리카나 금호역점,서울 성동구 독서당로 287,131.0,matched,27.0,matched,0
3030000-101-1999-06317,토상막회,서울특별시 성동구 무학봉길 88 (하왕십리동),17889740,토상막회 왕십리본점,서울 성동구 무학봉길 88,236.0,matched,29.0,matched,0
3030000-101-1994-05938,육회공작소,서울특별시 성동구 마조로7길 5 (행당동),36994801,육회공작소 한양대점,서울 성동구 마조로7길 5,294.0,matched,27.0,matched,0
3030000-101-2016-00210,대도가,"서울특별시 성동구 성수일로 80-17, 1층 101호 (성수동2가, 진광빌딩)",1635278865,대도가 성수직영점,서울 성동구 성수일로 80-17,30.0,matched,20.0,matched,0
3030000-101-1989-05806,성수족발,서울특별시 성동구 아차산로7길 7 (성수동2가),19862383,성수족발,서울 성동구 아차산로7길 7,4783.0,matched,30.0,matched,0
3030000-101-2004-00047,바람,"서울특별시 성동구 마조로3길 10 (행당동,(1층))",13418728,바람부리명태찜 금호점,서울 성동구 무수막길 3,505.0,rejected_other_branch,29.0,matched_addr_query,0
3030000-101-2005-00183,풍년식당,"서울특별시 성동구 성수이로 126 (성수동2가,외4필지(지상1층))",1488552598,풍년식당,서울 성동구 성수이로 126,186.0,matched,28.0,matched,0
3030000-101-1992-06027,맥주밤거리 답십리점,서울특별시 성동구 용답중앙15길 10-1 (용답동),2051794609,맥주밤거리 답십리점,서울 성동구 용답중앙15길 10-1,256.0,matched,29.0,matched,0
3030000-101-2020-00448,코타코 성수점,"서울특별시 성동구 연무장5가길 25, 성수역 SK V1 Tower 1층 111호 (성수동2가)",2086497125,코타코 성수점,서울 성동구 연무장5가길 25,171.0,matched,30.0,matched,0
3030000-101-2003-00017,한성,"서울특별시 성동구 뚝섬로4길 5 (성수동1가,(지상1,2층))",1021088335,한성식당,서울 성동구 뚝섬로4길 5,189.0,matched,30.0,matched,0
3030000-101-2018-00082,추선생,"서울특별시 성동구 무학로6길 50, 101동 2층 227호 (도선동, 성동삼성쉐르빌)",1121780420,추선생,서울 성동구 무학로6길 50,178.0,matched,30.0,matched,0
3030000-101-2019-00246,풍년숯불돼지갈비,"서울특별시 성동구 성수일로 54, 1층 (성수동2가)",1142777146,풍년숯불돼지갈비,서울 성동구 성수일로 54,174.0,matched,29.0,matched,0
3030000-101-2020-00368,미디엄스톤,"서울특별시 성동구 왕십리로10길 18-1, 1,2층 (성수동1가)",1477788445,미디엄스톤 성수 뚝섬역점,서울 성동구 왕십리로10길 18-1,1568.0,matched,29.0,matched,0
3030000-101-2008-00173,장수식당,"서울특별시 성동구 성덕정3길 12, 1층 (성수동1가)",1414500823,장수식당,서울 성동구 성덕정3길 12,6.0,matched,2.0,matched,0
3030000-101-2013-00264,주식회사 밥플러스 서울숲,"서울특별시 성동구 뚝섬로1길 31, 서울숲  M타워 1층 105,106호 (성수동1가)",1970900747,밥플러스 5호점,서울 성동구 뚝섬로1길 31,244.0,matched,29.0,matched,0
3030000-101-2002-00498,페스티발,"서울특별시 성동구 연무장9길 10-1, 1층 (성수동2가)",1689905192,페스티발,서울 성동구 연무장9길 10-1,492.0,matched,29.0,matched,0
3030000-101-2018-00140,역전할머니맥주 한양대점,"서울특별시 성동구 마조로 15-2, 1층 (행당동)",1941169644,역전할머니맥주 서울한양대점,서울 성동구 마조로 15-2,63.0,matched,29.0,matched,0
3030000-101-2020-00410,키키식당,"서울특별시 성동구 상원2길 1, 지하1층 (성수동1가)",1423216801,키키식당,서울 성동구 상원2길 1,758.0,matched,29.0,matched,0
3030000-101-2012-00232,더존푸드,"서울특별시 성동구 연무장13길 9, 지하1층 (성수동2가, 273-19)",2006833946,더존푸드한식뷔페,서울 성동구 연무장13길 9,24.0,matched,11.0,matched,0
3030000-101-2021-00130,푸라닭(성수2가점),"서울특별시 성동구 아차산로13길 33, 1층 104호 (성수동2가)",1466208826,푸라닭 왕십리점,서울 성동구 무학로6길 50,10.0,rejected_other_branch,8.0,matched_addr_query,0
3030000-101-2016-00310,명동피자 왕십리점,"서울특별시 성동구 왕십리로21길 16, 1층 (행당동)",2000829959,명동피자 익스프레스 왕십리점,서울 성동구 왕십리로21길 16,1.0,matched,0.0,matched,0
3030000-101-2009-00113,벱(BEP),"서울특별시 성동구 성수일로4가길 2 (성수동2가,(지상1층))",1465603515,벱,서울 성동구 성수일로4가길 2,1722.0,matched,29.0,matched,0
3030000-101-1998-04097,곱창하우스,서울특별시 성동구 마조로7길 12 (행당동),20884448,곱창하우스,서울 성동구 마조로7길 12,279.0,matched,30.0,matched,0
3030000-101-2020-00533,또아(TTOA),"서울특별시 성동구 왕십리로 410, G동 101호 (하왕십리동, 센트라스)",670971385,또아 왕십리 본점,서울 성동구 왕십리로 410,538.0,matched,29.0,matched,0
3030000-101-2018-00117,뚝시돈,서울특별시 성동구 성덕정15길 4-1 (성수동2가),1780395441,뚝시돈,서울 성동구 성덕정15길 4-1,117.0,matched,30.0,matched,0
3030000-101-2006-00156,강너머 남촌숯불닭갈비,"서울특별시 성동구 독서당로 298-8, 지상1층 (금호동4가)",2098416633,강너머남촌숯불닭갈비,서울 성동구 독서당로 298-8,122.0,matched,30.0,matched,0
3030000-101-2008-00154,지성식당,"서울특별시 성동구 둘레5길 15 (성수동1가,(지상1층))",20865111,지성식당,서울 성동구 둘레5길 15,75.0,matched,8.0,matched,0
3030000-101-2021-00004,김승현스시,"서울특별시 성동구 왕십리로 331, 1층 (하왕십리동)",1949066695,김승현스시 왕십리본점,서울 성동구 왕십리로 331,2949.0,matched,28.0,matched,0
3030000-101-2001-06878,알촌 한양대점,서울특별시 성동구 마조로3길 6 (행당동),38520525,알촌 한양대점,서울 성동구 마조로3길 6,1422.0,matched,27.0,matched,0
3030000-101-1989-05608,전자방,서울특별시 성동구 성수일로12길 23 (성수동2가),711407305,전자방,서울 성동구 성수일로12길 23,862.0,matched,29.0,matched,0
3030000-101-2006-00186,수제양정순대국,"서울특별시 성동구 성덕정길 94, 지상1층 (성수동2가)",519327457,수제양정순대국 왕십리점,서울 성동구 왕십리로24길 15,595.0,rejected_other_branch,24.0,matched_addr_query,0
3030000-101-2012-00198,하이꼬꼬,"서울특별시 성동구 독서당로40길 39, 근린생활시설동 218-2,218-3호 (옥수동, 560)",34123325,하이꼬꼬옥수점,서울 성동구 독서당로40길 39,324.0,matched,30.0,matched,0
3030000-101-2016-00227,라온 석갈비,"서울특별시 성동구 성수이로 119, 1층 (성수동2가)",38624096,라온석갈비,서울 성동구 성수이로 119,860.0,matched,30.0,matched,0
3030000-101-2007-00063,소희네식당,"서울특별시 성동구 광나루로4길 16 (성수동2가,지상1층)",20941481,소희네식당,서울 성동구 광나루로4길 16,1.0,matched,0.0,matched,0
3030000-101-2010-00069,참참치킨,"서울특별시 성동구 성덕정길 99, 1층 (성수동2가)",1245309742,참참치킨 송정점,서울 성동구 광나루로11길 47,59.0,rejected_other_branch,28.0,matched_addr_query,0
3030000-101-1990-05584,태능숯불갈비,서울특별시 성동구 금호로 66 (금호동1가),1209257658,태능숯불갈비,서울 성동구 금호로 66,84.0,matched,29.0,matched,0
3030000-101-2019-00219,오우도,"서울특별시 성동구 성수일로 55, 106호 (성수동1가)",319626943,오우도,서울 성동구 성수일로 55,1188.0,matched,29.0,matched,0
3030000-101-2000-06616,맛닭꼬 성수역점,서울특별시 성동구 아차산로 113 (성수동2가),37208662,맛닭꼬치킨 성수역점,서울 성동구 아차산로 113,513.0,matched,29.0,matched,0
3030000-101-2009-00073,한방닭한마리,"서울특별시 성동구 왕십리로24길 1-1, 지상1층 (도선동)",20470161,한방닭한마리,서울 성동구 왕십리로24길 1-1,395.0,matched,30.0,matched,1
3030000-101-2012-00123,국보전,"서울특별시 성동구 성덕정길 65, 1층 (성수동1가, 303)",34350520,국보전,서울 성동구 성덕정길 65,47.0,matched,15.0,matched,0
3030000-101-2019-00451,업.사이드커피 (뚝섬),"서울특별시 성동구 왕십리로14길 19-1, 1층 (성수동1가)",1259420360,업사이드커피,서울 성동구 연무장13길 3,1599.0,rejected_other_branch,30.0,matched_addr_query,0
3030000-101-1996-04774,조개랑 곱창,서울특별시 성동구 마장로 285 (마장동),12820365,조개랑곱창,서울 성동구 마장로 285,137.0,matched,30.0,matched,0
3030000-101-2002-00478,김종용누룽지통닭,"서울특별시 성동구 마조로5길 7 (행당동,(지상1,2층))",1545615112,김종용누룽지통닭 한양대점,서울 성동구 마조로5길 7,300.0,matched,29.0,matched,0
3030000-101-2000-06494,삼팔팔 포차,"서울특별시 성동구 마조로5길 4-11, 지1층 (행당동)",1417823099,삼팔팔포차 1호점,서울 성동구 마조로5길 4-11,160.0,matched,29.0,matched,0
3030000-101-2018-00332,명가교동 짬뽕 뚝섬점,서울특별시 성동구 왕십리로6길 4 (성수동1가),1347460367,명가교동짬뽕 뚝섬역점,서울 성동구 왕십리로6길 4,634.0,matched,29.0,matched,0
3030000-101-2008-00015,시선 한양대점,"서울특별시 성동구 마조로5길 12-1 (행당동,지상1층, 지하1층)",1528861255,시선 한양대점,서울 성동구 마조로5길 12-1,246.0,matched,29.0,matched,0
3030000-101-2012-00086,금호동순대국,"서울특별시 성동구 무수막길 89-38, 1층 (금호동2가, 435)",31396416,금호동순대국,서울 성동구 무수막길 89-38,448.0,matched,30.0,matched,0
3030000-101-2018-00419,빠숑,"서울특별시 성동구 독서당로 279-1, 1, 2층 (금호동4가)",1838365765,빠숑,서울 성동구 독서당로 279-1,14.0,matched,0.0,matched,0
3030000-101-2011-00150,쌤닭,"서울특별시 성동구 난계로 32 (금호동1가,성산빌딩105,106호 지상1층)",1248451979,쌤닭 금호점,서울 성동구 난계로 32,173.0,matched,28.0,matched,0
3030000-101-1999-00179,자갈치브라더스 서울마장점,서울특별시 성동구 청계천로10나길 78 (마장동),1907509596,자갈치브라더스 서울마장점,서울 성동구 청계천로10나길 78,81.0,matched,29.0,matched,0
3030000-101-2001-07016,오븐에빠진닭 성수점,"서울특별시 성동구 아차산로7길 8, 2층 (성수동2가)",37994096,오븐에빠진닭 성수점,서울 성동구 아차산로7길 8,291.0,matched,30.0,matched,0
3030000-101-2020-00347,프로젝트렌트 1호점,"서울특별시 성동구 서울숲길 43, 1층 (성수동1가)",1226039469,프로젝트렌트 1호점,서울 성동구 서울숲길 43,121.0,matched,29.0,matched,0
3030000-101-2012-00033,팜티진쌀국수,"서울특별시 성동구 왕십리로 58, 1층 106,107호 (성수동1가)",37191425,팜티진쌀국수,서울 성동구 왕십리로 58,1485.0,matched,30.0,matched,0
3030000-101-2018-00183,오카츠,"서울특별시 성동구 연무장길 39-15, 1층 (성수동2가)",1878711659,오카츠 성수본점,서울 성동구 연무장길 39-15,2811.0,matched,30.0,matched,0
3030000-101-2007-00109,담바골,"서울특별시 성동구 상원길 42, 상가동 1층 108,109호 (성수동1가, 현대상가아파트)",1912634307,담바골,서울 성동구 상원길 42,130.0,matched,28.0,matched,0
3030000-101-2000-06934,아지트,서울특별시 성동구 성덕정길 118 (성수동2가),1885823848,아지트카페,서울 성동구 금호산길 56-1,16.0,rejected_other_branch,12.0,matched_addr_query,0
3030000-101-2002-00006,멕시칸치킨,,38228546,멕시칸치킨 행당극동점,서울 성동구 난계로 67,249.0,rejected_other_branch,30.0,matched_addr_query,0
3030000-101-2019-00415,오므오트,"서울특별시 성동구 서울숲2길 12, 지1층 (성수동1가)",1538483424,OMOT 오므오트,서울 성동구 서울숲2길 12,221.0,matched,30.0,matched,0
3030000-101-2013-00152,이조순대국,"서울특별시 성동구 자동차시장1길 70, A동 지하1층 나열 25,26호 (용답동)",1713629864,이조순대국,서울 성동구 자동차시장1길 70,95.0,matched,30.0,matched,0
3030000-101-1997-04399,한신포차 한양대점,서울특별시 성동구 마조로1가길 16 (행당동),1904316738,한신포차 한양대점,서울 성동구 마조로1가길 16,49.0,matched,23.0,matched,0
3030000-101-2013-00194,노을,"서울특별시 성동구 성수이로 126, 지상1층 (성수동2가)",2007940366,노을의회복공간 성수,서울 성동구 연무장7가길 10-1,30.0,rejected_other_branch,30.0,matched_addr_query,0
3030000-101-2019-00361,이태리차차,"서울특별시 성동구 연무장길 14-5, 1층 (성수동1가)",1389336969,이태리차차 성수,서울 성동구 연무장길 14-5,2007.0,matched,30.0,matched,0
3030000-101-2004-00290,크우익가든,"서울특별시 성동구 고산자로2길 4-1 (응봉동,(1층))",17905723,크우익가든,서울 성동구 고산자로2길 4-1,886.0,matched,28.0,matched,0
3030000-101-2009-00064,그린웰빙한식부페,"서울특별시 성동구 동일로 143 (성수동2가,대우1차상가동120호,125호)",18789562,그린웰빙한식부페,서울 성동구 동일로 143,212.0,matched,30.0,matched,0
3030000-101-2014-00181,일미리금계찜닭 텐즈힐점,"서울특별시 성동구 마장로 137, 221동 2층 134호 (상왕십리동, 왕십리뉴타운제2구역 텐즈힐아파트상가)",1892696591,일미리금계찜닭 텐즈힐점,서울 성동구 상왕십리동 96-24,211.0,rejected_other_branch,30.0,matched_addr_query,0
3030000-101-2019-00262,텐페이지(cafe 10PAGE),"서울특별시 성동구 마조로 47, 1층 (행당동)",32489985,텐페이지 한양대점,서울 성동구 마조로1가길 6,155.0,rejected_other_branch,27.0,matched_addr_query,0
3030000-101-2010-00121,한우생고기전문점 잭(JACK),"서울특별시 성동구 독서당로 187, 옥수동극동아파트 상가동 지하1층 009호, 010호 (옥수동)",1309070763,한우생고기전문점 잭,서울 성동구 독서당로 187,124.0,matched,29.0,matched,0
3030000-101-2012-00095,한우마을,"서울특별시 성동구 고산자로24길 11, 2층 (마장동, 509-11)",31036775,한우마을,서울 성동구 고산자로24길 11,3828.0,matched,29.0,matched,0
3030000-101-2019-00440,화로구이,"서울특별시 성동구 마장로 315, C동 지하1,1,2층 (마장동)",87825194,화로구이 마장점,서울 성동구 마장로 315,2604.0,matched,30.0,matched,1
3030000-101-2007-00233,온달왕족발,"서울특별시 성동구 장터길 37 (금호동3가,지상1층)",20896274,온달왕족발,서울 성동구 장터길 37,115.0,matched,30.0,matched,0
3030000-101-2015-00037,대원참숯구이,서울특별시 성동구 왕십리로28길 8 (도선동),38246044,대원참숯구이,서울 성동구 왕십리로28길 8,150.0,matched,30.0,matched,0
3030000-101-2020-00062,넘버파이브,"서울특별시 성동구 왕십리로4길 28-2, 지하1층 (성수동1가)",1420689179,넘버파이브,서울 성동구 왕십리로4길 28-2,152.0,matched,30.0,matched,0
3030000-101-2019-00169,오뜨로,"서울특별시 성동구 뚝섬로1길 31, 서울숲  M타워 1층 101호 (성수동1가)",1342697539,오뜨로 성수,서울 성동구 뚝섬로1길 31,4897.0,matched,30.0,matched,0
3030000-101-2018-00269,아비꼬(성수역점),"서울특별시 성동구 연무장5가길 25, 1층 117호 (성수동2가)",1282575816,아비꼬 성수역점,서울 성동구 연무장5가길 25,727.0,matched,27.0,matched,0
3030000-101-2014-00172,귀한족발 왕십리점,"서울특별시 성동구 무학로2길 43, 1층 (도선동)",1776060654,귀한족발 왕십리점,서울 성동구 무학로2길 43,381.0,matched,29.0,matched,0
3030000-101-2016-00115,일로(ILLO),"서울특별시 성동구 상원길 66, 1층 (성수동1가)",1236719704,메가MGC커피 성수일로점,서울 성동구 성수일로 39,2343.0,rejected_other_branch,30.0,matched_addr_query,0
3030000-101-1986-05860,뚱이감자탕,"서울특별시 성동구 장터3길 8, 비01호 (금호동3가, 영화빌라)",36637008,뚱이감자탕,서울 성동구 장터3길 8,94.0,matched,30.0,matched,0
3030000-101-2020-00190,로우커피스탠드,"서울특별시 성동구 연무장길 94, 1층 (성수동2가)",1168698330,로우커피스탠드,서울 성동구 왕십리로4길 28-2,1442.0,rejected_other_branch,30.0,matched_addr_query,0
3030000-101-1995-02493,비어오크,서울특별시 성동구 마장로 296 (마장동),1402315922,비어오크 마장점,서울 성동구 마장로 296,167.0,matched,30.0,matched,0
3030000-101-2019-00011,어니언(onion),"서울특별시 성동구 아차산로9길 8, 1,2층 (성수동2가)",38561949,어니언 성수,서울 성동구 아차산로9길 8,4724.0,matched,29.0,matched,0
3030000-101-2020-00090,목금,"서울특별시 성동구 왕십리로2길 34, 1층 (성수동1가)",1929081727,목금,서울 성동구 왕십리로2길 34,1222.0,matched,30.0,matched,0
3030000-101-2015-00259,서울의 닭,"서울특별시 성동구 마조로 21, 2층 (행당동)",687236163,서울의닭,서울 성동구 마조로 21,73.0,matched,30.0,matched,0
3030000-101-2004-00104,왕십리연탄집,"서울특별시 성동구 무학로6길 51 (홍익동,(지상1층))",1146398059,왕십리연탄집,서울 성동구 무학로6길 51,1474.0,matched,29.0,matched,0
3030000-101-2011-00174,의정부부대찌개,"서울특별시 성동구 왕십리로 217 (행당동,지상1층)",1728218476,의정부부대찌개,서울 성동구 자동차시장1길 39,237.0,rejected_other_branch,26.0,matched_addr_query,0
3030000-101-1995-03535,굽네치킨 한양대 마장점,"서울특별시 성동구 마조로5길 4, 2층 (행당동)",1545605411,굽네치킨 한양대마장점,서울 성동구 마조로5길 4,9.0,matched,8.0,matched,0
3030000-101-2013-00195,Mr박의돈워리,"서울특별시 성동구 청계천로 494, 121동 지상1층 110호 (하왕십리동)",35451955,Mr박의돈워리,서울 성동구 청계천로 494,897.0,matched,29.0,matched,0
3030000-101-2019-00010,윌로커피,"서울특별시 성동구 독서당로 270, 금호동 대우아파트 상가동 4층 403호 (금호동4가)",1169290573,윌로커피,서울 성동구 독서당로 270,65.0,matched,29.0,matched,0
3030000-101-2001-06776,은좌식당,서울특별시 성동구 왕십리로 330 (도선동),21575985,은좌식당,서울 성동구 왕십리로 330,958.0,matched,29.0,matched,0
3030000-101-2009-00110,치킨매니아,"서울특별시 성동구 고산자로2길 10-4 (응봉동,외1필지 로얄펠리스 101호(지상1층))",13147896,치킨매니아 응봉점,서울 성동구 고산자로2길 10-4,322.0,matched,29.0,matched,0
3030000-101-2014-00162,바오밥 커피 로스터스(BAOBAB COFFEE ROASTERS),"서울특별시 성동구 마장로26길 9, 1층 101호 (홍익동)",36342939,바오밥 커피 로스터스,서울 성동구 마장로26길 9,235.0,matched,29.0,matched,0
3030000-101-2003-00064,스마일,"서울특별시 성동구 금호로1길 43 (금호동4가,(지상1층))",17899114,스마일즉석떡볶이,서울 성동구 마조로 39,746.0,rejected_other_branch,28.0,matched_addr_query,0
3030000-101-2000-06491,소설옥,서울특별시 성동구 독서당로 296-11 (금호동4가),1105589679,소설옥 금남시장점,서울 성동구 독서당로 296-11,735.0,matched,27.0,matched,0
3030000-101-1994-05346,청춘극장,서울특별시 성동구 행당로 112-5 (행당동),13201870,청춘극장 행당직영점,서울 성동구 행당로 112-5,1507.0,matched,30.0,matched,0
3030000-101-2016-00217,만족오향족발 금호점,"서울특별시 성동구 금호로 54, 3층 (금호동1가)",38491830,만족오향족발 금호점,서울 성동구 금호로 54,101.0,matched,30.0,matched,0
3030000-101-2012-00053,남다른본가 닭한마리,"서울특별시 성동구 연무장7길 12, 2층 201호 (성수동2가, 315-70)",1979381744,남다른본가닭한마리 성수점,서울 성동구 연무장7길 12,470.0,matched,30.0,matched,0
3030000-101-2020-00360,서오릉피자,"서울특별시 성동구 마장로 137, 221동 1층 1102호 (상왕십리동, 텐즈힐)",1533295222,서오릉피자 왕십리뉴타운점,서울 성동구 마장로 137,1345.0,matched,30.0,matched,0
3030000-101-2020-00228,구펠,"서울특별시 성동구 왕십리로14길 30-1, 지하1,2층 (성수동1가)",1411397842,구펠 뚝섬,서울 성동구 왕십리로14길 30-1,886.0,matched,29.0,matched,0
3030000-101-2009-00199,금호족발,"서울특별시 성동구 장터5길 1 (금호동3가,(지상1층))",37244217,금호족발보쌈,서울 성동구 장터5길 1,172.0,matched,30.0,matched,0
3030000-101-2007-00213,한마음왕족발 본점,"서울특별시 성동구 독서당로 293-8 (금호동3가,지상1층)",37793605,한마음왕족발,서울 성동구 하왕십리동 무학봉15가길 7,285.0,rejected_other_branch,30.0,matched_addr_query,0
3030000-101-2020-00094,카츠연가,"서울특별시 성동구 연무장길 41-22, 지하1층 (성수동2가)",2091283673,카츠연가 성수,서울 성동구 연무장길 41-22,763.0,matched,29.0,matched,0
3030000-101-2018-00344,술있는 식탁,"서울특별시 성동구 왕십리로10길 18, 지층 (성수동1가)",1896487329,술있는식탁 성수본점,서울 성동구 왕십리로10길 18,1484.0,matched,26.0,matched,0
3030000-101-2003-00063,광주식당,"서울특별시 성동구 성수일로12길 15-1 (성수동2가,(지상1층))",1105697818,광주식당,서울 성동구 성수일로12길 15-1,43.0,matched,17.0,matched,0
3030000-101-2019-00377,차만다,"서울특별시 성동구 서울숲2길 28-12, 1층 (성수동1가)",1208605190,차만다 성수,서울 성동구 서울숲2길 28-12,3304.0,matched,29.0,matched,0
3030000-101-2014-00201,궁중한우,"서울특별시 성동구 마장로29길 40, 1층 (마장동)",1155871552,궁중한우,서울 성동구 마장로29길 40,15.0,matched,0.0,matched,0
3030000-101-2018-00333,길동우동(금호점),"서울특별시 성동구 장터길 33, 1층 101호 (금호동3가)",1467157943,길동우동 금호점,서울 성동구 장터길 33,846.0,matched,30.0,matched,0
3030000-101-2019-00213,못생긴 나무가 숲을 지킨다,"서울특별시 성동구 마장로39길 33, 1층 (마장동)",1010120540,못생긴나무가숲을지킨다,서울 성동구 마장로39길 33,123.0,matched,30.0,matched,0
3030000-101-2006-00228,오가네숯불꼼장어,"서울특별시 성동구 상원6길 4 (성수동1가, 성수1가 13-332 지상1층)",1562051107,오가네숯불곰장어,서울 성동구 상원6길 4,55.0,matched,27.0,matched,0
3030000-101-2014-00367,럼프슈가(Lump Sugar),"서울특별시 성동구 용답29길 28, 1층 (용답동)",1748365269,럼프슈가,서울 성동구 용답29길 28,38.0,matched,26.0,matched,0
3030000-101-2013-00048,김가네서울숲IT밸리점,"서울특별시 성동구 성수일로 77, 지상1층 107호 (성수동1가, 13-164 서울숲IT밸리)",33771312,김가네 서울숲IT밸리점,서울 성동구 성수일로 77,406.0,matched,28.0,matched,0
3030000-101-1988-05280,황소곱창,서울특별시 성동구 마조로5길 3 (행당동),12054254,황소곱창,서울 성동구 마조로5길 3,416.0,matched,29.0,matched,0
3030000-101-2019-00429,등촌샤브칼국수 성수점,"서울특별시 성동구 성수이로7가길 6, 1층 (성수동2가)",1397323512,등촌샤브칼국수 성수점,서울 성동구 성수이로7가길 6,1007.0,matched,28.0,matched,0
3030000-101-1998-04292,시골밥상,서울특별시 성동구 둘레9가길 36 (성수동1가),18788391,시골밥상,서울 성동구 둘레9가길 36,29.0,matched,18.0,matched,0
3030000-101-1992-05724,푸른바다,서울특별시 성동구 무학로2나길 28 (도선동),1319994088,푸른바다,서울 성동구 무학로2나길 28,731.0,matched,29.0,matched,0
3030000-101-2002-00120,나루,"서울특별시 성동구 마장로 321 (마장동,1층)",1200561825,브루나루커피바,서울 성동구 동일로59가길 1,46.0,rejected_other_branch,30.0,matched_addr_query,0
3030000-101-2021-00052,정희네 고깃집,"서울특별시 성동구 성덕정17길 9, 1층 (성수동2가)",1863450072,정희네고깃집,서울 성동구 성덕정17길 9,8.0,matched,7.0,matched,0
3030000-101-2011-00139,포레드뮤,"서울특별시 성동구 무학봉길 93-1 (하왕십리동,(지상1층))",20596978,포레드뮤,서울 성동구 무학봉길 93-1,261.0,matched,27.0,matched,0
3030000-101-2015-00168,두레통닭,"서울특별시 성동구 사근동길 68, 지상1층 (사근동)",2045364073,두레통닭 한양여대점,서울 성동구 사근동길 68,6.0,matched,6.0,matched,0
3030000-101-1996-02269,뚝섬김밥,서울특별시 성동구 상원길 24 (성수동1가),1490387726,뚝섬김밥,서울 성동구 상원길 24,489.0,matched,30.0,matched,0
3030000-101-2019-00334,마포설농탕,"서울특별시 성동구 성수일로 9, 1층 (성수동1가)",1696809058,마포설농탕,서울 성동구 성수일로 9,333.0,matched,27.0,matched,0
3030000-101-2003-00047,노바,"서울특별시 성동구 금호산길 58 (금호동2가,(지상2층))",33876237,노바일식,서울 성동구 금호산길 58,96.0,matched,29.0,matched,0
3030000-101-2003-00287,성원맛가,"서울특별시 성동구 아차산로15길 10 (성수동2가,(112,113호))",36865634,성원맛가,서울 성동구 아차산로15길 10,140.0,matched,30.0,matched,0
3030000-101-2018-00312,굽네치킨 왕십리뉴타운점,"서울특별시 성동구 왕십리로 410, L동 111호 (하왕십리동, 센트라스)",1230690849,굽네치킨 왕십리뉴타운,서울 성동구 왕십리로 410,44.0,matched,30.0,matched,0
3030000-101-2007-00245,육성,"서울특별시 성동구 무학봉길 97 (하왕십리동,지상1층)",1053923689,육성,서울 성동구 무학봉길 97,865.0,matched,30.0,matched,0
3030000-101-1998-01554,함흥냉면전문점,서울특별시 성동구 무학봉16길 1 (하왕십리동),1226530291,함흥냉면전문점,서울 성동구 무학봉16길 1,221.0,matched,26.0,matched,0
3030000-101-1997-04525,이찌방이야기 한양대점,서울특별시 성동구 마조로5길 10 (행당동),1221123020,이찌방이야기 한양대점,서울 성동구 마조로5길 10,2760.0,matched,30.0,matched,0
3030000-101-2018-00085,유메이규,"서울특별시 성동구 왕십리로4길 13-1, 1층 102호 (성수동1가)",1582730850,유메이규,서울 성동구 왕십리로4길 13-1,87.0,matched,30.0,matched,0
3030000-101-2002-00223,불꽃,"서울특별시 성동구 성덕정길 132 (성수동2가,(지상1층))",17924357,불꽃,서울 성동구 성덕정길 132,,matched,0.0,matched,0
3030000-101-2008-00172,다락김밥,"서울특별시 성동구 마조로 39 (행당동,지상1층)",1427679065,다락김밥,서울 성동구 마조로 39,24.0,matched,24.0,matched,0
3030000-101-2006-00154,우동가조쿠,"서울특별시 성동구 왕십리로 215-1 (행당동,지상2층)",32417257,우동가조쿠,서울 성동구 왕십리로 215-1,1695.0,matched,30.0,matched,0
3030000-101-2003-00392,예바다,"서울특별시 성동구 성수일로10길 26, 하우스디 세종타워 상가동 1층 110호 (성수동2가)",1424938071,예바다,서울 성동구 성수일로10길 26,437.0,matched,27.0,matched,0
3030000-101-1990-02342,굿누리,서울특별시 성동구 성덕정17길 7 (성수동2가),1735005754,굿누리호프,서울 성동구 성덕정17길 7,,matched,0.0,matched,0
3030000-101-2008-00187,강남빈대떡,"서울특별시 성동구 성덕정15길 5 (성수동2가,지상1층(성동상가길 26 ))",1267437674,강남빈대떡,서울 성동구 성덕정15길 5,120.0,matched,29.0,matched,0
3030000-101-2002-00108,혜원소곱창,서울특별시 성동구 마조로7길 15 (행당동),1285439261,혜원소곱창,서울 성동구 마조로7길 15,399.0,matched,30.0,matched,0
3030000-101-2002-00284,응봉참숯생소금구이,"서울특별시 성동구 독서당로62길 4 (응봉동,(지상2층))",996967124,응봉참숯생소금구이,서울 성동구 독서당로62길 4,237.0,matched,30.0,matched,0
3030000-101-1997-04603,혁신풍천민물장어 서울숲점,서울특별시 성동구 왕십리로 66-26 (성수동1가),1889680957,혁신풍천민물장어 서울숲점,서울 성동구 왕십리로 66-26,171.0,matched,30.0,matched,0
3030000-101-1993-05393,우기식당 바다점 왕십리점,서울특별시 성동구 마조로5길 4-11 (행당동),2080492212,우기식당 바다점 왕십리점,서울 성동구 마조로5길 4-11,1088.0,matched,29.0,matched,0
3030000-101-2017-00170,우땅,"서울특별시 성동구 살곶이길 346, 1층 (행당동)",1059902020,우땅 본점,서울 성동구 살곶이길 346,140.0,matched,28.0,matched,0
3030000-101-2016-00126,진국해장국,"서울특별시 성동구 성덕정15길 6-59, 1층 (성수동2가)",1687901997,진국해장국,서울 성동구 성덕정15길 6-59,55.0,matched,28.0,matched,0
3030000-101-2012-00180,신의주찹쌀순대,"서울특별시 성동구 독서당로40길 39, 지하2층 208,217호 (옥수동, 560 어울림상가)",1264072673,신의주찹쌀순대 왕십리직영점,서울 성동구 마장로 137,2901.0,rejected_other_branch,29.0,matched_addr_query,0
3030000-101-2015-00044,사흘카레,"서울특별시 성동구 아차산로15길 10, 성원상떼뷰오피스텔 108,109호 (성수동2가)",1023627703,사흘카레 성수역점,서울 성동구 아차산로15길 10,82.0,matched,0.0,matched,0
3030000-101-2012-00075,고기복,"서울특별시 성동구 청계천로10나길 79, 지상2층 (마장동, 474-6)",1047633147,고기복,서울 성동구 청계천로10나길 77,6.0,matched_road,2.0,matched_road,0
3030000-101-2018-00234,못말리는 우동,"서울특별시 성동구 용답19길 7, 1층 (용답동)",230386868,못말리는우동.모밀,서울 성동구 용답19길 7,288.0,matched,0.0,matched,0
3030000-101-2012-00049,짬봉타운,"서울특별시 성동구 성수이로 54, 지상1층 (성수동2가, 326-4)",31394620,짬뽕타운,서울 성동구 성수이로 54,428.0,matched,0.0,matched,0
3030000-101-2019-00082,금호모소리,"서울특별시 성동구 장터길 32, 1층 (금호동4가)",1237621083,금호모소리,서울 성동구 장터길 32,1630.0,matched,30.0,matched,0
3030000-101-2017-00029,나누리잡화점,"서울특별시 성동구 연무장길 47, 1층 (성수동2가)",1825879809,나누리잡화점,서울 성동구 연무장길 47,714.0,matched,29.0,matched,0
3030000-101-1999-06153,김밥마루,"서울특별시 성동구 행당로 87, 대림리빙프라자 지하2층 B204호 (행당동)",35701667,김밥마루,서울 성동구 행당로9길 43,531.0,rejected_other_branch,29.0,matched_addr_query,0
3030000-101-2020-00255,역전할머니 맥주(답십리점),"서울특별시 성동구 용답19길 15-1, 1층 (용답동)",1941169644,역전할머니맥주 서울한양대점,서울 성동구 마조로 15-2,63.0,rejected_other_branch,29.0,matched_addr_query,0
3030000-101-2015-00040,치킨 노가리,서울특별시 성동구 무학로 20-1 (홍익동),36480750,치킨노가리,서울 성동구 무학로 20-1,131.0,matched,28.0,matched,0
3030000-101-1998-04075,착한짜장,서울특별시 성동구 아차산로7길 17-1 (성수동2가),20869192,착한짜장,서울 성동구 아차산로7길 17-1,890.0,matched,29.0,matched,0
3030000-101-2013-00078,원할머니보쌈.족발 성수점,"서울특별시 성동구 성수이로7길 7, 지상1층 101호 (성수동2가, 서울숲 한라시그마밸리)",36183735,원할머니보쌈족발 성수점,서울 성동구 성수이로7길 7,677.0,matched,28.0,matched,0
3030000-101-2004-00348,남원식당,"서울특별시 성동구 마장로39나길 22, 1층 (마장동)",1730136009,남원식당,서울 성동구 마장로39나길 22,10.0,matched,0.0,matched,0
3030000-101-2012-00168,스시존,"서울특별시 성동구 마조로7길 4, 1층 (행당동, 1-99)",1218231734,스시존,서울 성동구 마조로7길 4,532.0,matched,28.0,matched,0
3030000-101-2017-00353,베쌀집,"서울특별시 성동구 장터길 27-1, 1층 (금호동3가)",1017044179,베쌀집 금호본점,서울 성동구 장터길 27-1,1265.0,matched,28.0,matched,0
3030000-101-2016-00013,사흘카레,"서울특별시 성동구 상원4길 4, 2층 (성수동1가)",37642721,사흘카레,서울 성동구 상원길 38-1,299.0,rejected_other_branch,26.0,matched_addr_query,0
3030000-101-2020-00559,까치화방 성수낙낙점,"서울특별시 성동구 아차산로17길 48, 성수 SK V1 CENTER I 1층 R116,R117호 (성수동2가)",1115306852,까치화방 성수낙낙점,서울 성동구 아차산로17길 48,2549.0,matched,30.0,matched,0
3030000-101-2008-00037,골목전집,"서울특별시 성동구 무학봉26길 12 (행당동, 290-21 지상1층)",1504847024,골목전집,서울 성동구 무학봉26길 12,263.0,matched,30.0,matched,0
3030000-101-2005-00009,한마음족발,"서울특별시 성동구 무학봉15가길 7, 1층 (하왕십리동)",37793605,한마음왕족발,서울 성동구 하왕십리동 무학봉15가길 7,285.0,matched,30.0,matched,0
3030000-101-2016-00177,금이네,"서울특별시 성동구 무수막길 88-1, 1층 (금호동2가)",1061207772,금이네,서울 성동구 무수막길 88-1,48.0,matched,25.0,matched,0
3030000-101-2019-00123,남도순대국,"서울특별시 성동구 마조로 9, 1층 (행당동)",1346928498,남도순대국,서울 성동구 마조로 9,390.0,matched,27.0,matched,0
3030000-101-1994-05864,진미곱창,서울특별시 성동구 장터길 47 (금호동3가),32625322,진미곱창,서울 성동구 장터길 47,360.0,matched,30.0,matched,0
3030000-101-2020-00057,잠수교집,"서울특별시 성동구 아차산로 137, 1층 (성수동2가)",1920277706,잠수교집 성수 직영점,서울 성동구 아차산로 137,1960.0,matched,27.0,matched,0
3030000-101-1989-05748,참존숯불바베큐,서울특별시 성동구 왕십리로24길 35-1 (홍익동),1793246497,참존숯불바베큐 왕십리점,서울 성동구 왕십리로24길 35-1,83.0,matched,29.0,matched,0
3030000-101-1984-05622,토끼와거북전,서울특별시 성동구 아차산로 116 (성수동2가),1250011132,토끼와거북전,서울 성동구 아차산로 116,581.0,matched,27.0,matched,0
3030000-101-1995-05851,이디야 커피,"서울특별시 성동구 금호산길 64, 지상1층 (금호동2가)",31316669,이디야커피 옥수동점,서울 성동구 매봉길 12,181.0,rejected_other_branch,29.0,matched_addr_query,0
3030000-101-2017-00322,개인카페,"서울특별시 성동구 행당로 112, 1층 (행당동)",1380090445,행당개인카페,서울 성동구 행당로 112,443.0,matched,28.0,matched,0
3030000-101-2007-00057,이모네즉석김밥,"서울특별시 성동구 마장로35나길 37 (마장동,지상1층)",1146453619,이모네즉석김밥 마장본점,서울 성동구 마장로35나길 37,217.0,matched,30.0,matched,0
3030000-101-2020-00361,더챕터(The chapter),"서울특별시 성동구 서울숲4길 20-1, 지하1층 (성수동1가)",1041029877,어바웃더챕터,서울 성동구 서울숲4길 20-1,148.0,matched,29.0,matched,0
3030000-101-2019-00396,고기다 성수점,"서울특별시 성동구 성수일로12길 20, 1층 102호 (성수동2가)",1035885423,고기다 성수점,서울 성동구 성수일로12길 20,499.0,matched,26.0,matched,0
3030000-101-2006-00238,목포꽃게아구,"서울특별시 성동구 마장로 325 (마장동,지상2층)",1300864143,목포꽃게아구찜,서울 성동구 마장로 331,453.0,matched_road,27.0,matched_road,0
3030000-101-2020-00556,레드브릭 스모크 하우스,"서울특별시 성동구 성덕정길 52-1, 1층 (성수동1가)",1240751815,레드브릭스모크하우스 성수,서울 성동구 성덕정길 52-1,148.0,matched,29.0,matched,0
3030000-101-2016-00337,치카이라멘,"서울특별시 성동구 한림말3길 15-16, 1층 (옥수동, 대건속셈학원)",291011604,치카이라멘,서울 성동구 한림말3길 15-16,2384.0,matched,29.0,matched,0
3030000-101-2021-00019,뚝도 양조장,"서울특별시 성동구 왕십리로4길 26-6, 1층 (성수동1가)",1656286381,뚝도양조장,서울 성동구 왕십리로4길 26-6,41.0,matched,29.0,matched,0
3030000-101-2003-00124,부성식당,"서울특별시 성동구 왕십리로28길 4, 1층 (도선동)",1020624654,부성식당 아구찜&amp;철판낙지,서울 성동구 왕십리로28길 4,182.0,matched,30.0,matched,0
3030000-101-2004-00094,굴과찜사랑,"서울특별시 성동구 행당로17길 23 (행당동, 행당동 298-50 지상1층)",18775943,굴과찜사랑 본점,서울 성동구 행당로17길 23,772.0,matched,27.0,matched,0
3030000-101-2000-06622,메이게츠 한양대,"서울특별시 성동구 마조로7길 4-6 (행당동, 행당동 1-98)",1215958859,메이게츠 한양대,서울 성동구 마조로7길 4-6,1243.0,matched,30.0,matched,0
3030000-101-2017-00299,메시(MESI),"서울특별시 성동구 상원2길 3, 1층 (성수동1가)",1085443604,메시,서울 성동구 상원2길 3,1140.0,matched,30.0,matched,0
3030000-101-2019-00083,레이더(radar),"서울특별시 성동구 연무장길 39-29, 지하1,1,2,층 (성수동2가)",1525007973,레이더 성수,서울 성동구 연무장길 39-29,1290.0,matched,28.0,matched,0
3030000-101-1986-05356,감성호프,서울특별시 성동구 왕십리로22길 6 (도선동),1923780184,감성호프,서울 성동구 왕십리로22길 6,1441.0,matched,30.0,matched,0
3030000-101-2008-00175,맛나식당,"서울특별시 성동구 자동차시장1길 70, 지하1층 B호 (용답동, 비동 지하나 19,56호)",1089173705,맛나식당,서울 성동구 자동차시장1길 70,6.0,matched,3.0,matched,0
3030000-101-2016-00259,후라이드 참 잘하는집,"서울특별시 성동구 성덕정길 32, 1층 (성수동1가)",2076830086,후라이드참잘하는집 왕십리행당점,서울 성동구 왕십리로24길 27-1,6.0,rejected_other_branch,0.0,matched_addr_query,0
3030000-101-2020-00363,이키나리 돈부리,"서울특별시 성동구 아차산로7길 36, 1층 1-1(나)호 (성수동2가)",1915627382,이키나리돈부리,서울 성동구 아차산로7길 36,296.0,matched,24.0,matched,0
3030000-101-2019-00196,엘더(Elder),"서울특별시 성동구 서울숲2길 40-7, 1층 (성수동1가)",1774193810,엘더버거 성수,서울 성동구 서울숲2길 40-7,5717.0,matched,29.0,matched,1
3030000-101-2017-00160,오레노카츠,"서울특별시 성동구 성수일로 47, 1층 102호 (성수동1가)",1380430757,오레노카츠 성수본점,서울 성동구 성수일로 47,7369.0,matched,30.0,matched,0
3030000-101-2016-00218,동네언니,"서울특별시 성동구 장터길 38-1, 지하3층 (금호동4가)",1028931336,동네언니,서울 성동구 장터길 38-1,112.0,matched,30.0,matched,0
3030000-101-2004-00295,정궁,"서울특별시 성동구 무학로10길 29 (홍익동,(1층))",17891252,정궁,서울 성동구 무학로10길 29,24.0,matched,11.0,matched,0
3030000-101-2000-06446,장모님 밥상,"서울특별시 성동구 아차산로15길 10 (성수동2가,(106호))",2066211501,장모님밥상,서울 성동구 아차산로15길 10,22.0,matched,16.0,matched,0
3030000-101-2004-00357,용답깨비곱창,"서울특별시 성동구 용답19길 5 (용답동,(1층))",1443457960,용답깨비곱창,서울 성동구 용답19길 5,88.0,matched,30.0,matched,0
3030000-101-2015-00296,바르미 스시샤브 왕십리점,"서울특별시 성동구 왕십리광장로 17, 4층 (행당동, 왕십리민자역사)",1846049668,바르미스시샤브 왕십리점,서울 성동구 왕십리광장로 17,2214.0,matched,30.0,matched,0
3030000-101-2009-00222,종가빈대떡,"서울특별시 성동구 아차산로 20 (성수동1가,지상1층)",18784950,종가빈대떡,서울 성동구 아차산로 20,88.0,matched,30.0,matched,0
3030000-101-2018-00174,차차네 김볶,"서울특별시 성동구 행당로 133, 지하1층 (행당동)",1589450339,차차네김볶,서울 성동구 행당로 133,9.0,matched,4.0,matched,0
3030000-101-1986-03436,한강,서울특별시 성동구 성덕정길 54 (성수동1가),1893289241,한강,서울 성동구 성덕정길 54,12.0,matched,6.0,matched,0
3030000-101-2016-00004,야마타니 우동,"서울특별시 성동구 왕십리로21길 11, 1층 (행당동)",1832820756,야마타니우동,서울 성동구 왕십리로21길 11,697.0,matched,29.0,matched,0
3030000-101-2019-00345,금룡2호점,"서울특별시 성동구 마조로 21, 2층 4호 (행당동)",1702222471,금룡,서울 성동구 마조로 21,487.0,matched,25.0,matched,1
3030000-101-2019-00133,퍼프아웃(Puff out),"서울특별시 성동구 연무장길 84, 1층 (성수동2가)",1925823702,퍼프아웃,서울 성동구 연무장길 84,885.0,matched,29.0,matched,0
3030000-101-2012-00193,스텀필즈커피 성수점,"서울특별시 성동구 성수이로 147, 지상1층 104호 (성수동2가, 289-319 아이에스비즈타워)",1765995009,스텀필즈커피 성수,서울 성동구 성수이로 147,1185.0,matched,6.0,matched,0
3030000-101-1983-05269,주식회사 레노스,서울특별시 성동구 고산자로 202 (행당동),13355252,레노스블랑쉬웨딩홀,서울 성동구 고산자로 202,40.0,matched,26.0,matched,1
3030000-101-1983-06331,제일식당,서울특별시 성동구 마조로 21 (행당동),31729763,제일식당,서울 성동구 자동차시장1길 70,35.0,rejected_other_branch,9.0,matched_addr_query,0
3030000-101-1998-04373,싸부의가르침,서울특별시 성동구 왕십리로 363 (하왕십리동),1314200579,싸부의가르침,서울 성동구 왕십리로 363,200.0,matched,18.0,matched,0
3030000-101-2020-00578,철판오사카야 성수점,"서울특별시 성동구 왕십리로10길 15, 2층 (성수동1가)",1570930440,철판오사카야 성수점,서울 성동구 왕십리로10길 15,628.0,matched,30.0,matched,0
3030000-101-2013-00242,겨울연가,"서울특별시 성동구 마장로 199, 지상1층 (홍익동)",1928218630,겨울연가,서울 성동구 마장로 199,16.0,matched,0.0,matched,0
3030000-101-2013-00123,파머스카페,"서울특별시 성동구 왕십리로6길 11, 지상1층 (성수동1가)",37471718,파머스카페,서울 성동구 왕십리로6길 11,3308.0,matched,29.0,matched,0
3030000-101-2016-00040,컴포즈커피 서울숲한라시그마밸리점,"서울특별시 성동구 뚝섬로 385-32, 1층 (성수동2가)",2065189050,컴포즈커피 서울숲한라시그마밸리점,서울 성동구 뚝섬로 385-32,4.0,matched,0.0,matched,0
3030000-101-2020-00262,코트사이드,"서울특별시 성동구 아차산로13길 2, 3층 (성수동2가)",1471112751,코트사이드,서울 성동구 아차산로13길 2,269.0,matched,30.0,matched,0
3030000-101-2018-00192,스시도쿠 왕십리본점,"서울특별시 성동구 왕십리광장로 6, 1층 (행당동)",1018113545,스시도쿠 겐 왕십리본점,서울 성동구 왕십리로 295,2223.0,rejected_other_branch,30.0,matched_addr_query,0
3030000-101-2005-00276,육초연 한양대점,"서울특별시 성동구 마조로1길 40-1 (행당동,(지상1층))",1554792983,육초연 한양대점,서울 성동구 마조로1길 40-1,702.0,matched,30.0,matched,0
3030000-101-1996-05208,조은세상,"서울특별시 성동구 고산자로 337-1, 1층 (마장동)",1212645843,조은세상호프,서울 성동구 고산자로 337-1,140.0,matched,28.0,matched,0
3030000-101-2003-00018,옛고을,"서울특별시 성동구 고산자로6가길 36 (행당동,(지상1층))",18777566,옛고을오리훈제,서울 성동구 고산자로6가길 36,144.0,matched,29.0,matched,0
3030000-101-2018-00208,카페그린(CAFE GREEN),"서울특별시 성동구 왕십리로 410, J동 1층 107호 (하왕십리동, 센트라스)",840259434,카페그린 신당,서울 성동구 왕십리로 410,493.0,matched,30.0,matched,0
3030000-101-2017-00296,일품 양평해장국,"서울특별시 성동구 왕십리로24나길 8, 1층 102호 (도선동)",2085431451,일품양평해장국 뚝섬역점,서울 성동구 아차산로 49,102.0,rejected_other_branch,26.0,matched_addr_query,0
3030000-101-2003-00177,부대스토리,"서울특별시 성동구 마조로1가길 4 (행당동,(지상1층))",1503884631,부대스토리 한양대점,서울 성동구 마조로1가길 4,242.0,matched,30.0,matched,0
3030000-101-2013-00031,할머니냉면,"서울특별시 성동구 무수막길 84, 지상1층 (금호동2가)",20869034,할머니냉면,서울 성동구 무수막길 84,68.0,matched,15.0,matched,0
3030000-101-2012-00160,곱순이네,"서울특별시 성동구 왕십리로21길 10-1, 지상1층 (행당동, 286-44)",1735239321,곱순이네,서울 성동구 무학봉26길 12,1137.0,rejected_other_branch,30.0,matched_addr_query,0
3030000-101-2014-00027,잇쇼우,"서울특별시 성동구 상원10길 8-1, 1층 (성수동1가)",34582233,잇쇼우,서울 성동구 상원10길 8-1,72.0,matched,29.0,matched,0
3030000-101-2020-00544,원조장수촌,"서울특별시 성동구 장터길 35, 2층 (금호동3가)",1592357328,원조장수촌,서울 성동구 장터길 35,19.0,matched,17.0,matched,0
3030000-101-2021-00120,주향 양꼬치,"서울특별시 성동구 청계천로10나길 80, 1층 (마장동)",1321031272,주향양꼬치,서울 성동구 청계천로10나길 80,38.0,matched,19.0,matched,0
3030000-101-2015-00266,미소김밥,"서울특별시 성동구 무수막길 92, 1층 (금호동2가)",38283268,미소김밥,서울 성동구 무수막길 92,895.0,matched,24.0,matched,0
3030000-101-2007-00242,성수골,"서울특별시 성동구 성덕정15길 13-1 (성수동2가,(지상1층))",1258629724,성수골,서울 성동구 성덕정15길 13-1,24.0,matched,11.0,matched,0
3030000-101-2009-00236,오니기리와 이규동,"서울특별시 성동구 성수일로12길 34, 1층 101호 (성수동2가)",1710775445,오니기리와이규동 성수점,서울 성동구 성수일로12길 34,101.0,matched,27.0,matched,0
3030000-101-1999-00009,에이치스퀘어,서울특별시 성동구 마조로 22-2 (행당동),38325837,H스퀘어웨딩홀,서울 성동구 마조로 22-2,43.0,matched,30.0,matched,0
3030000-101-2003-00045,홍보석,"서울특별시 성동구 성덕정7길 13 (성수동1가,(지상1층))",17914604,홍보석,서울 성동구 성덕정7길 13,551.0,matched,28.0,matched,0
3030000-101-2019-00012,내고향정육점식당,"서울특별시 성동구 성덕정길 93, 뚝도시장 1층 (성수동2가)",13570949,내고향정육점식당,서울 성동구 성덕정길 93,85.0,matched,28.0,matched,0
3030000-101-2017-00321,그레이핍플 성수,"서울특별시 성동구 왕십리로 94-1, 1층 (성수동1가)",2045873840,그레이핍플 성수점,서울 성동구 왕십리로 94-1,139.0,matched,26.0,matched,0
3030000-101-1999-00172,우수,서울특별시 성동구 마장로 228-12 (홍익동),1218459852,우수컴퓨터,서울 성동구 성수이로6길 4-3,,rejected_other_branch,0.0,matched_addr_query,0
3030000-101-2013-00256,양평해장국,"서울특별시 성동구 용답19길 18, 지상1층 (용답동)",1709591457,양평해장국,서울 성동구 용답19길 18,414.0,matched,30.0,matched,0
3030000-101-2014-00154,청량리통골뱅이,"서울특별시 성동구 마장로39길 24, 1층 (마장동)",1828722362,청량리통골뱅이 마장점,서울 성동구 마장로39길 24,87.0,matched,28.0,matched,0
3030000-101-2015-00257,슈슈,"서울특별시 성동구 왕십리로21길 17, 1층 (행당동)",1903900286,슈슈닭강정,서울 성동구 왕십리로21길 17,44.0,matched,25.0,matched,0
3030000-101-1985-02915,리빠똥호프본점,"서울특별시 성동구 왕십리로 357, 1층,2층 (하왕십리동)",17889274,리빠똥 본점,서울 성동구 왕십리로 357,273.0,matched,28.0,matched,0
3030000-101-2001-06748,하동진,서울특별시 성동구 행당로17길 17 (행당동),1209701527,하동진,서울 성동구 행당로17길 17,1286.0,matched,29.0,matched,0
3030000-101-2021-00093,비아트성수,"서울특별시 성동구 아차산로5길 24-45, 2층 (성수동2가)",1251057335,비아트 성수,서울 성동구 아차산로5길 24-45,2650.0,matched,30.0,matched,0
3030000-101-2004-00020,한양포차,"서울특별시 성동구 마조로5길 4-5 (행당동,(지하1층))",1404516768,한양포차,서울 성동구 마조로5길 4-5,113.0,matched,30.0,matched,0
3030000-101-2017-00297,노랑통닭 왕십리점,"서울특별시 성동구 마장로 137, 221동 1층 1136호 (상왕십리동, 텐즈힐)",1367745821,노랑통닭 왕십리점,서울 성동구 마장로 137,526.0,matched,29.0,matched,0
3030000-101-2014-00269,성수설렁탕,"서울특별시 성동구 왕십리로 80-1, 지상1층 (성수동1가, 동아상가)",1218822421,신촌설렁탕,서울 성동구 왕십리로 80-1,165.0,matched,30.0,matched,0
3030000-101-2008-00058,강진식당,"서울특별시 성동구 마장로35나길 2 (마장동,지상1층(마장안길 57 ))",1818628800,강진식당,서울 성동구 마장로35나길 2,3.0,matched,2.0,matched,0
3030000-101-2005-00080,호호호닭발,"서울특별시 성동구 무학로2길 31 (도선동,(지상1층))",1887825070,호호호닭발,서울 성동구 무학로2길 31,294.0,matched,30.0,matched,0
3030000-101-2018-00160,홍능족발1977,"서울특별시 성동구 왕십리로 309, 왕십리역이스타빌 1층 107호 (행당동)",1916307955,홍능족발 왕십리,서울 성동구 왕십리로 309,1470.0,matched,30.0,matched,0
3030000-101-2018-00049,599버거 레이크 왕십리 직영점,"서울특별시 성동구 무학봉길 42-1, 지하1층~2층 (하왕십리동)",2093446342,599버거레이크 왕십리직영점,서울 성동구 무학봉길 42-1,142.0,matched,30.0,matched,0
3030000-101-2002-00296,사보르김밥용답점,"서울특별시 성동구 용답중앙15길 15 (용답동,(지상1층))",1798872711,사보르김밥 용답점,서울 성동구 용답중앙15길 15,699.0,matched,30.0,matched,0
3030000-101-1999-00046,연이네,서울특별시 성동구 광나루로11길 41 (송정동),1522058038,연이네,서울 성동구 광나루로11길 41,31.0,matched,0.0,matched,0
3030000-101-2012-00157,육연가,"서울특별시 성동구 독서당로40길 39, 지하2층 217,218-1호 (옥수동, 560 옥수어울림 근린생활시설동)",1998433594,육연가 옥수점,서울 성동구 독서당로40길 39,523.0,matched,29.0,matched,0
3030000-101-2003-00236,또래오래(행당점),"서울특별시 성동구 고산자로6가길 44 (행당동,(지상1층))",1164139418,또래오래 성수점,서울 성동구 뚝섬로 392,64.0,rejected_other_branch,29.0,matched_addr_query,0
3030000-101-2018-00319,양복점 성수점,"서울특별시 성동구 왕십리로4길 28-2, 1층 (성수동1가)",1930888437,양복점 성수점,서울 성동구 왕십리로4길 28-2,4632.0,matched,29.0,matched,0
3030000-101-2019-00117,우리집_밥,"서울특별시 성동구 성수이로 147, 아이에스비즈타워 지하1층 105호 (성수동2가)",1853630417,우리집밥,서울 성동구 성수이로 147,423.0,matched,29.0,matched,0
3030000-101-2001-06757,자유,"서울특별시 성동구 왕십리로20길 43 (홍익동, 홍익동 123-5 지상1층)",1594139704,소박한자유인,서울 성동구 독서당로 216,,rejected_other_branch,0.0,matched_addr_query,0
3030000-101-2009-00060,광주 서울곱창 왕십리역점,"서울특별시 성동구 왕십리로24길 3 (도선동, 도선동 253-5외2필지 지상1층)",2089024722,광주서울곱창 왕십리역점,서울 성동구 왕십리로24길 3,810.0,matched,29.0,matched,0
3030000-101-2014-00254,가조쿠식당,"서울특별시 성동구 왕십리로 213-1, 지상1층 (행당동)",37288667,가조쿠식당,서울 성동구 왕십리로 213-1,35.0,matched,12.0,matched,0
3030000-101-1983-03213,소담,서울특별시 성동구 왕십리로24길 5 (도선동),18771608,소담,서울 성동구 왕십리로24길 5,101.0,matched,28.0,matched,0
3030000-101-1991-04336,행당닭한마리,서울특별시 성동구 행당로17길 18 (행당동),20842036,행당닭한마리,서울 성동구 행당로17길 18,739.0,matched,27.0,matched,0
3030000-101-2009-00140,연탄구이집,"서울특별시 성동구 성수이로 32-5 (성수동2가,(지상1층))",1771303160,연탄구이집,서울 성동구 성수이로 32-5,69.0,matched,30.0,matched,0
3030000-101-2011-00069,띵똥와플,"서울특별시 성동구 마조로1길 32 (행당동,(지상1층))",33877169,띵똥와플 본점,서울 성동구 마조로1길 32,2552.0,matched,29.0,matched,0
3030000-101-2013-00197,왕이모밥상,"서울특별시 성동구 금호산2길 23, 지상1층 (금호동3가)",1252427017,왕이모밥상,서울 성동구 금호산2길 23,106.0,matched,29.0,matched,0
3030000-101-2012-00001,갈랭,"서울특별시 성동구 성수이로 51, 107A,B호 (성수동2가, 성수2가 325-2 서울숲한라시그마벨리107A,B호)",1366881849,갈랭 성수본점,서울 성동구 성수이로 51,456.0,matched,26.0,matched,0
3030000-101-2017-00289,컴포즈 성수카페거리점,"서울특별시 성동구 뚝섬로9길 20, 1층 (성수동2가)",1816957605,컴포즈커피 성수카페거리점,서울 성동구 뚝섬로9길 20,523.0,matched,29.0,matched,0
3030000-101-2015-00185,바나프레소 한양대,"서울특별시 성동구 마조로 25, 1층 (행당동)",2012699852,바나프레소 한양대점,서울 성동구 마조로 25,14.0,matched,11.0,matched,0
3030000-101-2021-00137,구스케이지,"서울특별시 성동구 서울숲2길 19-13, 2층 (성수동1가)",1547884860,구스케이지,서울 성동구 서울숲2길 46-12,148.0,matched_road,28.0,matched_road,0
3030000-101-2012-00255,해양,"서울특별시 성동구 금호로 17, 상가동 지1층 108호 (금호동4가, 서울숲2차푸르지오아파트)",36561359,해양,서울 성동구 금호로 17,190.0,matched,28.0,matched,0
3030000-101-2020-00333,어묵나라,"서울특별시 성동구 천호대로 지하 300, 답십리역 지하1층 542-104호 (용답동)",1074340736,어묵나라,서울 성동구 아차산로 100,929.0,rejected_other_branch,30.0,matched_addr_query,0
3030000-101-2019-00281,코사이어티 서울숲,"서울특별시 성동구 왕십리로 82-20, 1층 (성수동1가)",1966673462,코사이어티,서울 성동구 왕십리로 82-20,398.0,matched,30.0,matched,0
3030000-101-2015-00105,(주)본앤브레드,"서울특별시 성동구 마장로37길 57, 1,2층 (마장동)",1151270351,본앤브레드 신관,서울 성동구 마장로42길 1,529.0,rejected_other_branch,30.0,matched_addr_query,0
3030000-101-1980-05395,먹거리장터2,서울특별시 성동구 행당로17길 16 (행당동),17900252,먹거리장터2,서울 성동구 행당로17길 16,444.0,matched,24.0,matched,0
3030000-101-2017-00025,참치가 좋은날,"서울특별시 성동구 왕십리로 410, L동 1층 115호 (하왕십리동, 센트라스 상가동)",1083317330,참치가좋은날,서울 성동구 왕십리로 410,399.0,matched,30.0,matched,0
3030000-101-1988-05791,봉평옹심이메밀칼국수,서울특별시 성동구 용답19길 11-1 (용답동),1797638043,봉평옹심이메밀칼국수,서울 성동구 용답19길 11-1,1008.0,matched,27.0,matched,0
3030000-101-2002-00288,란,"서울특별시 성동구 금호산2길 17-1 (금호동3가,(지상1층))",1499801147,란칼국수,서울 성동구 성수일로8길 42,495.0,rejected_other_branch,30.0,matched_addr_query,0
3030000-101-2007-00216,수제양정순대국,"서울특별시 성동구 왕십리로24길 15 (도선동, 200-1 지상1층)",519327457,수제양정순대국 왕십리점,서울 성동구 왕십리로24길 15,595.0,matched,24.0,matched,0
3030000-101-2014-00010,현,서울특별시 성동구 상원10길 9 (성수동1가),1054750528,현심야식당 성수점,서울 성동구 왕십리로4길 24-7,1173.0,rejected_other_branch,30.0,matched_addr_query,0
3030000-101-1997-04619,고향식당,"서울특별시 성동구 사근동길 63, 1층 (사근동)",1884400216,고향식당,서울 성동구 자동차시장1길 89,50.0,rejected_other_branch,30.0,matched_addr_query,0
3030000-101-2014-00235,달구지,"서울특별시 성동구 왕십리로24나길 10, 지1층 101호 (도선동, 트윈빌)",37943841,달구지,서울 성동구 도선동 106,189.0,rejected_other_branch,29.0,matched_addr_query,0
3030000-101-2011-00166,포메인서울숲점,"서울특별시 성동구 왕십리로 85 (성수동1가,갤러리아포레 204호(지상2층))",20605418,포메인 서울숲점,서울 성동구 서울숲2길 32-14,732.0,rejected_other_branch,30.0,matched_addr_query,0
3030000-101-1996-04784,교촌치킨 한양대점,"서울특별시 성동구 마조로 31, 1층 (행당동)",1689843294,교촌치킨 한양대점,서울 성동구 마조로 31,543.0,matched,27.0,matched,0
3030000-101-2019-00224,세이보리 플레이트(Savory Plate),"서울특별시 성동구 마조로7길 9-1, 지하1층 (행당동)",1927688183,세이보리플레이트,서울 성동구 마조로7길 9-1,319.0,matched,30.0,matched,0
3030000-101-2007-00058,성수동양갈비,"서울특별시 성동구 성수일로12길 33 (성수동2가,지상1층)",12770339,성수동양갈비,서울 성동구 성수일로12길 33,188.0,matched,29.0,matched,0
3030000-101-2006-00048,우리포차,"서울특별시 성동구 금호산길 56 (금호동2가,(지상1층))",20846128,우리포차,서울 성동구 금호산길 56,5.0,matched,0.0,matched,0
3030000-101-2015-00098,개미식당,"서울특별시 성동구 한림말3길 31, 1층 (옥수동)",38274875,개미식당,서울 성동구 한림말3길 31,40.0,matched,11.0,matched,0
3030000-101-2018-00327,교촌치킨 왕십리1호,"서울특별시 성동구 왕십리로 363, 성동빌딩 1층 (하왕십리동)",11802442,교촌치킨 왕십리1호점,서울 성동구 왕십리로 363,1112.0,matched,30.0,matched,0
3030000-101-2016-00076,삼미식당,"서울특별시 성동구 성덕정길 146-1, 1층 (성수동2가)",31394894,삼미식당,서울 성동구 성덕정길 146-1,11.0,matched,3.0,matched,0
3030000-101-2013-00057,백소정 옥수점,"서울특별시 성동구 독서당로40길 39, 지하2층 219-1,2,4호 (옥수동)",1609580558,백소정 옥수점,서울 성동구 독서당로40길 39,3084.0,matched,28.0,matched,0
3030000-101-2014-00055,바르다김선생 옥수점,"서울특별시 성동구 독서당로 220, 101호 (옥수동)",34754371,바르다김선생 옥수점,서울 성동구 독서당로 220,924.0,matched,26.0,matched,0
3030000-101-2013-00030,계동치킨,"서울특별시 성동구 마장로39길 51, 지상1층 108호 (마장동, 766-25)",37405437,계동치킨 금호점,서울 성동구 장터길 33,246.0,rejected_other_branch,30.0,matched_addr_query,0
3030000-101-1994-02467,먹거리소곱창,서울특별시 성동구 장터길 30 (금호동4가),31510398,먹거리돌소곱창,서울 성동구 장터길 30,167.0,matched,30.0,matched,0
3030000-101-2014-00195,우리동네 생고기 무한리필 금호점,"서울특별시 성동구 독서당로 336, 2층 204, 205, 206호 (금호동4가, 리버마이다스빌)",1677960333,우리동네 생고기 무한리필 금호점,서울 성동구 독서당로 336,153.0,matched,30.0,matched,0
3030000-101-2018-00136,서우 룸 다이닝 서울성수점,"서울특별시 성동구 서울숲2길 32-14, 지하1층 B117호 (성수동1가, 갤러리아 포레)",1007122104,서우 룸 다이닝 서울성수점,서울 성동구 서울숲2길 32-14,1109.0,matched,30.0,matched,0
3030000-101-2018-00373,양평회관,"서울특별시 성동구 마조로7길 16, 1,2층 (행당동)",1673447918,양평회관 왕십리본점,서울 성동구 마조로7길 16,1497.0,matched,28.0,matched,0
3030000-101-1991-02446,왕십리별곡,"서울특별시 성동구 무학봉15다길 2 (하왕십리동,(지상1층))",19927508,왕십리별곡 치킨호프,서울 성동구 무학봉15다길 2,56.0,matched,19.0,matched,0
3030000-101-1998-06063,강남진 양평해장국,서울특별시 성동구 천호대로 440 (용답동),2027601846,강남진양평해장국,서울 성동구 천호대로 440,286.0,matched,30.0,matched,0
3030000-101-1997-01922,수제비먹는닭갈비,"서울특별시 성동구 왕십리로21길 14, 정우빌딩 1층 (행당동)",12038685,수제비먹는닭갈비,서울 성동구 왕십리로21길 14,1969.0,matched,29.0,matched,0
3030000-101-2007-00036,춘천집닭갈비,"서울특별시 성동구 마조로7길 7-1 (행당동,지상1층)",20933857,춘천집닭갈비,서울 성동구 마조로7길 7-1,656.0,matched,30.0,matched,0
3030000-101-2016-00343,박돼장 성수점,"서울특별시 성동구 아차산로7길 7, 1,2층 (성수동2가)",1035914507,박돼장 성수점,서울 성동구 아차산로7길 7,876.0,matched,28.0,matched,0
3030000-101-2011-00002,만나떡볶이,"서울특별시 성동구 왕십리로24길 27 (도선동,(지상1층))",20915268,만나떡볶이,서울 성동구 왕십리로24길 27,118.0,matched,27.0,matched,0
3030000-101-1993-04297,삼겹살앤낙지,서울특별시 성동구 마장로27길 2 (마장동),20820148,삼겹살&amp;낙지,서울 성동구 마장로27길 2,100.0,matched,28.0,matched,0
3030000-101-1999-06193,왕손칼국수,"서울특별시 성동구 행당로8길 13, 지상1층 (행당동)",1002446139,왕손칼국수,서울 성동구 행당로8길 13,219.0,matched,28.0,matched,0
3030000-101-1987-04933,광주식당,서울특별시 성동구 금호로 66 (금호동1가),1105697818,광주식당,서울 성동구 성수일로12길 15-1,43.0,rejected_other_branch,17.0,matched_addr_query,0
3030000-101-2019-00417,노계정 성수,"서울특별시 성동구 상원10길 10, 지1층, 1층 (성수동1가)",2073538608,노계정 성수,서울 성동구 상원10길 10,788.0,matched,30.0,matched,0
3030000-101-2003-00081,아이리스,"서울특별시 성동구 성덕정19길 17 (성수동2가,(지상1층))",1266793255,아이리스피부과의원 성수,서울 성동구 상원길 26,313.0,rejected_other_branch,30.0,matched_addr_query,0
3030000-101-2007-00255,성수 팍스(Park's) 부대찌개 본점,"서울특별시 성동구 상원12길 30, 동진아이티타워 1층 106호 (성수동1가)",12040951,성수 팍스부대찌개 본점,서울 성동구 상원12길 30,658.0,matched,30.0,matched,0
3030000-101-2019-00426,한냄비,"서울특별시 성동구 왕십리로 66-26, 1층 102호 (성수동1가)",1304657027,한냄비,서울 성동구 왕십리로 66-26,306.0,matched,30.0,matched,0
3030000-101-2019-00129,세스크멘슬,"서울특별시 성동구 성수이로14길 7, 1층 (성수동2가)",1057225152,세스크멘슬,서울 성동구 성수이로14길 7,1117.0,matched,29.0,matched,0
3030000-101-2019-00207,커피다 (COFFEEDA),"서울특별시 성동구 한림말5길 11, 덕성빌딩 1층 105호 (옥수동)",1264811489,커피다,서울 성동구 한림말5길 11,168.0,matched,30.0,matched,0
3030000-101-2020-00568,미도인 성수,"서울특별시 성동구 연무장7가길 3, 1층 (성수동2가)",1189077446,미도인 성수,서울 성동구 연무장7가길 3,6797.0,matched,30.0,matched,0
3030000-101-2009-00211,타이시즌(Thai Season) 성수점,"서울특별시 성동구 아차산로11길 11 (성수동2가,지상1층)",1153321158,타이시즌 성수직영점,서울 성동구 아차산로11길 11,1312.0,matched,30.0,matched,0
3030000-101-2019-00039,등촌샤브칼국수 왕십리역점,"서울특별시 성동구 무학로2길 39, 명문빌딩 2층 (도선동)",1307302095,등촌샤브칼국수 왕십리역점,서울 성동구 무학로2길 39,2468.0,matched,30.0,matched,0
3030000-101-2018-00313,샤브인서울 성수점,"서울특별시 성동구 성수일로6길 53, 유원지식산업센터 1층 103호~107호 (성수동2가)",1584431166,샤브인서울 성수점,서울 성동구 성수일로6길 53,2086.0,matched,30.0,matched,0
3030000-101-2019-00197,노무라,"서울특별시 성동구 마장로26길 13, 1층 101호 (홍익동)",1254918287,노무라,서울 성동구 마장로26길 13,45.0,matched,28.0,matched,0
3030000-101-2006-00051,용답양꼬치점,"서울특별시 성동구 용답중앙13길 9 (용답동,(지상1층))",1934159409,용답양꼬치점,서울 성동구 용답중앙13길 9,167.0,matched,29.0,matched,0
3030000-101-2016-00109,뚝도수산,"서울특별시 성동구 성수이로 31, 1층 (성수동2가)",1226127657,뚝도수산,서울 성동구 성수이로 31,52.0,matched,29.0,matched,0
3030000-101-2007-00005,네네치킨 한양점,"서울특별시 성동구 마조로 59 (마장동,지상1층)",38723993,네네치킨 한양점,서울 성동구 마조로 59,114.0,matched,30.0,matched,0
3030000-101-1976-05969,손건호의 한우일번지,서울특별시 성동구 고산자로 354 (마장동),1582900168,손건호의한우일번지 2호점,서울 성동구 살곶이길 18,16.0,rejected_other_branch,10.0,matched_addr_query,0
3030000-101-2012-00061,애리 꼼닭발,"서울특별시 성동구 왕십리로22길 3, 1층 (도선동, 50)",32708590,애리꼼닭발,서울 성동구 왕십리로22길 3,1333.0,matched,28.0,matched,0
3030000-101-2021-00083,후라토식당 성수점,"서울특별시 성동구 아차산로17길 48, 성수 SK V1 CENTER I R106호 (성수동2가)",1215979141,후라토식당 성수점,서울 성동구 아차산로17길 48,2156.0,matched,30.0,matched,0
3030000-101-2008-00046,와규오감,"서울특별시 성동구 동일로 83 (성수동2가,지상1층( 동2로 640))",20715143,와규오감,서울 성동구 동일로 83,205.0,matched,29.0,matched,0
3030000-101-2013-00185,한양동 내술집,"서울특별시 성동구 마조로 17, 한양시장 B동 38호 (행당동)",1937644186,한양동내술집,서울 성동구 마조로 17,36.0,matched,22.0,matched,0
3030000-101-2020-00163,소재,"서울특별시 성동구 마조로3길 8, 3층 (행당동)",18776157,한양대학교 서울캠퍼스신소재공학관,서울 성동구 왕십리로 222,,rejected_other_branch,0.0,matched_addr_query,0
3030000-101-2003-00282,치킨버스 한양대점,"서울특별시 성동구 마조로7길 11 (행당동,(지상1층))",37257085,치킨버스 한양대점,서울 성동구 마조로7길 11,314.0,matched,28.0,matched,0
3030000-101-2015-00036,정가네 밥상,서울특별시 성동구 무학로 20-5 (홍익동),1911258457,정가네밥상,서울 성동구 무학로 20-5,121.0,matched,26.0,matched,0
3030000-101-2011-00239,제이케이트,"서울특별시 성동구 서울숲2길 32-14, 1층 113호 (성수동1가)",1725654956,제이케이트,서울 성동구 서울숲2길 32-14,,matched,0.0,matched,0
3030000-101-1989-05050,산수골추어탕감자탕,서울특별시 성동구 왕십리로31가길 31 (하왕십리동),367445424,산수골추어탕감자탕,서울 성동구 왕십리로31가길 31,1829.0,matched,29.0,matched,0
3030000-101-2017-00253,정성 식당,"서울특별시 성동구 독서당로59나길 36, B층 02호 (응봉동, 금호파크빌)",1930430662,정성식당,서울 성동구 독서당로59나길 36,26.0,matched,7.0,matched,0
3030000-101-2008-00014,또와,"서울특별시 성동구 성덕정9길 9 (성수동1가,지상1층)",1839464459,또와분식,서울 성동구 마장로35나길 40,323.0,rejected_other_branch,29.0,matched_addr_query,0
3030000-101-2006-00046,필리필리 성수점,"서울특별시 성동구 아차산로 103 (성수동2가,(지상1층 105호))",1101722936,필리필리 성수점,서울 성동구 아차산로 103,81.0,matched,30.0,matched,0
3030000-101-1994-05786,장안생고기,"서울특별시 성동구 왕십리로26길 11 (도선동,(지상1층))",18771611,장안생고기,서울 성동구 왕십리로26길 11,40.0,matched,15.0,matched,0
3030000-101-1994-04358,가마솥추어탕,서울특별시 성동구 뚝섬로4길 11 (성수동1가),20579148,가마솥추어탕,서울 성동구 뚝섬로4길 11,196.0,matched,30.0,matched,0
3030000-101-2017-00071,돈슐랭,"서울특별시 성동구 행당로17길 1-45, 1층 (행당동)",876344289,돈슐랭,서울 성동구 행당로17길 1-45,549.0,matched,26.0,matched,0
3030000-101-2018-00334,금남정,"서울특별시 성동구 금호산2길 18, 1층 (금호동3가)",1851091705,금남정,서울 성동구 금호산2길 18,214.0,matched,30.0,matched,0
3030000-101-2019-00305,비엔나커피하우스서울숲역점,"서울특별시 성동구 왕십리로 66, 1층 (성수동1가)",1320858854,비엔나커피하우스 서울숲역점,서울 성동구 왕십리로 66,902.0,matched,26.0,matched,0
3030000-101-2018-00007,혜화동 돈가스극장,"서울특별시 성동구 무학로10길 30, 1층 (홍익동)",1997839517,혜화동돈까스극장 왕십리점,서울 성동구 무학로10길 30,87.0,matched,29.0,matched,0
3030000-101-2005-00156,크로앙쥬 한양대점,"서울특별시 성동구 마조로 35 (행당동,(107호))",1035317164,크로앙쥬 한양대점,서울 성동구 마조로 35,212.0,matched,29.0,matched,0
3030000-101-1990-02588,전주식당,"서울특별시 성동구 성덕정17길 8-1, 1층 (성수동2가, 331-233)",18792008,전주식당,서울 성동구 성덕정17길 8-1,87.0,matched,30.0,matched,0
3030000-101-1989-05282,청년감자탕순대국(왕십리역점),서울특별시 성동구 마조로5길 5 (행당동),1260147189,청년감자탕순대국 왕십리역점,서울 성동구 마조로5길 5,420.0,matched,25.0,matched,0
3030000-101-2001-06762,성수대파,서울특별시 성동구 왕십리로4길 22-1 (성수동1가),1081805062,성수대파,서울 성동구 왕십리로4길 22-1,1320.0,matched,30.0,matched,0
3030000-101-2001-06785,광순네식당,서울특별시 성동구 성덕정15길 6-4 (성수동2가),1253370912,광순네식당,서울 성동구 성덕정15길 6-4,19.0,matched,9.0,matched,0
3030000-101-1999-00115,금룡,"서울특별시 성동구 마조로 21, 1층 (행당동)",1702222471,금룡,서울 성동구 마조로 21,487.0,matched,25.0,matched,1
3030000-101-2014-00368,메종 성수돈,"서울특별시 성동구 연무장7가길 5, 2층 (성수동2가)",1668370110,메종성수돈,서울 성동구 연무장7가길 5,267.0,matched,30.0,matched,0
3030000-101-2011-00102,엄마네 집밥,"서울특별시 성동구 성수일로12길 25 (성수동2가,(지상1층))",1180919092,엄마네냄비밥,서울 성동구 성수일로12길 25,49.0,matched,15.0,matched,0
3030000-101-2003-00155,교촌치킨 금호역점,"서울특별시 성동구 장터길 26, 1층 (금호동4가)",21442309,교촌치킨 금호역점,서울 성동구 장터길 26,1119.0,matched,28.0,matched,0
3030000-101-2014-00359,서울숲쭈꾸미,"서울특별시 성동구 왕십리로 80-1, 상가동 1층 (성수동1가)",20373100,서울숲쭈꾸미,서울 성동구 왕십리로 80,381.0,matched_road,29.0,matched,0
3030000-101-2018-00197,한우차돌집,"서울특별시 성동구 고산자로 177, 상가동 1층 108호 (행당동, 서울숲행당푸르지오아파트)",1061593181,한우차돌집 행당직영점,서울 성동구 고산자로 177,12.0,matched,9.0,matched,0
3030000-101-1980-05905,김밥천국,서울특별시 성동구 마장로 223 (마장동),20846333,김밥천국,서울 성동구 마장로 283,120.0,matched_road,30.0,matched_road,1
3030000-101-1999-06314,컴포즈커피(행당무학점),서울특별시 성동구 행당로 119 (행당동),1591133321,컴포즈커피 성수역점,서울 성동구 아차산로 96,1088.0,rejected_other_branch,29.0,matched_addr_query,0
3030000-101-2007-00104,오븐에 빠진 닭,"서울특별시 성동구 무학로2길 43 (도선동,외2필지(146,147)지상2층)",31896922,오븐에빠진닭 왕십리역점,서울 성동구 무학로2길 43,308.0,matched,27.0,matched,0
3030000-101-2020-00078,감성요리,"서울특별시 성동구 왕십리로4길 28-8, 2층 (성수동1가)",1017817898,감요 성수 본점,서울 성동구 왕십리로4길 28-8,588.0,matched,30.0,matched,0
3030000-101-2016-00193,투썸플레이스 왕십리역점,"서울특별시 성동구 왕십리광장로 17, 5층 SP-01호 (행당동)",38412098,투썸플레이스 왕십리역점,서울 성동구 왕십리광장로 17,4395.0,matched,27.0,matched,0
3030000-101-2019-00400,(주)오발탄 서울숲점,"서울특별시 성동구 왕십리로 50, 1층 (성수동1가)",1309189590,오발탄 서울숲점,서울 성동구 왕십리로 50,638.0,matched,30.0,matched,0
3030000-101-2008-00177,짱호프치킨,"서울특별시 성동구 고산자로8길 38 (행당동,지상1층(왕십리길 306))",1910701683,짱호프치킨,서울 성동구 고산자로8길 38,10.0,matched,4.0,matched,0
3030000-101-2021-00077,맘스터치 성수역점,"서울특별시 성동구 아차산로 122, 백석빌딩 101호 (성수동2가)",1120117445,맘스터치 성수역점,서울 성동구 아차산로 122,2782.0,matched,28.0,matched,0
3030000-101-2018-00196,일일향,"서울특별시 성동구 왕십리로 345, 1층 (하왕십리동)",1320181961,일일향 왕십리9호점,서울 성동구 왕십리로 345,1421.0,matched,27.0,matched,0
3030000-101-2015-00054,맛닭꼬 금호역점,"서울특별시 성동구 장터길 22-1, 1층,2층 (금호동4가)",36438516,맛닭꼬치킨 금호역점,서울 성동구 장터길 22-1,326.0,matched,28.0,matched,0
3030000-101-1999-06280,영동숯불집 행당점,"서울특별시 성동구 행당로17길 19 (행당동,지상1층)",1688910261,영동숯불집 행당점,서울 성동구 행당로17길 19,956.0,matched,28.0,matched,0
3030000-101-2001-06946,마포갈비생등심,서울특별시 성동구 행당로8길 9 (행당동),17902758,마포갈비생등심,서울 성동구 행당로8길 9,1353.0,matched,24.0,matched,0
3030000-101-1999-00116,함흥집,"서울특별시 성동구 왕십리로24나길 4 (도선동,(지상1층))",20907301,함흥사철탕,서울 성동구 왕십리로24나길 4,44.0,matched,18.0,matched,0
3030000-101-2015-00283,술래잡기,"서울특별시 성동구 왕십리로31길 4, 2층 (하왕십리동)",1052660849,술래잡기,서울 성동구 왕십리로31길 4,8.0,matched,5.0,matched,0
3030000-101-2020-00555,에그드랍 왕십리점,"서울특별시 성동구 왕십리로 336, 1층 103호 (도선동)",1753095424,에그드랍 왕십리점,서울 성동구 왕십리로 336,859.0,matched,30.0,matched,0
3030000-101-2010-00138,제주생고깃간,"서울특별시 성동구 한림말1길 13 (옥수동,지상1층)",38419700,제주생고깃간 옥수점,서울 성동구 한림말1길 13,219.0,matched,30.0,matched,0
3030000-101-2020-00008,에피소드,"서울특별시 성동구 뚝섬로 341, 지하1층 (성수동1가)",1148540980,에피소드,서울 성동구 뚝섬로 341,,matched,0.0,matched,0
3030000-101-2020-00197,푸라닭 옥수점,"서울특별시 성동구 독서당로 208, 3층 (옥수동)",1547317184,푸라닭 옥수점,서울 성동구 독서당로 208,373.0,matched,30.0,matched,0
3030000-101-2010-00192,우야꼬,"서울특별시 성동구 성수일로8길 41 (성수동2가,(지상1층))",18792438,우야꼬모듬전포차,서울 성동구 성수일로8길 41,447.0,matched,29.0,matched,0
3030000-101-2015-00229,육장갈비 신금호점,"서울특별시 성동구 금호로 127, 상가동 지하3층 4호,5호 (금호동2가, 금호자이1차아파트 )",138769386,육장갈비 신금호점,서울 성동구 금호로 117,335.0,matched_road,26.0,matched_road,0
3030000-101-2010-00191,핵밥 한양대점,"서울특별시 성동구 사근동길 2 (행당동,지상2층)",1064723206,핵밥 한양대점,서울 성동구 사근동길 2,3109.0,matched,29.0,matched,0
3030000-101-2008-00062,연탄불꼼장어,"서울특별시 성동구 상원길 11, 지상1층 (성수동1가)",37917771,연탄불꼼장어,서울 성동구 상원1길 12,559.0,rejected_other_branch,30.0,matched_addr_query,0
3030000-101-2020-00419,시골집,"서울특별시 성동구 성수이로 36-11, 1층 (성수동2가)",1802749731,시골집,서울 성동구 성수이로 36-9,109.0,matched_road,30.0,matched,0
3030000-101-2010-00035,후루룩국수,"서울특별시 성동구 용답19길 16-1 (용답동,지상1층)",1582898796,후루룩국수,서울 성동구 용답19길 16-1,137.0,matched,30.0,matched,0
3030000-101-2011-00234,자금성,"서울특별시 성동구 왕십리로14길 26-2 (성수동1가, 7-24 지상1층)",413408209,자금성,서울 성동구 왕십리로14길 26-2,333.0,matched,30.0,matched,0
3030000-101-2017-00187,후추포인트 성수,"서울특별시 성동구 서울숲4길 21, 1층 (성수동1가)",1208442611,후추포인트 성수,서울 성동구 서울숲4길 21,2131.0,matched,27.0,matched,0
3030000-101-2015-00019,금호다방,"서울특별시 성동구 금호산2길 22-10, 1층 (금호동3가)",1758367138,금호다방,서울 성동구 금호산2길 22-10,31.0,matched,13.0,matched,0
3030000-101-2020-00493,미분당,"서울특별시 성동구 왕십리로 410, J동 지하1층 B102호 (하왕십리동, 센트라스)",1226002605,미분당 신당점,서울 성동구 왕십리로 410,1899.0,matched,30.0,matched,0
3030000-101-2017-00146,생활맥주,"서울특별시 성동구 왕십리로 410, J동 1층 123호 (하왕십리동)",1134222282,생활맥주 옥수역점,서울 성동구 한림말5길 17,117.0,rejected_other_branch,29.0,matched_addr_query,0
3030000-101-2005-00250,다사랑,"서울특별시 성동구 왕십리로20길 43 (홍익동,(지상1층))",17891320,다사랑,서울 성동구 왕십리로20길 43,8.0,matched,0.0,matched,0
3030000-101-2010-00143,요거트퍼플 서울금호점,"서울특별시 성동구 금호로 62-1, 1층 (금호동1가)",1823962793,요거트퍼플 금호점,서울 성동구 금호로 62-1,1.0,matched,0.0,matched,0
3030000-101-2007-00254,참새와방앗간,"서울특별시 성동구 광나루로 156, 지상1층 (성수동1가)",1237940286,참새와방앗간,서울 성동구 광나루로 156,133.0,matched,30.0,matched,0
3030000-101-2020-00134,커피사피엔스 성수현대테라스점,"서울특별시 성동구 연무장5가길 7, 성수역 현대테라스타워 1층 108호 (성수동2가)",1534199460,커피사피엔스 성수현대테라스점,서울 성동구 연무장5가길 7,331.0,matched,30.0,matched,0
3030000-101-2017-00172,비스트로류,"서울특별시 성동구 상원2길 5-5, 2층 (성수동1가)",345605699,비스트로류 성수본점,서울 성동구 상원2길 5-5,691.0,matched,30.0,matched,0
3030000-101-2017-00283,왕족발,"서울특별시 성동구 성덕정길 93, 1층 (성수동2가)",33860153,소문난순대국왕족발,서울 성동구 용답25라길 23,1142.0,rejected_other_branch,30.0,matched_addr_query,0
3030000-101-2016-00200,래미안식당,"서울특별시 성동구 한림말3길 16, 1층 (옥수동)",1904400663,래미안식당,서울 성동구 한림말3길 16,122.0,matched,30.0,matched,0
3030000-101-2012-00038,담소소사골순대(성수시그마밸리점),"서울특별시 성동구 성수이로 51, 109호 (성수동2가, 325-2 서울숲한라시그마밸리 )",37576835,담소소사골순대육개장 성수시그마밸리점,서울 성동구 성수이로 51,637.0,matched,30.0,matched,0
3030000-101-1995-06582,북경,"서울특별시 성동구 광나루로 325, 1층 (송정동)",1401825486,북경,서울 성동구 광나루로 325,171.0,matched,30.0,matched,0
3030000-101-2020-00224,우리(祐利)칼국수,"서울특별시 성동구 성수일로4길 46, 2층 (성수동2가)",1468693513,우리칼국수,서울 성동구 성수일로4길 46,440.0,matched,30.0,matched,0
3030000-101-2012-00223,일품,"서울특별시 성동구 무학봉길 64-4, 지상1층 (하왕십리동, 980-1)",1767556088,일품,서울 성동구 무학봉길 64-4,183.0,matched,27.0,matched,0
3030000-101-1986-04834,마장갈비,"서울특별시 성동구 마장로 292-1 (마장동, 마장동 792 지상1층)",19882224,마장갈비 한양대점,서울 성동구 마조로3가길 11,290.0,rejected_other_branch,26.0,matched_addr_query,0
3030000-101-2014-00161,하남돼지집 성수역점,"서울특별시 성동구 아차산로 85, 1층 (성수동2가)",35316961,하남돼지집 성수역점,서울 성동구 아차산로 85,294.0,matched,30.0,matched,0
3030000-101-2015-00297,히노아지 왕십리역사점,"서울특별시 성동구 왕십리광장로 17, 4층 (행당동, 왕십리민자역사)",1398737240,히노아지 왕십리역사점,서울 성동구 왕십리광장로 17,889.0,matched,29.0,matched,0
3030000-101-2016-00355,백삼호 성수점,"서울특별시 성동구 뚝섬로 390, 1층 (성수동2가)",2044787691,백삼호 성수점,서울 성동구 뚝섬로 390,214.0,matched,30.0,matched,0
3030000-101-2021-00045,매머드 익스프레스 성수AK밸리점,"서울특별시 성동구 연무장길 76, 1층 103호 (성수동2가)",1310888338,매머드익스프레스 성수AK밸리점,서울 성동구 연무장길 76,997.0,matched,23.0,matched,0
3030000-101-2017-00067,하냥,"서울특별시 성동구 사근동길 53, 1층 (사근동)",1459142729,하냥 사근본점,서울 성동구 사근동길 53,158.0,matched,30.0,matched,0
3030000-101-2014-00107,성수갈비,서울특별시 성동구 왕십리로5길 12-1 (성수동1가),32964192,수원원조갈비,서울 성동구 왕십리로5길 12-2,946.0,matched_road,29.0,matched,1
3030000-101-1978-03682,하늘반점,,35288304,하늘반점,서울 성동구 마장로35길 76,332.0,rejected_other_branch,24.0,matched_addr_query,0
3030000-101-2015-00222,자매코다리찜,"서울특별시 성동구 광나루로11길 17-1, 1층 (송정동)",1114975912,자매코다리찜아구찜,서울 성동구 광나루로11길 17-1,78.0,matched,29.0,matched,0
3030000-101-2004-00195,더클래식,"서울특별시 성동구 마조로 31 (행당동,(지하1층))",36395273,더클래식,서울 성동구 마조로 31,274.0,matched,28.0,matched,0
3030000-101-2021-00079,아타리,"서울특별시 성동구 성덕정19길 13, 1층 (성수동2가)",1524295679,아타리,서울 성동구 성덕정19길 13,326.0,matched,30.0,matched,0
3030000-101-2019-00374,엘더버거,"서울특별시 성동구 서울숲2길 40-7, 1층 (성수동1가)",1774193810,엘더버거 성수,서울 성동구 서울숲2길 40-7,5717.0,matched,29.0,matched,1
3030000-101-2006-00084,또바기치킨,"서울특별시 성동구 천호대로 294 (용답동,(지상1층))",35209235,또바기치킨 답십리역점,서울 성동구 천호대로 294,154.0,matched,30.0,matched,0
3030000-101-1997-04413,무쇠막 연탄구이,서울특별시 성동구 금호로 47-1 (금호동4가),17911554,무쇠막생고기,서울 성동구 금호로 47-1,437.0,matched,29.0,matched,0
3030000-101-2015-00162,어촌,"서울특별시 성동구 뚝섬로 392, 1층 (성수동2가)",1433767339,어촌횟집,서울 성동구 뚝섬로 392,102.0,matched,29.0,matched,0
3030000-101-2010-00158,채선당,"서울특별시 성동구 왕십리로 38 (성수동1가,(지상1층))",17920031,채선당 성수점,서울 성동구 왕십리로 38,1051.0,matched,29.0,matched,0
3030000-101-2002-00111,기분좋은한잔,서울특별시 성동구 무학봉16길 1 (하왕십리동),1509352539,기분좋은한잔,서울 성동구 무학봉16길 1,117.0,matched,28.0,matched,0
3030000-101-2019-00037,포유 성수,"서울특별시 성동구 연무장길 41-26, 1층 (성수동2가)",1622772497,포유 성수,서울 성동구 연무장길 41-26,1329.0,matched,30.0,matched,0
3030000-101-2001-07127,대광,서울특별시 성동구 마조로3길 5 (행당동),1677616097,대광,서울 성동구 마조로3길 5,35.0,matched,29.0,matched,0
3030000-101-2006-00134,쪽선생,"서울특별시 성동구 용답29길 15-1, 1층 (용답동, 12-2 (101호))",37657964,쪽선생쪽돼지,서울 성동구 용답29길 15-1,404.0,matched,28.0,matched,0
3030000-101-2015-00133,BHC치킨,"서울특별시 성동구 사근동길 18, 1층 (사근동)",1659251722,BHC치킨 도선점,서울 성동구 무학로6길 50,100.0,rejected_other_branch,29.0,matched_addr_query,0
3030000-101-1988-03396,장모족발,서울특별시 성동구 마조로 15-10 (행당동),37996806,장모족발 서울1호점,서울 성동구 마조로 15-10,343.0,matched,26.0,matched,0
3030000-101-2006-00173,먹깨비식당,"서울특별시 성동구 금호산길 49-1, 1층 (금호동2가)",1069265359,먹깨비식당,서울 성동구 금호산길 49-1,102.0,matched,30.0,matched,0
3030000-101-2018-00092,두찜성동금호점,"서울특별시 성동구 독서당로 303-10, 1층 (금호동3가)",1905466294,두찜 성동금호점,서울 성동구 독서당로 303-10,276.0,matched,28.0,matched,0
3030000-101-2018-00081,백정돈공장,"서울특별시 성동구 성수일로8길 16, 1층 (성수동2가)",1908739999,백정돈공장,서울 성동구 성수일로8길 16,261.0,matched,30.0,matched,0
3030000-101-1998-01456,네네치킨,서울특별시 성동구 독서당로 315-4 (금호동3가),11779467,네네치킨 금호점,서울 성동구 독서당로 315-4,135.0,matched,28.0,matched,0
3030000-101-2017-00221,어사랑밥상,"서울특별시 성동구 왕십리로20길 13, 지하1층 (도선동)",1774999801,어사랑밥상,서울 성동구 왕십리로20길 13,138.0,matched,30.0,matched,1
3030000-101-1995-01898,승리원,"서울특별시 성동구 왕십리로 78, 1,2층 (성수동1가)",1183942104,승리원,서울 성동구 왕십리로 78,396.0,matched,25.0,matched,0
3030000-101-2021-00113,복준당,"서울특별시 성동구 성수일로10길 26, 하우스디 세종타워 상가동 1층 109호 (성수동2가)",1360979494,복준당,서울 성동구 성수일로10길 26,92.0,matched,28.0,matched,0
3030000-101-2014-00196,지지고 한양대점,"서울특별시 성동구 왕십리로 236, 1층 (행당동)",36470890,지지고 한양대점,서울 성동구 왕십리로 236,150.0,matched,30.0,matched,0
3030000-101-2019-00176,북촌손만두 왕십리민자역사점,"서울특별시 성동구 왕십리광장로 17, 2층 이티-01호 (행당동)",38229728,북촌손만두 왕십리역사점,서울 성동구 왕십리광장로 17,1892.0,matched,30.0,matched,0
3030000-101-2018-00412,에그셀런트 금호점,"서울특별시 성동구 독서당로 274, 1층 (금호동4가)",1724023243,에그셀런트 금호점,서울 성동구 독서당로 274,575.0,matched,30.0,matched,0
3030000-101-1993-05887,피자스쿨(용답점),서울특별시 성동구 용답중앙15길 15 (용답동),12853616,피자스쿨 용답점,서울 성동구 용답중앙15길 15,935.0,matched,27.0,matched,0
3030000-101-2014-00110,앨리,"서울특별시 성동구 사근동12길 8, 1층 (사근동)",1543223045,앨리,서울 성동구 사근동12길 8,828.0,matched,28.0,matched,0
3030000-101-2017-00272,와플대학 한양대캠퍼스,"서울특별시 성동구 마조로1길 28, 1~2층 (행당동)",1332899122,와플대학 한양대캠퍼스,서울 성동구 마조로1길 28,504.0,matched,28.0,matched,0
3030000-101-2020-00401,60계 서울 행당점,"서울특별시 성동구 행당로 76, 행당 한진타운 단지상가 1층 114호 (행당동)",1536114295,60계 서울행당점,서울 성동구 행당로 76,418.0,matched,27.0,matched,0
3030000-101-2004-00251,복고다방(한양여대점),"서울특별시 성동구 사근동12길 4 (사근동,지상1층)",1880752223,복고다방 한양여대점,서울 성동구 사근동12길 4,57.0,matched,28.0,matched,0
3030000-101-2015-00110,화로양미,"서울특별시 성동구 상원4길 9, 1층 (성수동1가)",1972134531,화로양미,서울 성동구 상원4길 9,444.0,matched,29.0,matched,0
3030000-101-2020-00153,성공 is 100,"서울특별시 성동구 성덕정길 39, 1층 (성수동1가)",1016859558,성공is100,서울 성동구 성덕정길 39,31.0,matched,9.0,matched,0
3030000-101-2019-00081,달님이네,"서울특별시 성동구 아차산로13길 31, 1층 (성수동2가)",1569388980,달님이네,서울 성동구 아차산로13길 31,113.0,matched,28.0,matched,0
3030000-101-2018-00244,오늘회식,"서울특별시 성동구 용답중앙길 72, 1층 (용답동)",1213974466,오늘회식,서울 성동구 용답중앙길 72,213.0,matched,30.0,matched,0
3030000-101-2017-00028,마를리,"서울특별시 성동구 연무장길 47, 1, 2층 (성수동2가)",742676592,마를리,서울 성동구 연무장길 47,3927.0,matched,28.0,matched,0
3030000-101-2013-00073,구미호(口味好),"서울특별시 성동구 고산자로26길 5, 지상2층 (마장동)",37943821,구미호,서울 성동구 고산자로26길 5,122.0,matched,29.0,matched,0
3030000-101-2015-00057,유쾌포차,"서울특별시 성동구 금호산2길 5, 지1층 B02호 (금호동3가)",1983525415,유쾌포차,서울 성동구 금호산2길 5,11.0,matched,8.0,matched,0
3030000-101-2009-00048,굽네치킨,"서울특별시 성동구 행당로 75, 목련상가 1층 101,102호 (행당동)",1230690849,굽네치킨 왕십리뉴타운,서울 성동구 왕십리로 410,44.0,rejected_other_branch,30.0,matched_addr_query,0
3030000-101-2019-00122,쉼,"서울특별시 성동구 장터길 27-2, 2층 (금호동3가)",1489406623,쉼,서울 성동구 장터길 27-2,11.0,matched,7.0,matched,0
3030000-101-2005-00152,뚝도리탕,"서울특별시 성동구 성덕정17길 6 (성수동2가,(지상1층))",18793056,뚝도리탕,서울 성동구 성덕정17길 6,150.0,matched,30.0,matched,0
3030000-101-2003-00268,군자대한곱창 한양대점,"서울특별시 성동구 마조로7길 9 (행당동,(지상1층))",1212256300,군자대한곱창 한양대점,서울 성동구 마조로7길 9,418.0,matched,27.0,matched,0
3030000-101-2001-07030,바다양푼이 동태탕,"서울특별시 성동구 금호산2길 19, 1층 (금호동3가, 460)",36324527,바다양푼이동태탕 성동금호점,서울 성동구 금호산2길 19,238.0,matched,30.0,matched,0
3030000-101-1996-03426,청록미나리식당 한양대점,"서울특별시 성동구 마조로5길 9 (행당동, 행당동 19-59,지하1층)",1356490317,청록미나리식당 한양대점,서울 성동구 마조로5길 9,804.0,matched,27.0,matched,0
3030000-101-2020-00272,좋은맛 옥수점,"서울특별시 성동구 한림말3길 29, 1층 (옥수동)",1939116144,좋은맛 옥수점,서울 성동구 한림말3길 29,15.0,matched,2.0,matched,0
3030000-101-2020-00390,햄찌와 베찌(왕십리점),"서울특별시 성동구 무학로2길 34, 1층 (도선동)",1789963875,햄찌와베찌 성수본점,서울 성동구 아차산로11길 26,439.0,rejected_other_branch,28.0,matched_addr_query,0
3030000-101-2018-00137,모어(more),서울특별시 성동구 둘레11길 26 (성수동2가),1249522455,모어온헤어 성수점,서울 성동구 왕십리로 106,6755.0,rejected_other_branch,30.0,matched_addr_query,0
3030000-101-2017-00201,앤아더(& other)컴퍼니,"서울특별시 성동구 서울숲2길 40-10, 1층 (성수동1가)",1948740602,앤아더컴퍼니,서울 성동구 서울숲2길 40-10,,matched,0.0,matched,0
3030000-101-2020-00594,플르서라구뜨 Fleurs sur la route,"서울특별시 성동구 서울숲2길 16-8, 1층 (성수동1가)",1133107813,플르서라구뜨,서울 성동구 서울숲2길 16-8,1159.0,matched,30.0,matched,0
3030000-101-1993-05381,유향소,서울특별시 성동구 광나루로 248-1 (성수동2가),11715653,유향소,서울 성동구 광나루로 248-1,551.0,matched,28.0,matched,0
3030000-101-1994-02549,썬,"서울특별시 성동구 성덕정길 134, 지상1층 (성수동2가)",35744070,썬헤어,서울 성동구 독서당로 434,11.0,rejected_other_branch,6.0,matched_addr_query,0
3030000-101-2010-00028,가보자,"서울특별시 성동구 독서당로 287-9, 1층 (금호동4가)",1686524420,가보자,서울 성동구 독서당로 287-9,31.0,matched,11.0,matched,0
3030000-101-2020-00497,강다짐 성수점,"서울특별시 성동구 아차산로7길 18, 1층 (성수동2가)",1434003020,강다짐 삼각김밥 성수점,서울 성동구 아차산로7길 18,687.0,matched,24.0,matched,0
3030000-101-2002-00110,꽃돼지,"서울특별시 성동구 성덕정길 142 (성수동2가, 성수2가 212-12 지상1층)",1210398479,꽃돼지 묵은지찜,서울 성동구 성덕정17길 3-1,22.0,rejected_other_branch,14.0,matched_addr_query,0
3030000-101-2019-00005,스텀멜,"서울특별시 성동구 왕십리로21길 31, 덕산의원 1층 (행당동)",1682216858,스텀멜,서울 성동구 왕십리로21길 31,209.0,matched,30.0,matched,0
3030000-101-2016-00236,더블핸드스테이크 서울숲점,"서울특별시 성동구 왕십리로8길 7, 1층 (성수동1가)",38629558,더블핸스테이크 서울숲점,서울 성동구 왕십리로8길 7,142.0,matched,28.0,matched,0
3030000-101-2012-00025,새마을식당 한양대점,"서울특별시 성동구 마조로1길 지하 39 (행당동, 168-78 지하1층)",1600463247,새마을식당 한양대점,서울 성동구 마조로1길 39,1110.0,rejected_other_branch,28.0,matched_addr_query,0
3030000-101-2017-00256,본죽 성수역점,"서울특별시 성동구 아차산로7길 15, 1층 (성수동2가)",1323665378,본죽 성수역점,서울 성동구 아차산로7길 15,450.0,matched,30.0,matched,0
3030000-101-2001-06905,너찜했닭,서울특별시 성동구 무학봉15길 27-3 (하왕십리동),37294188,너찜했닭,서울 성동구 무학봉15길 27-3,255.0,matched,30.0,matched,0
3030000-101-2012-00155,그로브라운지,"서울특별시 성동구 금호산길 49-1, 1층 (금호동2가)",34350039,그로브라운지,서울 성동구 금호산길 49-1,31.0,matched,16.0,matched,0
3030000-101-2011-00235,달,"서울특별시 성동구 마조로3가길 지하 21 (행당동, 19-60 지하1층)",2059245149,달맞이광장바베큐 성수점,서울 성동구 아차산로 82,815.0,rejected_other_branch,26.0,matched_addr_query,0
3030000-101-2010-00140,옥수참치,"서울특별시 성동구 한림말1길 14 (옥수동,(지상1층))",1110324773,옥수참치,서울 성동구 한림말1길 13,38.0,matched_road,19.0,matched_road,1
3030000-101-2014-00080,콩나라3000냥,"서울특별시 성동구 금호산2길 28-2, 1층 (금호동3가)",1930559553,콩나라3000냥,서울 성동구 금호산2길 28-2,27.0,matched,9.0,matched,0
3030000-101-2019-00211,다미,"서울특별시 성동구 왕십리로4길 13-1, 1층 (성수동1가)",1654443462,다미존,서울 성동구 고산자로 330,,rejected_other_branch,0.0,matched_addr_query,0
3030000-101-1996-03199,행복한 연탄 초벌구이,서울특별시 성동구 용답중앙15길 10 (용답동),1362439682,행복한연탄 초벌구이,서울 성동구 용답중앙15길 10,513.0,matched,29.0,matched,0
3030000-101-2012-00066,동치미,"서울특별시 성동구 성수일로11길 11, 지상1층 (성수동1가, 13-187)",1686575576,동치미,서울 성동구 성수일로11길 11,293.0,matched,29.0,matched,0
3030000-101-2014-00215,두루치기김치찌개,"서울특별시 성동구 광나루로 320-1, 나동 1층 (성수동2가)",1136084202,두루치기김치찌개,서울 성동구 광나루로 320-1,388.0,matched,29.0,matched,0
3030000-101-2009-00193,고흥만,"서울특별시 성동구 뚝섬로3길 9 (성수동1가,지상1층)",37490517,고흥만,서울 성동구 뚝섬로3길 9,257.0,matched,28.0,matched,0
3030000-101-1989-03473,풀코스,서울특별시 성동구 마장로27길 6 (마장동),1073189190,풀코스 마장본점,서울 성동구 마장로27길 6,2.0,matched,0.0,matched,0
3030000-101-2018-00087,맨스필드커피,"서울특별시 성동구 마조로 27, 2층 (행당동)",2067805016,맨스필드커피,서울 성동구 마조로 27,,matched,0.0,matched,0
3030000-101-2020-00538,족발야시장&무청감자탕,"서울특별시 성동구 광나루로 325, 1층 (송정동)",1000574869,족발야시장 무청감자탕 성수점,서울 성동구 광나루로 325,194.0,matched,25.0,matched,0
3030000-101-2014-00293,생활맥주 옥수역점,"서울특별시 성동구 한림말5길 17, 1층 (옥수동)",1134222282,생활맥주 옥수역점,서울 성동구 한림말5길 17,117.0,matched,29.0,matched,0
3030000-101-2019-00427,쎈느,"서울특별시 성동구 연무장5길 20, 1층 (성수동2가)",1030871168,쎈느Scene,서울 성동구 연무장5길 20,2295.0,matched,28.0,matched,0
3030000-101-2006-00136,교촌치킨(응봉점),"서울특별시 성동구 독서당로 398, 노선상가 3층 301호 (응봉동)",36331720,교촌치킨 성수역점,서울 성동구 아차산로7길 10-1,718.0,rejected_other_branch,29.0,matched_addr_query,0
3030000-101-1987-05065,우촌숯불갈비,서울특별시 성동구 장터길 44-1 (금호동4가),1653230873,우촌숯불갈비,서울 성동구 장터길 44,258.0,matched_road,29.0,matched,0
3030000-101-2003-00339,고공,"서울특별시 성동구 왕십리로8길 10 (성수동1가, 성수1가 656-1940,지상1층)",1284848210,고공 성수본점,서울 성동구 왕십리로8길 10,1661.0,matched,26.0,matched,0
3030000-101-2018-00181,온량,"서울특별시 성동구 서울숲4길 26-10, 1층 (성수동1가)",1584576344,온량,서울 성동구 서울숲4길 26-10,3440.0,matched,29.0,matched,0
3030000-101-2018-00080,치폴레옹한양대점,"서울특별시 성동구 마조로3길 2-1, 1층 (행당동)",1651623401,치폴레옹 한양대점,서울 성동구 마조로3길 2-1,137.0,matched,27.0,matched,0
3030000-101-2016-00275,미네스키친,"서울특별시 성동구 사근동8길 3, 1층 (사근동, 우리빌딩)",55655365,미네스키친,서울 성동구 사근동8길 3,232.0,matched,29.0,matched,0
3030000-101-2020-00377,연,"서울특별시 성동구 마장로 137, 221동 1층 1119호 (상왕십리동, 텐즈힐)",1475303096,연,서울 성동구 금호로 40,26.0,rejected_other_branch,24.0,matched_addr_query,0
3030000-101-2000-06931,순심이네,서울특별시 성동구 성덕정길 72-4 (성수동2가),1985591550,순심이네,서울 성동구 성덕정길 72-4,12.0,matched,0.0,matched,0
3030000-101-1998-04083,참치마루,서울특별시 성동구 용답중앙13길 18 (용답동),18798236,참치마루,서울 성동구 용답중앙13길 18,95.0,matched,29.0,matched,0
3030000-101-2019-00348,팜프레시팩토리,"서울특별시 성동구 성수이로14길 14, 가동 2층 (성수동2가)",1391884380,팜프레시 팩토리,서울 성동구 성수이로14길 14,40.0,matched,14.0,matched,0
3030000-101-2016-00352,공,"서울특별시 성동구 장터길 43-2, 1층 (금호동3가)",13158364,공씨책방,서울 성동구 광나루로 130,13.0,rejected_other_branch,0.0,matched_addr_query,0
3030000-101-2010-00076,대낚식당,"서울특별시 성동구 연무장길 39-21, 1층 (성수동2가)",1315589122,대낚식당 성수직영점,서울 성동구 연무장길 39-21,3002.0,matched,30.0,matched,0
3030000-101-2013-00243,샛별당,"서울특별시 성동구 한림말3길 15-12, 지상1층 (옥수동)",1536421100,샛별당,서울 성동구 한림말3길 15-12,6.0,matched,4.0,matched,0
3030000-101-2020-00545,돈까스짱 금남시장점,"서울특별시 성동구 독서당로 297-3, 1층 (금호동3가)",1349524883,돈까스짱 금남시장점,서울 성동구 독서당로 297-3,10.0,matched,6.0,matched,0
3030000-101-1987-02828,우리네밥상,서울특별시 성동구 아차산로11길 11 (성수동2가),1245156880,우리네밥상,서울 성동구 아차산로11길 11,155.0,matched,30.0,matched,0
3030000-101-2020-00417,은식당,"서울특별시 성동구 성수이로 30-4, 1층 (성수동2가)",1266088692,은식당,서울 성동구 성수이로 30-4,259.0,matched,28.0,matched,0
3030000-101-2005-00179,멕시카나(마장점),,1109294162,멕시카나치킨 마장점,서울 성동구 마장로42길 14,9.0,rejected_other_branch,5.0,matched_addr_query,0
3030000-101-2011-00128,봄의정원 왕십리점,"서울특별시 성동구 마조로7길 13 (행당동,지하1층)",1802840257,봄의정원 왕십리점,서울 성동구 마조로7길 13,3149.0,matched,29.0,matched,0
3030000-101-2018-00203,아우프글렛(AUFGLET),"서울특별시 성동구 독서당로51길 7, 1층 (금호동1가)",1897342038,아우프글렛 금호,서울 성동구 독서당로51길 7,1144.0,matched,26.0,matched,0
3030000-101-2017-00407,런치투데이 성수점,"서울특별시 성동구 성수일로 89, Metamorpho(지식산업센터) 1층 103,104호 (성수동1가)",1341248241,런치투데이 성수점,서울 성동구 성수일로 89,125.0,matched,23.0,matched,0
3030000-101-1996-04992,오래식당,,1407491776,오래식당,서울 성동구 마장로27가길 7,1.0,rejected_other_branch,1.0,matched_addr_query,0
3030000-101-2015-00317,로이스,"서울특별시 성동구 장터길 9, 지하1층 (금호동3가)",1258044731,로이스,서울 성동구 자동차시장3길 93,,rejected_other_branch,0.0,matched_addr_query,0
3030000-101-1997-01967,한돈금냉삼겹살,"서울특별시 성동구 연무장길 109, 1층 (성수동2가)",1230258203,한돈급냉삼겹살,서울 성동구 연무장길 109,39.0,matched,17.0,matched,0
3030000-101-2020-00179,만수네(MANSUNE),"서울특별시 성동구 한림말3길 21-1, 1층 (옥수동)",1333185557,만수네,서울 성동구 한림말3길 21-1,33.0,matched,14.0,matched,0
3030000-101-2000-06649,작품,"서울특별시 성동구 독서당로 381 (응봉동, 98 현대@상가101호)",843730603,작품,서울 성동구 독서당로 377,151.0,matched_road,29.0,matched_road,0
3030000-101-2020-00313,신의주찹쌀순대(금호점),"서울특별시 성동구 난계로 35, 2층 (금호동1가)",1264072673,신의주찹쌀순대 왕십리직영점,서울 성동구 마장로 137,2901.0,rejected_other_branch,29.0,matched_addr_query,0
3030000-101-2015-00324,바로크,"서울특별시 성동구 성수일로3길 7-7, 1층 (성수동1가)",37235775,바로크,서울 성동구 성수일로3길 7-7,77.0,matched,30.0,matched,0
3030000-101-2016-00099,매란방,"서울특별시 성동구 왕십리광장로 17, 2층 역무1호 (행당동)",37883589,매란방 왕십리본점,서울 성동구 왕십리광장로 17,6606.0,matched,29.0,matched,0
3030000-101-1984-04086,카카모루 성수점,서울특별시 성동구 연무장5가길 20-1 (성수동2가),1973359397,카카모루 성수점,서울 성동구 연무장5가길 20-1,1120.0,matched,30.0,matched,0
3030000-101-2004-00248,일번지,"서울특별시 성동구 마조로 19-10 (행당동,(지상2층))",37996797,일번지,서울 성동구 마조로 19-10,84.0,matched,30.0,matched,0
3030000-101-2014-00206,마장골한우숯불구이,"서울특별시 성동구 마장로31길 40, 2층 (마장동)",35593193,마장골한우숯불구이,서울 성동구 마장로31길 40,279.0,matched,28.0,matched,0
3030000-101-2011-00186,신명먹거리,"서울특별시 성동구 상원6길 3, 1층 (성수동1가, 13-132)",38522553,신명먹거리,서울 성동구 상원6길 3,185.0,matched,28.0,matched,0
3030000-101-2019-00178,아오내순대,"서울특별시 성동구 서울숲길 51-1, 1층 (성수동1가)",1107054430,아오내순대 본점,서울 성동구 서울숲길 51-1,217.0,matched,30.0,matched,0
3030000-101-2011-00117,카페루보브,"서울특별시 성동구 마조로1길 6 (행당동,외1필지(158-92)지상1층)",1132204697,카페루보브,서울 성동구 마조로1길 6,104.0,matched,28.0,matched,0
3030000-101-2004-00008,짙은(zitten),"서울특별시 성동구 마조로5길 4-5 (행당동,(지상1~2층))",1532790398,짙은,서울 성동구 마조로5길 4-5,409.0,matched,28.0,matched,0
3030000-101-2019-00242,언니커피,"서울특별시 성동구 성덕정길 98, 1층 (성수동2가)",1346789087,언니커피,서울 성동구 성덕정길 98,438.0,matched,28.0,matched,0
3030000-101-1991-02825,처갓집양념치킨 응봉점,서울특별시 성동구 독서당로60길 5 (응봉동),11782762,처갓집양념치킨 응봉점,서울 성동구 독서당로60길 5,72.0,matched,29.0,matched,0
3030000-101-2011-00013,화로주방 시로 왕십리본점,"서울특별시 성동구 왕십리로24나길 6, 1층 (도선동)",2007435988,화로주방 시로 왕십리본점,서울 성동구 왕십리로24나길 6,6.0,matched,6.0,matched,0
3030000-101-2019-00312,화포식당황학사거리점,"서울특별시 성동구 왕십리로 410, 아이동 156호 (하왕십리동, 센트라스)",1149004584,화포식당 황학사거리점,서울 성동구 왕십리로 410,546.0,matched,30.0,matched,0
3030000-101-2015-00016,교촌치킨 성수역점,"서울특별시 성동구 아차산로7길 10-1, 1층 (성수동2가)",36331720,교촌치킨 성수역점,서울 성동구 아차산로7길 10-1,718.0,matched,29.0,matched,0
3030000-101-2012-00098,명태촌,"서울특별시 성동구 뚝섬로 385-32, 지상2층 (성수동2가, 339-160)",1101983101,명태촌,서울 성동구 뚝섬로 385-32,134.0,matched,28.0,matched,0
3030000-101-2016-00329,깐부치킨 옥수점,"서울특별시 성동구 독서당로 224, 1층 (옥수동)",286480550,깐부치킨 옥수점,서울 성동구 독서당로 224,223.0,matched,30.0,matched,0
3030000-101-2016-00111,맛닭꼬 성수뚝도점,"서울특별시 성동구 성덕정길 109, 1층 (성수동2가)",37929766,맛닭꼬치킨 성수뚝도점,서울 성동구 성덕정길 109,304.0,matched,27.0,matched,0
3030000-101-2010-00060,치킨매니아옥수역점,"서울특별시 성동구 한림말1길 16-1 (옥수동,지상1층)",17913546,치킨매니아 옥수역점,서울 성동구 한림말1길 16-1,182.0,matched,30.0,matched,0
3030000-101-2002-00290,하이트,"서울특별시 성동구 사근동길 68 (사근동,(지하1층))",1261104536,더블하이트 갤러리카페 성수점,서울 성동구 성수일로4가길 10,331.0,rejected_other_branch,25.0,matched_addr_query,0
3030000-101-2003-00391,카네기,서울특별시 성동구 성덕정길 140 (성수동2가),1936311392,카네기,서울 성동구 성덕정길 140,4.0,matched,1.0,matched,0
3030000-101-2018-00113,프란츠카프카,"서울특별시 성동구 왕십리로 311-1, 지하1층 (행당동)",1880330435,프란츠 카프카,서울 성동구 왕십리로 311-1,269.0,matched,29.0,matched,1
3030000-101-2003-00026,교촌치킨 성수1호점,"서울특별시 성동구 동일로 41, 1층 (성수동2가)",1029238872,교촌치킨 성수1호점,서울 성동구 동일로 41,503.0,matched,30.0,matched,0
3030000-101-1994-06040,행당순대국,"서울특별시 성동구 행당로17길 5 (행당동, 317-90 지상1층)",1891968052,행당순대국,서울 성동구 행당로17길 5,347.0,matched,28.0,matched,0
3030000-101-2018-00167,은성보쌈,"서울특별시 성동구 독서당로 299-5, 1층 (금호동3가)",13005867,은성보쌈,서울 성동구 독서당로 297-6,963.0,matched_road,29.0,matched_road,0
3030000-101-1996-05679,칼국수집,서울특별시 성동구 무학봉26길 9-1 (하왕십리동),11861368,꿩칼국수 행당1호점,서울 성동구 무학봉26길 9-1,296.0,matched,28.0,matched,0
3030000-101-2020-00518,이태리오,"서울특별시 성동구 왕십리로 410, I동 1층 153호 (하왕십리동, 센트라스)",1268096156,이태리오,서울 성동구 왕십리로 410,489.0,matched,23.0,matched,0
3030000-101-2009-00009,전사랑,"서울특별시 성동구 성덕정15길 2-8, 1층 (성수동2가)",1543913843,전사랑,서울 성동구 성덕정15길 2-6,5.0,matched_road,3.0,matched,0
3030000-101-1993-05942,빈플래토,"서울특별시 성동구 한림말5길 19 (옥수동,,5)",20393540,빈플래토,서울 성동구 한림말5길 19,541.0,matched,28.0,matched,0
3030000-101-2018-00403,한음,"서울특별시 성동구 왕십리로10길 10, 지하1층 (성수동1가)",1050110136,한음 성수본점,서울 성동구 왕십리로10길 10,1257.0,matched,30.0,matched,0
3030000-101-2003-00239,왕가마솥,"서울특별시 성동구 마조로3가길 19 (행당동,(지상1층))",18776260,왕가마솥,서울 성동구 마조로3가길 19,252.0,matched,29.0,matched,0
3030000-101-2007-00212,푸줏간생고기점,"서울특별시 성동구 행당로17길 24 (행당동,지상1층)",17901611,푸줏간생고기점,서울 성동구 행당로17길 24,753.0,matched,30.0,matched,0
3030000-101-1992-05899,공릉동 멸치국수 성수점,"서울특별시 성동구 성덕정길 48 (성수동1가,(지상1층))",1485371876,공릉동원조멸치국수 성수점,서울 성동구 성덕정길 48,96.0,matched,5.0,matched,0
3030000-101-2020-00198,홈그라운드,"서울특별시 성동구 한림말길 22-20, 지1층 (옥수동)",1788369800,홈그라운드,서울 성동구 한림말길 22-20,18.0,matched,11.0,matched,0
3030000-101-2003-00341,스마일,"서울특별시 성동구 마조로 39 (행당동,(1층))",17899114,스마일즉석떡볶이,서울 성동구 마조로 39,746.0,matched,28.0,matched,0
3030000-101-2013-00181,히마와리,"서울특별시 성동구 무학로2길 33-2, 지상1층 (도선동)",37996794,히마와리,서울 성동구 무학로2길 33-2,79.0,matched,28.0,matched,0
3030000-101-2018-00148,브루크(brewc),"서울특별시 성동구 뚝섬로15길 29-1, 1층 (성수동2가)",1085945481,브루크 성수,서울 성동구 뚝섬로15길 29-1,2491.0,matched,30.0,matched,0
3030000-101-2019-00272,한국통닭,"서울특별시 성동구 용답중앙15길 3, 1층 (용답동)",1283449668,신한국통닭 신금호점,서울 성동구 무수막길 89,88.0,rejected_other_branch,27.0,matched_addr_query,0
3030000-101-1998-01482,김밥 킹,서울특별시 성동구 천호대로 294 (용답동),1385028802,김밥킹,서울 성동구 천호대로 294,220.0,matched,29.0,matched,0
3030000-101-2018-00235,미탄,"서울특별시 성동구 금호산2길 3, 지하1층 B01호 (금호동3가, 세진빌)",1023728596,미탄,서울 성동구 금호산2길 3,180.0,matched,28.0,matched,0
3030000-101-2018-00159,미미,"서울특별시 성동구 독서당로 301-101, 1층 (금호동3가)",2060404202,미미식당,서울 성동구 독서당로 301-101,2.0,matched,2.0,matched,0
3030000-101-1990-05352,우리집,서울특별시 성동구 행당로17길 5 (행당동),1870547614,본우리집밥,서울 성동구,257.0,rejected_other_branch,30.0,matched_addr_query,0
3030000-101-2005-00153,도네누,"서울특별시 성동구 용답중앙15길 2 (용답동,(지상1층))",17938481,도네누볏짚통삼겹살 용답점,서울 성동구 용답중앙15길 2,551.0,matched,30.0,matched,0
3030000-101-2010-00071,선희네 밥상,"서울특별시 성동구 광나루로11길 39 (송정동,(지상1층))",20922767,선희네밥상,서울 성동구 광나루로11길 39,15.0,matched,5.0,matched,0
3030000-101-2019-00159,유어네이키드치즈,"서울특별시 성동구 왕십리로10길 6, 105호 (성수동1가)",1310778628,유어네이키드치즈,서울 성동구 왕십리로10길 6,1036.0,matched,27.0,matched,0
3030000-101-2018-00261,홍익 돈까스,"서울특별시 성동구 상원1길 12, 1층 (성수동1가)",1006598954,홍익돈까스 성수직영점,서울 성동구 상원1길 12,1694.0,matched,29.0,matched,0
3030000-101-2016-00196,KFC 왕십리역사,"서울특별시 성동구 왕십리광장로 17, 1층 C-02호 (행당동, 왕십리민자역사)",17901231,KFC 왕십리역사,서울 성동구 왕십리광장로 17,6195.0,matched,27.0,matched,0
3030000-101-2020-00083,장흥집,"서울특별시 성동구 마장로 137, 221동 1층 113호 (상왕십리동, 텐즈힐)",1921713649,장흥집 본점,서울 성동구 마장로 137,1169.0,matched,30.0,matched,0
3030000-101-2012-00161,만땅,"서울특별시 성동구 왕십리로24길 13-1, 1층 (도선동, 201-2)",1602921293,만땅,서울 성동구 왕십리로24길 13-1,22.0,matched,12.0,matched,0
3030000-101-2000-06920,(주)한아름라이프,"서울특별시 성동구 왕십리로 222-1, 한양대학병원 내 장례식장 식당 (사근동)",1188860722,한아름라이프,서울 성동구 왕십리로 222,123.0,matched_road,22.0,matched,0
3030000-101-2018-00342,인생포차,"서울특별시 성동구 마장로 319-1, 1층 (마장동)",1364321348,인생포차,서울 성동구 마장로 319-1,67.0,matched,29.0,matched,0
3030000-101-2018-00124,계란식당,"서울특별시 성동구 금호로 48-1, 1층 103,104호 (금호동4가)",1029239710,계란식당,서울 성동구 금호로 48-1,119.0,matched,30.0,matched,0
3030000-101-2010-00215,희동이네,"서울특별시 성동구 독서당로 303-9 (금호동3가,(지상1층))",2081309175,희동이네포장마차,서울 성동구 독서당로 303-9,,matched,0.0,matched,0
3030000-101-2019-00356,맘스터치 행당역점,"서울특별시 성동구 고산자로 201, 1층 (행당동)",1491382587,맘스터치 행당역점,서울 성동구 고산자로 201,2397.0,matched,26.0,matched,0
3030000-101-2020-00018,탐앤탐스 성수1호점,"서울특별시 성동구 성수이로 51, 1층 101A,101B호 (성수동2가)",1461908908,탐앤탐스 성수1호점,서울 성동구 성수이로 51,1056.0,matched,25.0,matched,0
3030000-101-1993-05774,충남식당,"서울특별시 성동구 성수일로12길 25, 1층 (성수동2가)",1801918022,충남식당,서울 성동구 성수일로12길 25,11.0,matched,0.0,matched,0
3030000-101-2008-00112,옥수 아지트,"서울특별시 성동구 한림말5길 7 (옥수동, 365-21 지상2층)",2055749435,옥수아지트,서울 성동구 한림말5길 7,2.0,matched,2.0,matched,0
3030000-101-2018-00245,소림마라 성동점,"서울특별시 성동구 독서당로39길 43-1, 103호 (옥수동)",1465223716,소림마라 성동점,서울 성동구 독서당로39길 43-1,192.0,matched,30.0,matched,0
3030000-101-1995-02473,행운,"서울특별시 성동구 마조로1길 2 (행당동,,158-34.39.41.44)",19872984,행운돈가스,서울 성동구 마조로1길 2,962.0,matched,29.0,matched,0
3030000-101-2009-00124,왕칼국수,"서울특별시 성동구 독서당로 303-6 (금호동3가,지상1층)",32779522,왕칼국수,서울 성동구 독서당로 303-6,96.0,matched,30.0,matched,0
3030000-101-2008-00013,바스버거 성수점,"서울특별시 성동구 왕십리로4가길 9, 1층 (성수동1가)",1243309953,바스버거 성수점,서울 성동구 왕십리로4가길 9,2816.0,matched,28.0,matched,0
3030000-101-1998-04230,칠성식당,"서울특별시 성동구 뚝섬로 401-2, 1층 (성수동2가, 331-2)",17920711,칠성옻닭,서울 성동구 뚝섬로 401-2,305.0,matched,27.0,matched,0
3030000-101-2020-00340,대도식당,"서울특별시 성동구 무학로14길 6-11, 1층 (홍익동)",11679517,대도식당 왕십리본점,서울 성동구 무학로12길 3,2713.0,rejected_other_branch,28.0,matched_addr_query,0
3030000-101-2019-00029,처갓집양념치킨 왕십리점,"서울특별시 성동구 마장로23길 7, 1층 (홍익동)",1129752349,처갓집양념치킨 왕십리점,서울 성동구 마장로23길 7,389.0,matched,30.0,matched,0
3030000-101-2010-00024,묘월,"서울특별시 성동구 광나루로11길 17-1 (송정동,지상1층)",1401382335,묘월 밥집,서울 성동구 광나루로11길 17-1,17.0,matched,16.0,matched,0
3030000-101-2012-00130,한스배럴(HANS BARREL),"서울특별시 성동구 용답29길 32, 1층 (용답동, 65-1)",1827136953,한스배럴,서울 성동구 용답29길 32,33.0,matched,30.0,matched,0
3030000-101-1983-02806,행운,서울특별시 성동구 아차산로 96 (성수동2가),19872984,행운돈가스,서울 성동구 마조로1길 2,962.0,rejected_other_branch,29.0,matched_addr_query,0
3030000-101-2001-06820,술찾사,"서울특별시 성동구 장터5길 4, 1층 (금호동3가)",20915091,술찾사,서울 성동구 장터5길 4,58.0,matched,29.0,matched,0
3030000-101-2012-00146,꼬치있어좋은날,"서울특별시 성동구 무학로2길 44, 2층 (도선동, 64)",1364924138,꼬치있어좋은날 왕십리점,서울 성동구 무학로2길 44,623.0,matched,30.0,matched,0
3030000-101-2003-00159,강남포장마차,"서울특별시 성동구 왕십리로24길 11 (도선동,,3 (지상1층))",1665334530,강남포장마차,서울 성동구 왕십리로24길 13,49.0,matched_road,20.0,matched_road,0
3030000-101-1997-04590,샘터가든,"서울특별시 성동구 무학로2나길 7 (도선동,지상1층)",31186703,샘터가든,서울 성동구 무학로2나길 7,96.0,matched,29.0,matched,0
3030000-101-1995-06581,통돼지두루치기김치찌개전문점,"서울특별시 성동구 용답중앙15길 5-1, 지상1,2층 (용답동)",19847411,통돼지두루치기 김치찌개 전문점,서울 성동구 용답중앙15길 5-1,787.0,matched,29.0,matched,0
3030000-101-2018-00199,희정보감족,"서울특별시 성동구 상원2길 1, 1층 (성수동1가)",1983704110,희정보감족,서울 성동구 상원2길 1,462.0,matched,29.0,matched,0
3030000-101-2020-00145,무브온 Move on,"서울특별시 성동구 왕십리로 136, 2층 202호 (성수동1가)",1802897624,무브온 성수,서울 성동구 왕십리로 136,473.0,matched,30.0,matched,0
3030000-101-2007-00179,비비큐치킨,"서울특별시 성동구 성덕정길 59 (성수동1가,지상1층)",12070876,BBQ치킨 성수3점,서울 성동구 성덕정길 59,209.0,matched,30.0,matched,0
3030000-101-2019-00416,노쿠토이,"서울특별시 성동구 뚝섬로 430, 2층 (성수동2가)",1177180342,노쿠토이,서울 성동구 뚝섬로 430,46.0,matched,29.0,matched,0
3030000-101-1999-06313,한솥도시락 행당점,"서울특별시 성동구 행당로 119 (행당동, 317-70 지상1층)",30819954,한솥도시락 행당점,서울 성동구 행당로 119,502.0,matched,30.0,matched,0
3030000-101-1999-00164,투다리,서울특별시 성동구 아차산로7길 10-1 (성수동2가),11762846,투다리 성수본점,서울 성동구 아차산로7길 10-1,439.0,matched,27.0,matched,0
3030000-101-2016-00305,장군장어(2호점),"서울특별시 성동구 독서당로 303-3, 1~2층 (금호동3가)",1773138032,장군장어,서울 성동구 독서당로 303-3,254.0,matched,30.0,matched,0
3030000-101-2012-00091,홍짜장,"서울특별시 성동구 금호로 151, 지상1층 (금호동2가, 449-1)",33937361,홍짜장 신금호역점,서울 성동구 금호로 151,1128.0,matched,26.0,matched,0
3030000-101-2014-00152,송정카레국수,"서울특별시 성동구 광나루로11길 32, 1층 (송정동)",1591888575,송정국수,서울 성동구 광나루로11길 32,379.0,matched,29.0,matched,0
3030000-101-1985-05759,독도사랑,서울특별시 성동구 아차산로 87 (성수동2가),1085994758,독도사랑 막회,서울 성동구 아차산로 87,470.0,matched,30.0,matched,0
3030000-101-2011-00163,별관집,"서울특별시 성동구 왕십리로20길 36 (홍익동,(지상1층))",1906735084,별관집,서울 성동구 왕십리로20길 36,662.0,matched,30.0,matched,0
3030000-101-2017-00391,안정,"서울특별시 성동구 왕십리로4길 26-22, 2층 (성수동1가)",2046853991,안정,서울 성동구 왕십리로4길 26-22,92.0,matched,30.0,matched,0
3030000-101-2019-00431,키친오늘(kitchen ONL),"서울특별시 성동구 장터5길 9-1, 지하1층 (금호동3가)",1380633008,키친오늘,서울 성동구 장터5길 9-1,3.0,matched,3.0,matched,0
3030000-101-2014-00255,두께,"서울특별시 성동구 청계천로 484, 120동 1층 110호 (하왕십리동, 청계벽산아파트 상가)",1388906467,두께 본점,서울 성동구 청계천로 484,367.0,matched,29.0,matched,0
3030000-101-2021-00076,스시모치,"서울특별시 성동구 금호산2길 26-3, 1층 (금호동3가)",1590865428,스시모치,서울 성동구 금호산2길 26-3,5.0,matched,3.0,matched,0
3030000-101-2019-00062,쿠켄치킨,"서울특별시 성동구 뚝섬로3길 16, Biz Well 오피스텔 103호 (성수동1가)",1255877386,쿠켄치킨호프 성수점,서울 성동구 뚝섬로3길 16,93.0,matched,29.0,matched,0
3030000-101-2013-00101,사랑채,"서울특별시 성동구 왕십리광장로 17, 지상4층 (행당동, 왕십리민자역사)",1217930272,사랑채,서울 성동구 왕십리광장로 17,143.0,matched,30.0,matched,0
3030000-101-2011-00207,엘루이피자,"서울특별시 성동구 마조로5길 12, 1층 (행당동)",1061330292,엘루이 피자,서울 성동구 마조로5길 12,1968.0,matched,28.0,matched,0
3030000-101-2020-00418,"카페,사근","서울특별시 성동구 사근동길 52-1, 1층 (사근동)",1559471072,카페사근,서울 성동구 사근동길 52-1,123.0,matched,28.0,matched,0
3030000-101-2021-00022,킨들(kindle),"서울특별시 성동구 용답19길 2-2, 1층 (용답동)",2003335559,킨들,서울 성동구 용답19길 2-2,53.0,matched,27.0,matched,0
3030000-101-2017-00383,봉평골 메밀막국수,"서울특별시 성동구 고산자로 284, 2층 203호 (행당동)",19475007,봉평골메밀막국수,서울 성동구 고산자로 284,367.0,matched,30.0,matched,0
3030000-101-2002-00135,레벤호프,"서울특별시 성동구 용답중앙11길 20 (용답동,(1층))",20918672,레벤호프,서울 성동구 용답중앙11길 20,15.0,matched,7.0,matched,0
3030000-101-2019-00168,아이오쓰리(iooo),"서울특별시 성동구 성수이로20길 60, 1층 (성수동2가)",1623328599,아이오쓰리 에이스하이엔드점,서울 성동구 성수이로10길 14,1112.0,rejected_other_branch,30.0,matched_addr_query,0
3030000-101-2019-00252,혜성분식,"서울특별시 성동구 성수이로7가길 21, 1층 (성수동2가)",1614771392,혜성분식 성수점,서울 성동구 성수이로7가길 21,258.0,matched,29.0,matched,0
3030000-101-2017-00323,유류식당,"서울특별시 성동구 독서당로 270, 상가동 4층 405호 (금호동4가, 대우아파트)",1359803859,유류식당,서울 성동구 독서당로 270,63.0,matched,30.0,matched,0
3030000-101-1976-05498,동신식당,"서울특별시 성동구 성덕정17길 11 (성수동2가, 성수2가 565 지상1층)",1492029006,동신식당,서울 성동구 성덕정17가길 11,90.0,rejected_other_branch,21.0,matched_addr_query,0
3030000-101-1987-04581,행복한식당,서울특별시 성동구 아차산로9길 30 (성수동2가),1973621319,행복한식당,서울 성동구 아차산로9길 30,474.0,matched,30.0,matched,0
3030000-101-2001-07157,아오미,서울특별시 성동구 왕십리로4길 20 (성수동1가),1276470700,아오미,서울 성동구 왕십리로4길 20,478.0,matched,29.0,matched,0
3030000-101-2016-00292,남대문 우리식당,"서울특별시 성동구 왕십리로24길 12, 1층 (도선동)",1638641939,남대문우리식당,서울 성동구 왕십리로24길 12,209.0,matched,30.0,matched,0
3030000-101-2011-00216,엄마손도시락,"서울특별시 성동구 독서당로62길 24, 지상1층 (응봉동)",32959894,엄마손도시락백반,서울 성동구 독서당로62길 24,243.0,matched,30.0,matched,0
3030000-101-2014-00313,성수우동,"서울특별시 성동구 뚝섬로 337, 1층 101호 (성수동1가, 경배빌딩)",38471684,성수우동,서울 성동구 뚝섬로 337,1657.0,matched,29.0,matched,0
3030000-101-2018-00321,태양해물,"서울특별시 성동구 천호대로 288, 1층 (용답동)",32094980,태양해물아구찜탕,서울 성동구 천호대로 288,188.0,matched,27.0,matched,0
3030000-101-2002-00098,호남식당,서울특별시 성동구 상원6길 4 (성수동1가),18787828,호남식당,서울 성동구 상원6길 4,82.0,matched,27.0,matched,0
3030000-101-2002-00206,어부가,"서울특별시 성동구 성수일로8길 40 (성수동2가,(지상1층))",1746743103,어부가,서울 성동구 성수일로8길 40,116.0,matched,29.0,matched,0
3030000-101-1990-06029,성수식탁,"서울특별시 성동구 뚝섬로3길 16, 1층 101호 (성수동1가)",1922342657,성수식탁,서울 성동구 뚝섬로3길 16,14.0,matched,8.0,matched,0
3030000-101-2005-00008,피그,서울특별시 성동구 왕십리로16가길 4 (성수동1가),2097135548,피그,서울 성동구 왕십리로16가길 4,356.0,matched,30.0,matched,0
3030000-101-2000-06499,필라이브(금호동),서울특별시 성동구 금호로 45 (금호동4가),20888637,필라이브카페,서울 성동구 금호로 45,1.0,matched,1.0,matched,0
3030000-101-2012-00076,이모네,"서울특별시 성동구 무수막길 89-9, 1층 (금호동2가)",1135620624,이모네생고기,서울 성동구 마조로 17,70.0,rejected_other_branch,28.0,matched_addr_query,0
3030000-101-2012-00081,인생한우,"서울특별시 성동구 마장로31길 43, 지상2층 (마장동, 522-2)",1601046663,인생한우,서울 성동구 마장로31길 43,1354.0,matched,28.0,matched,0
3030000-101-2015-00071,라온,"서울특별시 성동구 마조로1가길 17, 1층 (행당동)",38624096,라온석갈비,서울 성동구 성수이로 119,860.0,rejected_other_branch,30.0,matched_addr_query,0
3030000-101-2015-00126,BHC 성수역점,"서울특별시 성동구 성덕정길 56, 1층 (성수동1가)",36792191,BHC치킨 성수역점,서울 성동구 성덕정길 56,208.0,matched,29.0,matched,0
3030000-101-2018-00116,소바마에,"서울특별시 성동구 왕십리로4길 26-20, 지하1층 (성수동1가)",1152679655,소바마에,서울 성동구 왕십리로4길 26-20,1945.0,matched,30.0,matched,0
3030000-101-2017-00101,민준이네,"서울특별시 성동구 왕십리로 313, 1층 (행당동)",1230031692,민준이네,서울 성동구 왕십리로 313,218.0,matched,29.0,matched,0
3030000-101-2020-00571,진저그랜파(gingergrandpa),"서울특별시 성동구 성수일로 95-1, 1층 (성수동1가)",2075850621,진저그랜파,서울 성동구 성수일로 95-1,565.0,matched,28.0,matched,0
3030000-101-1990-02603,마쿠 마라탕,서울특별시 성동구 마조로3길 6 (행당동),170899606,마쿠 마라탕,서울 성동구 마조로3길 6,597.0,matched,28.0,matched,0
3030000-101-2019-00303,호호식당 성수,"서울특별시 성동구 서울숲4길 25, 1층2층 (성수동1가)",1836968731,호호식당 성수,서울 성동구 서울숲4길 25,7469.0,matched,28.0,matched,0
3030000-101-2007-00241,몽실이네토종한우,"서울특별시 성동구 마장로35길 70, 1층, 2층 (마장동)",20408083,몽실이네 토종한우,서울 성동구 마장로35길 70,1538.0,matched,28.0,matched,0
3030000-101-2017-00218,로우키,"서울특별시 성동구 뚝섬로1나길 5, 1층 (성수동1가, 헤이그라운드)",1565282768,로우키,서울 성동구 송정6길 5,176.0,rejected_other_branch,24.0,matched_addr_query,0
3030000-101-2000-06424,함흥순대국,"서울특별시 성동구 매봉길 22, 지상1층 (금호동4가)",1404192352,함흥순대국,서울 성동구 매봉길 22,16.0,matched,9.0,matched,0
3030000-101-1998-04189,와우,"서울특별시 성동구 마장로35길 76, 마장현대아파트 상가 2층 201,202호 (마장동)",1765952215,와우,서울 성동구 마장로35길 76,2343.0,matched,29.0,matched,0
3030000-101-2009-00025,큰손 닭강정,"서울특별시 성동구 성덕정길 27 (성수동1가,지상1층)",2063004131,큰손닭강정 왕십리점,서울 성동구 왕십리로21길 10-1,71.0,rejected_other_branch,30.0,matched_addr_query,0
3030000-101-2004-00187,짱,"서울특별시 성동구 마조로 15-6 (행당동,(지상1층))",1343384672,한양짱분식,서울 성동구 마조로 17,277.0,matched_road,28.0,matched_road,0
3030000-101-1994-05148,송범식당,서울특별시 성동구 왕십리로5길 19 (성수동1가),1037805718,송범순대국,서울 성동구 왕십리로5길 19,301.0,matched,29.0,matched,0
3030000-101-2020-00404,리커버리 커피바,"서울특별시 성동구 왕십리로16가길 10, 1층 (성수동1가)",1576185695,리커버리커피바,서울 성동구 왕십리로16가길 10,185.0,matched,28.0,matched,0
3030000-101-2019-00283,(주)돈골약방,"서울특별시 성동구 성수일로8길 28, 1층 (성수동2가)",1655142962,돈골약방 성수점,서울 성동구 성수일로8길 28,2493.0,matched,27.0,matched,0
3030000-101-1981-03392,설빙 한양대점,"서울특별시 성동구 마조로 9 (행당동, 19-100 지상2층)",35257986,설빙 한양대점,서울 성동구 마조로 9,991.0,matched,30.0,matched,0
3030000-101-1981-03691,신신원,"서울특별시 성동구 광나루로 290, 일조산업, 일조빌딩 202호 (성수동2가)",1065173696,신신원,서울 성동구 광나루로 290,292.0,matched,28.0,matched,0
3030000-101-2019-00229,다모토리혼,"서울특별시 성동구 성수일로8길 53, 2층 203호204호205호 (성수동2가)",1659851228,다모토리혼 성수본점,서울 성동구 성수일로8길 53,1005.0,matched,30.0,matched,0
3030000-101-2016-00225,왕십리막회,"서울특별시 성동구 마조로3가길 25, 2층 (행당동)",1545773559,왕십리막회,서울 성동구 마조로3가길 25,993.0,matched,30.0,matched,0
3030000-101-2014-00221,성식이네 매운닭발,"서울특별시 성동구 마조로7길 9-1, 1층 (행당동)",37425988,성식이네 매운닭발,서울 성동구 마조로7길 9-1,519.0,matched,27.0,matched,0
3030000-101-2020-00208,퀴바라,"서울특별시 성동구 성수일로1길 18, 1층 (성수동1가)",1276206952,퀴바라,서울 성동구 성수일로1길 18,87.0,matched,29.0,matched,0
3030000-101-1998-04084,정원식당,서울특별시 성동구 마장로 220-5 (홍익동),31455035,정원식당,서울 성동구 마장로 220-5,31.0,matched,14.0,matched,0
3030000-101-2021-00056,반궁 왕십리역사점,"서울특별시 성동구 왕십리광장로 17, 2층 이티-01호 (행당동)",1018499344,반궁 왕십리역사점,서울 성동구 왕십리광장로 17,1057.0,matched,29.0,matched,0
3030000-101-2019-00035,제스티 살룬(zesty saloon),"서울특별시 성동구 서울숲4길 13, 1층, 2층 (성수동1가)",1172915589,제스티살룬 성수,서울 성동구 서울숲4길 13,8611.0,matched,30.0,matched,0
3030000-101-2002-00481,유진참치,"서울특별시 성동구 성수일로8길 39, 2층 202호 (성수동2가)",18794069,유진참치,서울 성동구 성수일로8길 39,93.0,matched,28.0,matched,0
3030000-101-2019-00192,스시무카,"서울특별시 성동구 왕십리로 410, L동 1층 103호 (하왕십리동, 센트라스)",1406110999,스시무카,서울 성동구 왕십리로 410,100.0,matched,29.0,matched,0
3030000-101-2004-00279,화로구이,서울특별시 성동구 마장로 315 (마장동),87825194,화로구이 마장점,서울 성동구 마장로 315,2604.0,matched,30.0,matched,1
3030000-101-2020-00320,독보,"서울특별시 성동구 상원길 50-15, 1층 (성수동1가)",1064788181,독보,서울 성동구 상원길 50-15,580.0,matched,30.0,matched,0
3030000-101-2016-00234,미 테이블,"서울특별시 성동구 왕십리로8길 5, 1층 (성수동1가)",38590315,미테이블 서울숲성수본점,서울 성동구 왕십리로8길 5,7560.0,matched,29.0,matched,1
3030000-101-2012-00072,깡통집,"서울특별시 성동구 광나루로6길 49, 1층 (성수동2가, 280-4)",32393072,깡통집,서울 성동구 광나루로6길 49,112.0,matched,28.0,matched,0
3030000-101-2006-00020,영동식당,"서울특별시 성동구 성덕정길 145 (성수동2가,지상1층)",20888152,영동식당,서울 성동구 성덕정길 145,17.0,matched,0.0,matched,0
3030000-101-2003-00153,촬댄,"서울특별시 성동구 마장로27가길 27-6, 1층 (마장동)",20842263,촬댄양꼬치 본점,서울 성동구 마장로27가길 27-6,129.0,matched,30.0,matched,0
3030000-101-1985-05000,생태한마리,서울특별시 성동구 뚝섬로 408-7 (성수동2가),17924348,생태한마리,서울 성동구 뚝섬로 408-7,94.0,matched,30.0,matched,0
3030000-101-2018-00175,행당주막(넝쿨),"서울특별시 성동구 왕십리로21길 17, 지하1층 (행당동)",2060635811,행당주막넝쿨,서울 성동구 왕십리로21길 17,3.0,matched,0.0,matched,0
3030000-101-2001-07201,엄마국밥,"서울특별시 성동구 장터길 22-1 (금호동4가, 1384 지상1층)",1461882558,엄마국밥,서울 성동구 장터길 22-1,31.0,matched,14.0,matched,0
3030000-101-2005-00209,허브,"서울특별시 성동구 독서당로 314 (금호동4가,(지상2층))",1205184344,허브약국,서울 성동구 금호로 158-2,930.0,rejected_other_branch,25.0,matched_addr_query,0
3030000-101-2013-00144,맛닭꼬,"서울특별시 성동구 왕십리로4길 19, 지상1층 (성수동1가)",36438516,맛닭꼬치킨 금호역점,서울 성동구 장터길 22-1,326.0,rejected_other_branch,28.0,matched_addr_query,0
3030000-101-1990-05623,성수노루,"서울특별시 성동구 아차산로 110, 성광빌딩 1층 101,109,110,111호 (성수동2가)",1561895045,성수노루,서울 성동구 아차산로 110,3450.0,matched,30.0,matched,0
3030000-101-2011-00096,치킨매니아,"서울특별시 성동구 고산자로 177 (행당동,푸르지오상가 114호(지상1층))",13147896,치킨매니아 응봉점,서울 성동구 고산자로2길 10-4,322.0,rejected_other_branch,29.0,matched_addr_query,0
3030000-101-2020-00172,프란츠,"서울특별시 성동구 왕십리로 311-1, 지하1층 (행당동)",1880330435,프란츠 카프카,서울 성동구 왕십리로 311-1,269.0,matched,29.0,matched,1
3030000-101-2012-00084,이삭토스트 한양대점,"서울특별시 성동구 마조로 24, 1층 (행당동, 12-10)",1907377429,이삭토스트 서울 한양대점,서울 성동구 마조로 24,722.0,matched,27.0,matched,0
3030000-101-2021-00109,루덴,"서울특별시 성동구 연무장길 39-25, 지하1층 (성수동2가)",1427906320,루덴스파트너스,서울 성동구 연무장15길 11,146.0,rejected_other_branch,27.0,matched_addr_query,0
3030000-101-2009-00018,옥된장 성수점,"서울특별시 성동구 상원1길 26, 서울숲A타워 1층 108-2호 (성수동1가)",1942625135,옥된장 성수점,서울 성동구 상원1길 26,841.0,matched,30.0,matched,0
3030000-101-2017-00363,소적두 성수점,"서울특별시 성동구 상원6길 8, 1층 (성수동1가)",1155334419,소적두 성수점,서울 성동구 상원6길 8,168.0,matched,29.0,matched,0
3030000-101-2010-00125,카모메(한양대점),"서울특별시 성동구 마조로 17 (행당동,4호 지상1층)",13496755,카모메 한양대점,서울 성동구 마조로 17,7441.0,matched,29.0,matched,0
3030000-101-2019-00064,성수부두,"서울특별시 성동구 연무장길 41-26, 지하1층 (성수동2가)",1879202437,성수부두,서울 성동구 연무장길 41-26,767.0,matched,30.0,matched,0
3030000-101-2020-00452,무브모브(move.mov),"서울특별시 성동구 성수일로 56, 1층 102호 (성수동2가)",1859537881,무브모브 성수,서울 성동구 성수일로 56,2531.0,matched,29.0,matched,0
3030000-101-1994-05351,주물럭꼼장어,"서울특별시 성동구 마조로 17, B동 40호 (행당동,지상1층)",1426896698,주물럭꼼장어,서울 성동구 마조로 17,36.0,matched,12.0,matched,0
3030000-101-1988-03459,오츠쿠리,"서울특별시 성동구 장터길 44-2, 2층 (금호동4가)",1356750560,오츠쿠리,서울 성동구 장터길 44-2,262.0,matched,27.0,matched,0
3030000-101-1993-03786,금수원,"서울특별시 성동구 금호로 58, 1층 (금호동1가)",17911142,금수원,서울 성동구 금호로 58,137.0,matched,29.0,matched,0
3030000-101-2012-00207,봉구스밥버거(무학여고점),"서울특별시 성동구 행당로 129, 지상1층 (행당동, 317-52 외 2필지)",31336841,봉구스밥버거 무학여고점,서울 성동구 행당로 129,233.0,matched,30.0,matched,0
3030000-101-1993-02392,둘둘치킨,"서울특별시 성동구 성덕정17길 1 (성수동2가, 성수2가 565-8 지상1층)",12905628,둘둘치킨 왕십리점,서울 성동구 무학로2길 45,394.0,rejected_other_branch,29.0,matched_addr_query,0
3030000-101-2019-00102,미스타교자 용답역점,"서울특별시 성동구 용답19길 10, 1층 (용답동)",1040790917,미스타교자 용답역점,서울 성동구 용답19길 10,205.0,matched,29.0,matched,0
3030000-101-2007-00145,미사랑,"서울특별시 성동구 상원길 24 (성수동1가,(지상1층))",11532297,미사랑치과의원,서울 성동구 왕십리로 333,489.0,rejected_other_branch,30.0,matched_addr_query,0
3030000-101-2011-00107,한남식당,"서울특별시 성동구 마장로35라길 9, 한빛빌딩 2층 (마장동)",1978887644,한남식당,서울 성동구 마장로35라길 9,13.0,matched,8.0,matched,0
3030000-101-2009-00220,시골동태찌개,"서울특별시 성동구 왕십리로 355 (하왕십리동, 957 새성동빌딩 지상1층)",13443865,시골동태찌개,서울 성동구 왕십리로 355,352.0,matched,30.0,matched,0
3030000-101-2000-06684,코스모,서울특별시 성동구 행당로 125-3 (행당동),1582416455,코스모,서울 성동구 행당로 125-3,43.0,matched,13.0,matched,0
3030000-101-2016-00018,봉구비어 마장동점,"서울특별시 성동구 고산자로 345, 202호 (마장동, 고운타워)",37768916,봉구비어 마장동점,서울 성동구 고산자로 345,93.0,matched,30.0,matched,0
3030000-101-2009-00134,왕십리원조왕곱창,"서울특별시 성동구 무학로2가길 2 (도선동,(지상1층))",18771218,왕십리원조왕곱창,서울 성동구 무학로2가길 2,62.0,matched,30.0,matched,0
3030000-101-2012-00080,델리키친,"서울특별시 성동구 동일로 269, 지상2층 (송정동, 91-21)",19888880,델리키친,서울 성동구 동일로 269,1.0,matched,0.0,matched,0
3030000-101-2005-00097,로데오 곱창,"서울특별시 성동구 용답19길 8 (용답동,(지상1층))",20845969,로데오곱창,서울 성동구 용답19길 8,750.0,matched,29.0,matched,0
3030000-101-1992-05785,오뚜기식당,서울특별시 성동구 왕십리로26길 8 (도선동),12001909,오뚜기식당,서울 성동구 왕십리로26길 8,39.0,matched,11.0,matched,0
3030000-101-2003-00065,유정,"서울특별시 성동구 성덕정길 142 (성수동2가,(지상1층))",18786228,유정빌딩,서울 성동구 상원2길 6,,rejected_other_branch,0.0,matched_addr_query,0
3030000-101-2020-00549,아웃오브오더,"서울특별시 성동구 아차산로13길 2, 2층 (성수동2가)",1334028812,아웃오브오더,서울 성동구 아차산로13길 2,4419.0,matched,30.0,matched,0
3030000-101-2015-00262,최강포차 한양대점,"서울특별시 성동구 마조로1가길 7, 1층 (행당동, 사임당빌딩)",1603952338,최강포차 한양대점,서울 성동구 마조로1가길 7,46.0,matched,29.0,matched,0
3030000-101-2004-00103,본죽&비빔밥(행당동점),"서울특별시 성동구 행당로 101, 1층 (행당동)",1136915083,본죽&amp;비빔밥 행당동점,서울 성동구 행당로 101,282.0,matched,14.0,matched,0
3030000-101-2015-00200,맘스터치 한양대점,"서울특별시 성동구 마조로 31, 2층 (행당동)",37092795,맘스터치 한양대점,서울 성동구 마조로 31,1229.0,matched,27.0,matched,0
3030000-101-1997-01868,깡 우동,서울특별시 성동구 마조로 17 (행당동),1134701130,깡우동 행당점,서울 성동구 마조로3가길 25,142.0,rejected_other_branch,29.0,matched_addr_query,0
3030000-101-2013-00164,투썸플레이스 금호하이리버점,"서울특별시 성동구 금호로 105, 지하3층 B303,304호 (금호동2가, 금호래미안하이리버 상가동)",33445697,투썸플레이스 금호하이리버점,서울 성동구 금호로 105,1158.0,matched,28.0,matched,0
3030000-101-2012-00194,맛집이모네,"서울특별시 성동구 성덕정15길 2, 지상1층 1,2호 (성수동2가, 335-121)",34321513,맛집이모네,서울 성동구 성덕정15길 2,89.0,matched,29.0,matched,0
3030000-101-2015-00203,신자금성,"서울특별시 성동구 독서당로 160, 상가동 2층 213호~215호 (옥수동, 옥수동한남하이츠아파트)",37123059,신자금성,서울 성동구 독서당로 160,441.0,matched,16.0,matched,0
3030000-101-1999-06354,장미통닭,"서울특별시 성동구 성수이로 37, 지하1층 (성수동2가)",1895843213,장미통닭집,서울 성동구 성수이로 37,19.0,matched,6.0,matched,0
3030000-101-2020-00489,라쿵푸마라탕 금호점,"서울특별시 성동구 금호로 148-1, 2층 (금호동1가)",1907037743,라쿵푸마라탕 금호점,서울 성동구 금호로 148-1,272.0,matched,29.0,matched,0
3030000-101-2007-00208,사계절함흥냉면,"서울특별시 성동구 용답중앙13길 7 (용답동,지상1층)",1071172723,사계절 함흥냉면,서울 성동구 용답중앙13길 7,108.0,matched,28.0,matched,0
3030000-101-1995-03021,아씨네호프,서울특별시 성동구 마장로 305 (마장동),20838537,아씨네호프,서울 성동구 마장로 305,43.0,matched,12.0,matched,0
3030000-101-2017-00418,깜닭치킨,"서울특별시 성동구 고산자로 177, 상가동 1층 110호 (행당동, 서울숲행당푸르지오아파트)",35769883,깜닭치킨 행당점,서울 성동구 고산자로 177,300.0,matched,30.0,matched,0
3030000-101-2014-00053,포몬스 옥수점,"서울특별시 성동구 한림말길 56, 2층 201호 (옥수동, 벽산빌라트)",1712683575,포몬스 옥수점,서울 성동구 한림말길 56,511.0,matched,30.0,matched,0
3030000-101-1983-03821,성수장,서울특별시 성동구 아차산로11길 11 (성수동2가),17922499,성수장,서울 성동구 아차산로11길 11,254.0,matched,28.0,matched,0
3030000-101-2016-00222,일카페,"서울특별시 성동구 자동차시장1길 39, 1층 102호 (용답동)",1325873310,일카페,서울 성동구 자동차시장1길 39,144.0,matched,27.0,matched,0
3030000-101-2019-00187,호남곱창,"서울특별시 성동구 왕십리로21길 39-1, 1층 (행당동)",34351464,호남곱창,서울 성동구 왕십리로21길 39-1,4.0,matched,0.0,matched,0
3030000-101-2014-00343,카이테이블,"서울특별시 성동구 왕십리광장로 17, 왕십리민자역사 지1층 (행당동)",1690334952,카이테이블,서울 성동구 왕십리광장로 17,1283.0,matched,29.0,matched,0
3030000-101-1996-05456,일품생고기,서울특별시 성동구 독서당로40길 29 (옥수동),18783098,일품생고기,서울 성동구 독서당로40길 29,435.0,matched,26.0,matched,0
3030000-101-2002-00485,서울왕족발,"서울특별시 성동구 마조로3가길 27 (행당동,(지상1층))",18776399,서울왕족발보쌈,서울 성동구 마조로3가길 27,329.0,matched,29.0,matched,0
3030000-101-2019-00269,수상한 막창,"서울특별시 성동구 왕십리로20길 45-1, 1층 (홍익동)",1379819785,왕십리 수상한막창 본점,서울 성동구 무학봉28길 20,4777.0,rejected_other_branch,30.0,matched_addr_query,0
3030000-101-2008-00078,더진국 한양대점,"서울특별시 성동구 마조로 7, 지상1층 (행당동)",35485893,더진국 수육국밥 한양대점,서울 성동구 마조로 7,1548.0,matched,26.0,matched,0
3030000-101-2009-00151,함지박,"서울특별시 성동구 고산자로6길 40 (행당동,레몬프라자(108호,109호))",1782420810,함지박,서울 성동구 고산자로6길 40,201.0,matched,30.0,matched,0
3030000-101-2011-00198,김가네성수시그마밸리점,"서울특별시 성동구 성수이로 51 (성수동2가, 325-2 지상1층 서울숲한라시그마밸리)",20753582,김가네 성수시그마밸리점,서울 성동구 성수이로 51,502.0,matched,30.0,matched,0
3030000-101-2006-00021,경성고기꾼 왕십리점,"서울특별시 성동구 마조로5길 3-3, 지상1층 (행당동)",1892865948,경성고기꾼 왕십리점,서울 성동구 마조로5길 3-3,1401.0,matched,30.0,matched,0
3030000-101-2017-00030,음악창고,"서울특별시 성동구 뚝섬로 395, 지하1층 (성수동2가)",256432222,음악창고 LP BAR,서울 성동구 뚝섬로 395,84.0,matched,29.0,matched,0
3030000-101-2019-00139,수상한막창,"서울특별시 성동구 무학봉28길 20, 1층 (행당동)",1379819785,왕십리 수상한막창 본점,서울 성동구 무학봉28길 20,4777.0,matched,30.0,matched,0
3030000-101-2020-00511,갓잇 서울숲점(GOD EAT),"서울특별시 성동구 왕십리로10길 9-14, 1층 (성수동1가)",1906728769,갓잇 서울숲점,서울 성동구 왕십리로10길 9-14,4523.0,matched,30.0,matched,0
3030000-101-2002-00309,고향식당,서울특별시 성동구 무학로6길 5 (홍익동),1884400216,고향식당,서울 성동구 자동차시장1길 89,50.0,rejected_other_branch,30.0,matched_addr_query,0
3030000-101-2020-00240,소인수서울,"서울특별시 성동구 왕십리로 136, 1층 (성수동1가)",1888739852,소인수서울 성수 본점,서울 성동구 왕십리로 136,1631.0,matched,30.0,matched,0
3030000-101-2017-00115,기후,"서울특별시 성동구 성수이로 66, 1층 106호 (성수동2가, 서울숲 드림타워)",1742512433,기후,서울 성동구 성수이로 66,1081.0,matched,30.0,matched,0
3030000-101-2018-00019,달구벌 반점,"서울특별시 성동구 아차산로13길 37, 2층 (성수동2가)",1345808765,달구벌반점,서울 성동구 아차산로13길 37,654.0,matched,29.0,matched,0
3030000-101-2001-06950,숙영이네,서울특별시 성동구 성덕정15길 5 (성수동2가),1339706156,숙영이네,서울 성동구 성덕정15길 5,47.0,matched,17.0,matched,0
3030000-101-2010-00133,춘천닭갈비,"서울특별시 성동구 왕십리로8길 8 (성수동1가,(지상1층))",17915322,춘천닭갈비,서울 성동구 왕십리로8길 8,302.0,matched,27.0,matched,0
3030000-101-2012-00035,홀리몰리 통닭구이,"서울특별시 성동구 성수이로 35 (성수동2가, 335-162 지상1층)",1591149206,홀리몰리통닭구이,서울 성동구 성수이로 35,44.0,matched,30.0,matched,0
3030000-101-1994-03557,아리계곡 왕십리 한양대점,"서울특별시 성동구 마조로3가길 14, 1~2층 (행당동)",2052954094,아리계곡 왕십리 한양대점,서울 성동구 마조로3가길 14,2156.0,matched,30.0,matched,0
3030000-101-2012-00028,라운지M(LOUNGE M),"서울특별시 성동구 고산자로 지하 300 (마장동, 마장동 517 지하1층)",1919344343,라운지M,서울 성동구 고산자로 300,9.0,rejected_other_branch,1.0,matched_addr_query,0
3030000-101-2016-00282,꽃찬찜닭 (왕십리점),"서울특별시 성동구 왕십리로 273, 1층 (행당동)",1423999354,꽃찬찜닭 왕십리점,서울 성동구 왕십리로 273,80.0,matched,23.0,matched,0
3030000-101-2007-00120,라일락,"서울특별시 성동구 성덕정길 128 (성수동2가,(지상1층))",1430180981,라일락,서울 성동구 성덕정길 128,14.0,matched,7.0,matched,0
3030000-101-2020-00316,지코바 성수1호점,"서울특별시 성동구 광나루로 156, 1층 (성수동1가)",1228323821,지코바치킨 성수1호점,서울 성동구 광나루로 156,101.0,matched,29.0,matched,0
3030000-101-2010-00065,호타루,"서울특별시 성동구 상원6길 6-1 (성수동1가,(지상1층))",18786930,호타루,서울 성동구 상원6길 6-1,431.0,matched,29.0,matched,0
3030000-101-2008-00203,대성정,"서울특별시 성동구 성덕정15길 3 (성수동2가,지상1층)",1835886446,대성정,서울 성동구 성덕정15길 3,54.0,matched,23.0,matched,0
3030000-101-2011-00045,오사카고양이 왕십리점,"서울특별시 성동구 무학로2길 39 (도선동,외 3필지 지상1층)",1925630435,오사카고양이 왕십리점,서울 성동구 무학로2길 39,1156.0,matched,30.0,matched,0
3030000-101-2021-00010,본죽&비빔밥 Cafe 옥수점,"서울특별시 성동구 한림말3길 15, 1층 (옥수동)",1837082290,본 죽&amp;비빔밥 옥수점,서울 성동구 한림말3길 15,220.0,matched,30.0,matched,0
3030000-101-1999-06139,삼원옥수해천탕,"서울특별시 성동구 독서당로 160, 상가동 1층 103,104호 (옥수동, 한남하이츠아파트)",37755930,삼원 옥수해천탕,서울 성동구 독서당로 156,333.0,matched_road,29.0,matched_road,0
3030000-101-1981-05729,대도식당,"서울특별시 성동구 무학로12길 3 (홍익동, 431)",11679517,대도식당 왕십리본점,서울 성동구 무학로12길 3,2713.0,matched,28.0,matched,0
3030000-101-2010-00172,행복한집,"서울특별시 성동구 둘레15길 14 (성수동2가,지상1층)",1728615747,행복한집,서울 성동구 둘레15길 14,33.0,matched,24.0,matched,0
3030000-101-2020-00450,푸라닭 성수1가점,"서울특별시 성동구 성수일로 10, 서울숲 ITCT 지식산업센터 1층 103호 (성수동1가)",1126226686,푸라닭 성수1가점,서울 성동구 성수일로 10,323.0,matched,30.0,matched,0
3030000-101-2020-00337,태태,"서울특별시 성동구 한림말3길 29, 2층 (옥수동)",1887736448,태태,서울 성동구 한림말3길 29,505.0,matched,30.0,matched,0
3030000-101-2014-00013,삼삼불닭발,"서울특별시 성동구 광나루로11길 50, 1층 (송정동)",1232674922,삼삼불닭발,서울 성동구 광나루로11길 50,16.0,matched,5.0,matched,0
3030000-101-2007-00209,장어구이,"서울특별시 성동구 마조로 19-10 (행당동,지상1층)",33085421,장어구이,서울 성동구 마조로 17,392.0,matched_road,28.0,matched_road,1
3030000-101-1991-05350,행당집,서울특별시 성동구 행당로17길 20 (행당동),1297989186,행당집,서울 성동구 행당로17길 20,475.0,matched,27.0,matched,0
3030000-101-2020-00440,반포식스 성수점,"서울특별시 성동구 아차산로17길 49, 1층 117~119호 (성수동2가)",1795002373,반포식스 성수점,서울 성동구 아차산로17길 49,801.0,matched,27.0,matched,0
3030000-101-2020-00175,성수동 리얼로스팅 커피&디저트,"서울특별시 성동구 송정4가길 65, 1층 (송정동)",2000743851,성수동 리얼로스팅커피&amp;디저트,서울 성동구 송정4가길 65,8.0,matched,8.0,matched,0
3030000-101-1997-01875,롤링파스타 한양대점,서울특별시 성동구 마조로5길 8 (행당동),2078756274,롤링파스타 한양대점,서울 성동구 마조로5길 8,1108.0,matched,28.0,matched,0
3030000-101-2021-00049,고집132 성수본점,"서울특별시 성동구 왕십리로8길 5, 1층 (성수동1가)",1902597245,고집132 성수본점,서울 성동구 왕십리로8길 5,4457.0,matched,29.0,matched,0
3030000-101-2019-00109,헤라,"서울특별시 성동구 성덕정길 150, 1층 (성수동2가)",1174928418,헤라미용실,서울 성동구 성수이로3길 19,52.0,rejected_other_branch,14.0,matched_addr_query,0
3030000-101-2008-00009,미정이네식당,"서울특별시 성동구 성덕정15길 8 (성수동2가,지상1층)",20765291,미정이네식당,서울 성동구 성덕정15길 6-5,227.0,matched_road,27.0,matched_road,0
3030000-101-2004-00117,한신우동 한양대점,"서울특별시 성동구 마조로1가길 1 (행당동,(1층))",1383733067,한신우동 한양대점,서울 성동구 마조로1가길 1,734.0,matched,28.0,matched,0
3030000-101-2020-00595,버거엘(Bugerelle),"서울특별시 성동구 왕십리로 135, 215동 1119호 (성수동1가)",1214382781,버거엘,서울 성동구 왕십리로 135,239.0,matched,30.0,matched,0
3030000-101-2008-00063,이모네포장마차,"서울특별시 성동구 금호로11길 1 (금호동2가,지상1층( 대추나무길 3 ))",1819121420,땅콩이모네포차,서울 성동구 금호로11길 1,7.0,matched,0.0,matched,0
3030000-101-2012-00104,브릭스커피,"서울특별시 성동구 마조로11길 13, 1층 (행당동, 1-41)",1354505615,브릭스커피,서울 성동구 마조로11길 13,347.0,matched,25.0,matched,0
3030000-101-2018-00071,야끼도리 정,"서울특별시 성동구 상원1길 33, 1층 (성수동1가)",1040781617,야끼도리정,서울 성동구 상원1길 33,48.0,matched,29.0,matched,0
3030000-101-2002-00090,둘둘치킨(성수1호점),서울특별시 성동구 상원길 52 (성수동1가),12905628,둘둘치킨 왕십리점,서울 성동구 무학로2길 45,394.0,rejected_other_branch,29.0,matched_addr_query,0
3030000-101-2015-00178,두끼 한양대점,"서울특별시 성동구 마조로 30, 3층 (행당동, 미진빌딩)",2068135857,두끼 한양대점,서울 성동구 마조로 30,232.0,matched,29.0,matched,0
3030000-101-2007-00189,육쌈냉면,"서울특별시 성동구 마조로1길 39 (행당동,외1필지(168-157)지상1층(늘봄길55))",33928774,육쌈냉면 한양대점,서울 성동구 마조로1길 39,463.0,matched,24.0,matched,0
3030000-101-2021-00153,세키신,"서울특별시 성동구 무학봉26길 10-1, 1층 (행당동)",1028550055,세키신 왕십리점,서울 성동구 무학봉26길 10-1,491.0,matched,30.0,matched,0
3030000-101-2014-00322,바르다김선생 행당점,"서울특별시 성동구 행당로 103, 1층 (행당동)",36174545,바르다김선생 행당점,서울 성동구 행당로 103,1516.0,matched,26.0,matched,0
3030000-101-2019-00001,모모분식,"서울특별시 성동구 무학로 33, 154동 1층 106호 (하왕십리동, 텐즈힐)",1161818126,모모분식,서울 성동구 무학로 33,439.0,matched,27.0,matched,0
3030000-101-2019-00404,가마솥 순대국밥 서울숲역점,"서울특별시 성동구 왕십리로 50, 2층 (성수동1가)",2053170141,가마솥순대국밥 서울숲역점,서울 성동구 왕십리로 50,62.0,matched,29.0,matched,0
3030000-101-2019-00368,하오마라,"서울특별시 성동구 연무장5가길 25, 성수역 SK V1 Tower 2층 210호 (성수동2가)",1647233110,하오마라,서울 성동구 연무장5가길 25,979.0,matched,27.0,matched,0
3030000-101-2020-00534,대동집 한양대점,"서울특별시 성동구 마조로1가길 13, 1층 (행당동)",1036725189,대동집 한양대점,서울 성동구 마조로1가길 13,319.0,matched,29.0,matched,0
3030000-101-2002-00234,진성식당,"서울특별시 성동구 마장로25길 11-2 (홍익동,(지상1층))",20888380,진성회관,서울 성동구 마장로25길 11-2,,matched,0.0,matched,0
3030000-101-2020-00515,꾸브라꼬숯불두마리치킨 왕십리점,"서울특별시 성동구 무학봉15길 14, 1층 (하왕십리동)",1227572860,꾸브라꼬숯불치킨 왕십리점,서울 성동구 무학봉15길 14,217.0,matched,29.0,matched,0
3030000-101-2013-00045,눈꽃돼지,"서울특별시 성동구 왕십리로8길 17-4, 지상1층 (성수동1가)",1319129858,눈꽃돼지,서울 성동구 왕십리로8길 17-4,504.0,matched,30.0,matched,0
3030000-101-2009-00204,룰루랄라치킨호프,"서울특별시 성동구 왕십리로8길 13 (성수동1가,(지상1층))",1107947647,룰루랄라 뚝섬역점,서울 성동구 왕십리로8길 13,214.0,matched,29.0,matched,0
3030000-101-1997-04463,장어구이,"서울특별시 성동구 마조로 17 (행당동,(지상1층))",33085421,장어구이,서울 성동구 마조로 17,392.0,matched,28.0,matched,1
3030000-101-2015-00188,힙포 (성수점),"서울특별시 성동구 성수이로7길 1, 1층 (성수동2가)",2046921871,힙포 성수점,서울 성동구 성수이로7길 1,22.0,matched,19.0,matched,0
3030000-101-2008-00205,미스타교자 왕십리점,"서울특별시 성동구 왕십리로22길 3 (도선동,외1필지 지상1층(장미길 7))",1791150648,미스타교자 왕십리점,서울 성동구 왕십리로22길 3,1082.0,matched,30.0,matched,0
3030000-101-2016-00120,신전떡볶이,"서울특별시 성동구 상원길 59, B동 1층 106호 (성수동1가,  쌍용아파트상가)",1940716521,신전떡볶이 왕십리센트라스점,서울 성동구 무학로 16-1,302.0,rejected_other_branch,29.0,matched_addr_query,0
3030000-101-1982-05557,217,"서울특별시 성동구 자동차시장1길 70, 지하 가동 8호 (용답동)",1670445670,217식당,서울 성동구 자동차시장1길 70,18.0,matched,6.0,matched,0
3030000-101-1997-03133,태평양수산,서울특별시 성동구 마장로 185 (홍익동),1279891599,태평양수산,서울 성동구 마장로 185,151.0,matched,30.0,matched,0
3030000-101-2019-00333,일일향 만찬,"서울특별시 성동구 왕십리로 345, 2층 (하왕십리동)",1937372516,일일향 만찬,서울 성동구 왕십리로 345,26.0,matched,10.0,matched,0
3030000-101-1990-06335,베네토,"서울특별시 성동구 마조로3길 7-1, 1층 (행당동)",1005105047,베네토,서울 성동구 마조로3길 7-1,964.0,matched,30.0,matched,0
3030000-101-2001-06736,꼬지PUB,서울특별시 성동구 마조로 17 (행당동),32964545,꼬지PUB,서울 성동구 마조로 17,597.0,matched,29.0,matched,0
3030000-101-2016-00253,압구정찌개마을(사근점),"서울특별시 성동구 사근동길 54, 1층 (사근동)",1891162401,압구정찌개마을,,63.0,rejected_other_branch,21.0,matched_addr_query,0
3030000-101-2010-00202,춘몽,"서울특별시 성동구 마조로3나길 20 (행당동,지상1층)",35657660,춘몽,서울 성동구 마조로3나길 20,204.0,matched,29.0,matched,0
3030000-101-2020-00330,떡보의 하루 성수점,"서울특별시 성동구 성덕정길 63, 선출빌딩 1층 1호 (성수동1가)",1125506129,떡보의하루 성수동대문점,서울 성동구 성덕정길 63,51.0,matched,17.0,matched,0
3030000-101-1994-03751,양자강,"서울특별시 성동구 고산자로22길 11 (마장동,,6)",13078212,양자강,서울 성동구 왕십리로28길 5,1096.0,rejected_other_branch,29.0,matched_addr_query,0
3030000-101-2017-00331,정성한줄,"서울특별시 성동구 왕십리로 410, L동 B112호 (하왕십리동, 센트라스)",1180297458,정성한줄 상왕십리역점,서울 성동구 왕십리로 410,888.0,matched,23.0,matched,0
3030000-101-2020-00354,난포,"서울특별시 성동구 서울숲4길 18-8, 지하1층 (성수동1가)",1910927846,난포,서울 성동구 서울숲4길 18-8,5683.0,matched,29.0,matched,0
3030000-101-2004-00105,고깃집 왕고을,서울특별시 성동구 왕십리로24길 10-2 (도선동),1486456155,고깃집왕고을,서울 성동구 왕십리로24길 10-2,2041.0,matched,30.0,matched,0
3030000-101-2019-00322,효자동목고기(성수역점),"서울특별시 성동구 연무장5가길 25, 101호,102호 (성수동2가)",1409059828,효자동목고기 성수역점,서울 성동구 연무장5가길 25,1266.0,matched,27.0,matched,0
3030000-101-2008-00041,남원추어탕,"서울특별시 성동구 마장로 305, 1층 (마장동, 771-7)",1837036472,남원추어탕,서울 성동구 용답중앙11길 13,80.0,rejected_other_branch,23.0,matched_addr_query,0
3030000-101-2004-00347,맛든,"서울특별시 성동구 아차산로11길 11 (성수동2가,(1층))",1167166371,맛든,서울 성동구 아차산로11길 11,67.0,matched,28.0,matched,0
3030000-101-2021-00070,도론 DORON,"서울특별시 성동구 금호로 105, 래미안하이리버 상가동 지1층 101호 (금호동2가)",1995114623,도론 DORON,서울 성동구 금호로 107,14.0,matched_road,14.0,matched_road,0
3030000-101-1998-06612,우리식당,"서울특별시 성동구 광나루로9길 2, 지상1층 (송정동)",1838355769,우리식당,서울 성동구 광나루로9길 2,120.0,matched,30.0,matched,0
3030000-101-1994-05108,한솔식당,서울특별시 성동구 마장로31길 48 (마장동),17895088,한솔식당,서울 성동구 마장로31길 48,28.0,matched,7.0,matched,0
3030000-101-2020-00016,글리머,"서울특별시 성동구 성수일로6길 47, 4층 (성수동2가)",1448524018,글리머,서울 성동구 성수일로6길 47,169.0,matched,29.0,matched,0
3030000-101-1993-05698,전주식당,서울특별시 성동구 무학봉15가길 1 (하왕십리동),18792008,전주식당,서울 성동구 성덕정17길 8-1,87.0,rejected_other_branch,30.0,matched_addr_query,0
3030000-101-2005-00246,도담삼겹살,"서울특별시 성동구 독서당로 303-16 (금호동3가,(지상1층))",1257132782,도담삼겹살,서울 성동구 독서당로 303-16,112.0,matched,28.0,matched,0
3030000-101-2015-00085,나마스떼 왕십리점,"서울특별시 성동구 왕십리광장로 17, 왕십리민자역사 지하1층 (행당동)",37402610,나마스떼 왕십리점,서울 성동구 왕십리광장로 17,797.0,matched,24.0,matched,0
3030000-101-2001-07199,뚝도지기,서울특별시 성동구 성수이로 30-3 (성수동2가),1541439813,뚝도지기,서울 성동구 성수이로 30-4,185.0,matched_road,29.0,matched,0
3030000-101-2003-00130,왕십리 오리사냥,"서울특별시 성동구 행당로17길 7 (행당동,(지상1층))",17904450,왕십리오리사냥,서울 성동구 행당로17길 7,981.0,matched,30.0,matched,0
3030000-101-2014-00355,KAL(칼),"서울특별시 성동구 성수이로 126, 1층 (성수동2가)",1001495826,칼 성수점,서울 성동구 성수이로 126,1432.0,matched,30.0,matched,0
3030000-101-2001-07112,구이마을,서울특별시 성동구 마조로 15-2 (행당동),18777195,구이마을 한양대점,서울 성동구 마조로 15-2,84.0,matched,29.0,matched,0
3030000-101-1985-05268,주식회사 레노스,서울특별시 성동구 고산자로 202 (행당동),13355252,레노스블랑쉬웨딩홀,서울 성동구 고산자로 202,40.0,matched,26.0,matched,1
3030000-101-1997-02017,빅토리식당,"서울특별시 성동구 마장로29길 46-1, 지상1층 (마장동, 478-1 )",1264351083,빅토리식당,서울 성동구 마장로29길 46-1,167.0,matched,29.0,matched,0
3030000-101-2020-00077,칠칠켄터키 한양대점,"서울특별시 성동구 마조로 17, 2층 (행당동)",1737088028,칠칠켄터키 한양대점,서울 성동구 마조로 15-2,121.0,matched_road,26.0,matched_road,0
3030000-101-2004-00150,김밥천국,"서울특별시 성동구 마장로 283 (마장동,(지상1층))",20846333,김밥천국,서울 성동구 마장로 283,120.0,matched,30.0,matched,1
3030000-101-1982-03102,치킨팩토리,"서울특별시 성동구 왕십리로 284, 1층 (행당동)",1964881269,치킨팩토리,서울 성동구 왕십리로 284,113.0,matched,30.0,matched,0
3030000-101-2018-00320,카프리 디 마리,"서울특별시 성동구 서울숲2길 13, 1층 (성수동1가)",1532502147,카프리 디 마리 서울숲,서울 성동구 서울숲2길 13,1133.0,matched,27.0,matched,0
3030000-101-2020-00510,루프,"서울특별시 성동구 연무장5길 9-13, 1, 2, 3층 (성수동2가)",1935471901,LOOOP 루프 베이커리 카페,서울 성동구 연무장5길 9-13,1907.0,matched,28.0,matched,0
3030000-101-2019-00072,계경순대국 (한양대점),"서울특별시 성동구 마조로 27, 1층 (행당동)",1268112888,계경순대국 한양대점,서울 성동구 마조로 27,700.0,matched,27.0,matched,0
3030000-101-2011-00221,한촌설렁탕성수뚝도점,"서울특별시 성동구 뚝섬로 389, 성수동빌딩 지상1층 (성수동2가)",38229571,한촌설렁탕 성수뚝도점,서울 성동구 뚝섬로 389,912.0,matched,30.0,matched,0
3030000-101-2021-00042,아우어쥬빌리(ourjubilee),"서울특별시 성동구 독서당로 269, 1층 (금호동4가)",1001630212,아우어쥬빌리,서울 성동구 독서당로 269,326.0,matched,30.0,matched,0
3030000-101-2021-00051,강떡즉석떡볶이,"서울특별시 성동구 왕십리로21길 11, 1층 (행당동)",1224010312,강떡즉석떡볶이,서울 성동구 왕십리로21길 11,97.0,matched,27.0,matched,0
3030000-101-2002-00129,싱싱오징어바다,"서울특별시 성동구 왕십리로24길 8 (도선동,1층)",1538574891,싱싱오징어바다 왕십리역점,서울 성동구 왕십리로24길 8,469.0,matched,27.0,matched,0
3030000-101-1993-05721,순천식당,서울특별시 성동구 왕십리로24길 9-1 (도선동),17892530,순천식당,서울 성동구 왕십리로24길 9-1,104.0,matched,29.0,matched,0
3030000-101-2011-00086,봉순이네다락방,"서울특별시 성동구 왕십리로21길 13-1, 지하1층2층3층 (행당동)",33875306,봉순이네다락방 / 봉다방,서울 성동구 왕십리로21길 13-1,1383.0,matched,30.0,matched,0
3030000-101-2018-00104,미각,"서울특별시 성동구 성수일로8길 39, 1층 (성수동2가)",1665841176,미각짬뽕양꼬치,서울 성동구 성수일로8길 39,462.0,matched,27.0,matched,0
3030000-101-2013-00150,포메인,"서울특별시 성동구 마장로 195-14, 2층 (홍익동)",1664010029,포메인 RED 왕십리점,서울 성동구 왕십리광장로 17,2102.0,rejected_other_branch,28.0,matched_addr_query,0
3030000-101-2009-00212,수 칼국수,"서울특별시 성동구 아차산로1가길 11 (성수동1가,지상1층)",1707388685,수칼국수,서울 성동구 아차산로1가길 11,153.0,matched,30.0,matched,0
3030000-101-2020-00287,더블업 홀덤펍 왕십리점,"서울특별시 성동구 마조로3가길 30, 2층 (행당동)",2031384196,더블업홀덤펍 왕십리점,서울 성동구 마조로3가길 30,49.0,matched,29.0,matched,0
3030000-101-2011-00014,미경이네,"서울특별시 성동구 성덕정길 135-1 (성수동2가,(지상1층))",20838299,미경이네식당,서울 성동구 성덕정길 135-1,12.0,matched,1.0,matched,0
3030000-101-2011-00229,호치킨 한양대점,"서울특별시 성동구 마조로 32 (행당동, 행당동 10-1 지상1층)",1840112058,호치킨 한양대점,서울 성동구 마조로 32,456.0,matched,30.0,matched,0
3030000-101-1989-02289,재동골식당,서울특별시 성동구 자동차시장1길 34 (용답동),20938154,재동골,서울 성동구 자동차시장1길 34,105.0,matched,30.0,matched,0
3030000-101-2021-00106,불백하우스,"서울특별시 성동구 광나루로 319, 1층 (송정동)",1619330228,불백하우스 도시락&amp;불고기,서울 성동구 광나루로 319,6.0,matched,4.0,matched,0
3030000-101-2018-00359,경성갈비,"서울특별시 성동구 장터길 36-2, 1층 (금호동4가)",1096469426,경성갈비 금호동본점,서울 성동구 장터길 36-2,499.0,matched,29.0,matched,1
3030000-101-2005-00104,우향가 정육식당,"서울특별시 성동구 아차산로7길 4 (성수동2가,(지상2층))",1730122472,우향가 정육식당,서울 성동구 아차산로7길 4,1188.0,matched,30.0,matched,0
3030000-101-2016-00163,국수일가,"서울특별시 성동구 왕십리로30길 4, 1층 (도선동)",1817018372,국수일가,서울 성동구 왕십리로30길 4,542.0,matched,28.0,matched,0
3030000-101-2020-00502,에이투비 A to B,"서울특별시 성동구 아차산로 135, 2층 (성수동2가)",1537971823,에이투비 Cafe&amp;Bar,서울 성동구 아차산로 135,1031.0,matched,30.0,matched,0
3030000-101-2014-00354,찜사랑해물,서울특별시 성동구 용답중앙길 92 (용답동),37041433,사랑해물,서울 성동구 용답중앙길 92,297.0,matched,29.0,matched,0
3030000-101-1995-02893,조마루 감자탕,"서울특별시 성동구 무학로2길 46 (도선동,,67-1(지상1층))",1131443831,조마루감자탕 왕십리점,서울 성동구 무학로2길 46,756.0,matched,30.0,matched,0
3030000-101-2013-00167,두남자의 개수작,"서울특별시 성동구 왕십리로 107-1, 지상1층 (성수동1가)",1114824746,두남자의개수작,서울 성동구 왕십리로 107-1,187.0,matched,28.0,matched,0
3030000-101-2016-00064,담미온,"서울특별시 성동구 성수이로 118, 104-3호 (성수동2가)",37997607,담미온 성수점,서울 성동구 성수이로 118,929.0,matched,30.0,matched,0
3030000-101-2005-00234,해밀칼국수,"서울특별시 성동구 광나루로6길 35, 성수동 우림 이비즈센터 103호 (성수동2가)",37165594,해밀칼국수&amp;김밥,서울 성동구 연무장5가길 25,1512.0,rejected_other_branch,29.0,matched_addr_query,0
3030000-101-2002-00368,한사발포차 한양대점,서울특별시 성동구 마조로5길 11 (행당동),1618066147,한사발포차 한양대점,서울 성동구 마조로5길 11,2399.0,matched,28.0,matched,0
3030000-101-1996-04868,미성 숯불갈비,서울특별시 성동구 고산자로 346 (마장동),17895010,미성숯불갈비,서울 성동구 고산자로 346,348.0,matched,29.0,matched,0
3030000-101-2012-00037,컴포즈 마장중앙점,"서울특별시 성동구 마장로 299 (마장동, 마장동 772-3 지상1층)",1874550076,컴포즈커피 마장중앙점,서울 성동구 마장로 299,563.0,matched,26.0,matched,0
3030000-101-2018-00022,교대이층집 성수점,"서울특별시 성동구 성수일로8길 60, 한일비지네스(주) 2층 (성수동2가)",1045831832,교대이층집 성수점,서울 성동구 성수일로8길 60,693.0,matched,28.0,matched,0
3030000-101-2019-00195,60계치킨 서울금호점,"서울특별시 성동구 금호로 105, 상가동 지하4층 404호 (금호동2가)",1735621951,60계치킨 서울금호점,서울 성동구 금호로 105,7.0,matched,6.0,matched,0
3030000-101-2010-00139,왕십리 정곱창,"서울특별시 성동구 뚝섬로 360-5 (성수동1가,(지상1층))",31728476,왕십리정곱창,서울 성동구 뚝섬로 360-5,448.0,matched,29.0,matched,0
3030000-101-2010-00155,하은네분식,"서울특별시 성동구 마장로 283 (마장동,(지상1층))",19732996,하은네분식,서울 성동구 마장로 283,67.0,matched,12.0,matched,0
3030000-101-1992-05271,싱싱오징어바다,서울특별시 성동구 마조로7길 6 (행당동),1538574891,싱싱오징어바다 왕십리역점,서울 성동구 왕십리로24길 8,469.0,rejected_other_branch,0.0,matched_addr_query,0
3030000-101-2019-00056,건배,"서울특별시 성동구 성덕정길 141, 1층 3호 (성수동2가)",1146254145,건배,서울 성동구 성덕정길 141,3.0,matched,0.0,matched,0
3030000-101-2018-00114,이북집찹쌀순대,"서울특별시 성동구 성수일로8길 39, 국민프린텍빌딩 1층 102호 (성수동2가)",2007518802,이북집찹쌀순대,서울 성동구 성수일로8길 39,12.0,matched,7.0,matched,0
3030000-101-2017-00332,팀 커피,"서울특별시 성동구 성수일로 89, 1층 105호 (성수동1가)",2078396995,팀커피,서울 성동구 성수일로 89,88.0,matched,0.0,matched,0
3030000-101-2019-00135,한방닭한마리,"서울특별시 성동구 왕십리로24길 12, 1층 (도선동)",20470161,한방닭한마리,서울 성동구 왕십리로24길 1-1,395.0,matched_road,30.0,matched_road,1
3030000-101-1999-00041,김밥사랑,서울특별시 성동구 왕십리로21길 6 (행당동),33657585,김밥사랑,서울 성동구 독서당로 398,132.0,rejected_other_branch,29.0,matched_addr_query,0
3030000-101-2017-00394,땅스 부대찌개 성수점,"서울특별시 성동구 상원길 58, 1층 (성수동1가)",1307839266,땅스부대찌개 성수점,서울 성동구 상원길 58,237.0,matched,28.0,matched,0
3030000-101-2009-00015,투다리뚝섬점,"서울특별시 성동구 성덕정길 101 (성수동2가,지상1층(구뚝섬길 159))",20937688,투다리 뚝섬점,서울 성동구 성수이로 32-24,92.0,rejected_other_branch,30.0,matched_addr_query,0
3030000-101-2014-00204,깐부치킨 왕십리뉴타운점,"서울특별시 성동구 마장로 137, 221동 1층 130호 (상왕십리동, 왕십리뉴타운제2구역 텐즈힐아파트상가)",35577644,깐부치킨 왕십리뉴타운점,서울 성동구 마장로 137,257.0,matched,30.0,matched,0
3030000-101-2017-00061,자담치킨,"서울특별시 성동구 금호로 158, 1층 (금호동1가)",1252277092,자담치킨 서울금호점,서울 성동구 금호로 158,104.0,matched,28.0,matched,0
3030000-101-1986-05626,핌피 성수,"서울특별시 성동구 연무장9길 6 (성수동2가, 성수2가 315-12,19 지상1층)",1826742448,핌피 성수,서울 성동구 연무장9길 6,1521.0,matched,30.0,matched,0
3030000-101-1986-05540,오복집,,1271473523,오복집,서울 성동구 자동차시장1길 70,,rejected_other_branch,0.0,matched_addr_query,0
3030000-101-2020-00292,자연낙지,"서울특별시 성동구 용답중앙21길 1, 1층 (용답동)",1414160216,자연낙지,서울 성동구 용답중앙21길 1,298.0,matched,30.0,matched,0
3030000-101-1989-05647,수상한순대국,서울특별시 성동구 연무장19길 18 (성수동2가),1243090224,수상한 순대국,서울 성동구 연무장19길 18,47.0,matched,29.0,matched,0
3030000-101-2014-00079,서울분식,"서울특별시 성동구 고산자로 304, 1층 (마장동)",20930563,서울분식,서울 성동구 고산자로 304,20.0,matched,12.0,matched,0
3030000-101-2018-00008,젤라또투유,"서울특별시 성동구 성수이로7길 1, 1층 (성수동2가)",1247801780,젤라또투유,서울 성동구 성수이로7길 1,376.0,matched,27.0,matched,0
3030000-101-2015-00288,더타코부스 성수점,"서울특별시 성동구 연무장7가길 5-1, 1층 (성수동2가)",1006348192,더타코부스 NYC 성수점,서울 성동구 연무장7가길 5-1,4276.0,matched,26.0,matched,0
3030000-101-2018-00277,돌삼겹 나들목,"서울특별시 성동구 왕십리로 357, 2층 (하왕십리동)",1881901392,돌삼겹나들목,서울 성동구 왕십리로 357,115.0,matched,30.0,matched,0
3030000-101-1999-00135,기댈빙,"서울특별시 성동구 서울숲2길 19-8, 1층 (성수동1가)",1250235967,"기댈빙, 시즈널 디저트 카페",서울 성동구 서울숲2길 24-8,2037.0,matched_road,29.0,matched_road,0
3030000-101-2000-06625,가평식당,"서울특별시 성동구 마조로18길 12, 1층 (마장동)",18774261,가평식당,서울 성동구 마조로18길 12,187.0,matched,13.0,matched,0
3030000-101-2017-00106,수랏간,"서울특별시 성동구 왕십리로20길 19, 지하1층 (도선동)",1354894946,수랏간,서울 성동구 왕십리로20길 19,104.0,matched,30.0,matched,0
3030000-101-2012-00043,엄마손,"서울특별시 성동구 왕십리로 213 (행당동, 33-6 지하1층)",1920564528,엄마손약국,서울 성동구 왕십리로 327,407.0,matched_road,30.0,matched_road,0
3030000-101-2021-00074,완백부대찌개 삼겹살 성수낙낙점,"서울특별시 성동구 아차산로17길 49, 생각공장데시앙플렉스 A동 1층 R122~R124호 (성수동2가)",1193010651,완백부대찌개삼겹살 성수낙낙점,서울 성동구 아차산로17길 49,1317.0,matched,30.0,matched,0
3030000-101-2011-00140,개미식당,서울특별시 성동구 왕십리로 375-1 (하왕십리동),38274875,개미식당,서울 성동구 한림말3길 31,40.0,rejected_other_branch,11.0,matched_addr_query,0
3030000-101-1997-04481,장터,"서울특별시 성동구 연무장길 118, 1층 1, 2, 3, 4호 (성수동2가)",17900252,먹거리장터2,서울 성동구 행당로17길 16,444.0,rejected_other_branch,24.0,matched_addr_query,0
3030000-101-2001-06786,한우드림,서울특별시 성동구 고산자로 297 (마장동),1942167690,한우드림,서울 성동구 마장로39길 20,,rejected_other_branch,0.0,matched_addr_query,0
3030000-101-2020-00416,레이어10,"서울특별시 성동구 상원4길 10, 1,2층 (성수동1가)",1116217742,레이어10 카페,서울 성동구 상원4길 10,124.0,matched,30.0,matched,0
3030000-101-2010-00182,별이 빛나는 밤에,"서울특별시 성동구 마조로5길 4-16 (행당동,지하1층)",31293320,별이빛나는밤에,서울 성동구 마조로5길 4-16,8.0,matched,3.0,matched,0
3030000-101-1997-04523,삼삼이네 성수점,서울특별시 성동구 성덕정길 122 (성수동2가),32085435,삼삼이네생고기 성수점,서울 성동구 성덕정길 122,213.0,matched,28.0,matched,0
3030000-101-1997-01865,둘둘치킨,"서울특별시 성동구 한림말5길 11 (옥수동, 365-6 바로바로빌딩 지상1층)",12905628,둘둘치킨 왕십리점,서울 성동구 무학로2길 45,394.0,rejected_other_branch,29.0,matched_addr_query,0
3030000-101-2009-00216,소문난순대국왕족발,"서울특별시 성동구 용답25라길 23 (용답동,지상1층)",33860153,소문난순대국왕족발,서울 성동구 용답25라길 23,1142.0,matched,30.0,matched,0
3030000-101-2011-00141,송강제면소,"서울특별시 성동구 광나루로 320-1 (성수동2가,외1필지((281-11)지상1층 나동)",1604001330,송강제면소 왕십리점,서울 성동구 왕십리광장로 17,4.0,rejected_other_branch,3.0,matched_addr_query,0
3030000-101-2001-06916,메밀촌 봉평막국수,서울특별시 성동구 독서당로48길 8-1 (금호동4가),1128237298,메밀촌봉평막국수,서울 성동구 독서당로48길 8-1,427.0,matched,29.0,matched,0
3030000-101-2015-00197,디무무 (DIMUMU),"서울특별시 성동구 독서당로51길 23-1, 1층 (금호동1가)",1228216346,디무무,서울 성동구 독서당로51길 23-1,34.0,matched,28.0,matched,0
3030000-101-2015-00284,낙원 스낵,"서울특별시 성동구 마조로5길 14, 지하1, 1층 (행당동)",38628283,낙원스낵 왕십리 본점,서울 성동구 마조로5길 14,682.0,matched,28.0,matched,0
3030000-101-2017-00425,문츠바베큐,"서울특별시 성동구 상원1길 22, 굿타워 1층 101호 (성수동1가)",1412144544,문츠바베큐,서울 성동구 상원1길 22,1368.0,matched,29.0,matched,0
3030000-101-2017-00427,포미래,"서울특별시 성동구 광나루로6길 35, 성수동 우림 이비즈센터 1층 106호 (성수동2가)",1422419476,포미래,서울 성동구 광나루로6길 35,198.0,matched,27.0,matched,0
3030000-101-1993-02130,성수 순대국,서울특별시 성동구 광나루로 290 (성수동2가),2030747890,성수순대국,서울 성동구 광나루로 290,6.0,matched,4.0,matched,0
3030000-101-2014-00045,마장 고기마을,"서울특별시 성동구 마장로37길 53, 지상2층 (마장동)",36868622,마장고기마을,서울 성동구 마장로37길 53,386.0,matched,30.0,matched,0
3030000-101-1993-05424,문화반점,서울특별시 성동구 광나루로 307 (송정동),17933065,문화반점,서울 성동구 광나루로 307,33.0,matched,7.0,matched,0
3030000-101-2015-00072,산약초 백숙,"서울특별시 성동구 성덕정13길 4, 1층 (성수동2가)",35913965,심마니약초백숙,서울 성동구 성덕정13길 4,142.0,matched,28.0,matched,0
3030000-101-2011-00035,뉴 웨스턴 바,"서울특별시 성동구 마조로5길 11, 지하1층 (행당동)",1263397093,뉴 웨스턴 바,서울 성동구 마조로5길 11,60.0,matched,30.0,matched,0
3030000-101-2015-00223,더반푸드,"서울특별시 성동구 성수일로 55, B107호 (성수동1가, SK테크노빌딩)",1425628546,더반푸드,서울 성동구 성수일로 55,278.0,matched,21.0,matched,0
3030000-101-2016-00112,(주)담가화로구이 서울용답,"서울특별시 성동구 천호대로 328, 2층 (용답동)",1751539934,담가화로구이서울용답점,서울 성동구 천호대로 328,6.0,matched,6.0,matched,0
3030000-101-2017-00316,청정옥,"서울특별시 성동구 상원길 19, 104호 (성수동1가, 신한IT타워)",20666191,청정옥,서울 성동구 상원길 19,1243.0,matched,29.0,matched,0
3030000-101-2013-00016,새턴호텔(SATURN HOTEL),"서울특별시 성동구 자동차시장1길 29, 지상7층 (용답동, 228-6)",1608520081,새턴호텔,서울 성동구 자동차시장1길 29,44.0,matched,26.0,matched,0
3030000-101-1989-03558,프레퍼스 다이어트푸드 왕십리점,"서울특별시 성동구 마조로 21 (행당동, 19-9 지상2층)",1014522408,프레퍼스 다이어트 푸드 왕십리점,서울 성동구 마조로 21,2048.0,matched,29.0,matched,0
3030000-101-2003-00380,용답옛날가마솥순대국,"서울특별시 성동구 용답중앙15길 7 (용답동,(지상1층))",1154904728,용답옛날가마솥순대국 용답본점,서울 성동구 용답중앙15길 7,47.0,matched,30.0,matched,0
3030000-101-2009-00028,구길순대국,"서울특별시 성동구 뚝섬로 321 (성수동1가,지상1층(뚝섬길 21))",1740223930,구길순대국,서울 성동구 뚝섬로 321,44.0,matched,30.0,matched,0
3030000-101-2017-00041,더블(Double),"서울특별시 성동구 왕십리로28길 30, 1층 (홍익동)",1100647786,더블,서울 성동구 왕십리로28길 30,80.0,matched,27.0,matched,0
3030000-101-2015-00287,서박사갈비냉면,"서울특별시 성동구 용답중앙길 55, 1층 (용답동)",670365128,서박사갈비냉면,서울 성동구 용답중앙길 55,95.0,matched,30.0,matched,0
3030000-101-2015-00164,섬마을,"서울특별시 성동구 무학로2길 44, 1층 (도선동)",1203144338,섬마을,서울 성동구 무학로2길 44,267.0,matched,28.0,matched,0
3030000-101-2014-00311,씨씨(CC),"서울특별시 성동구 무학봉28길 19, 지층 (행당동)",1765769925,씨씨프라이드,서울 성동구 상원12길 30,,rejected_other_branch,0.0,matched_addr_query,0
3030000-101-2016-00187,이화수 전통육개장,"서울특별시 성동구 성수일로 77, 1층 106호 (성수동1가, 서울숲IT밸리)",38415285,이화수전통육개장 서울숲IT밸리점,서울 성동구 성수일로 77,407.0,matched,23.0,matched,0
3030000-101-2011-00016,홍두깨식당,"서울특별시 성동구 용답중앙15길 1 (용답동, 용답동 57-20 지상1층)",1959998499,홍두깨식당,서울 성동구 용답중앙15길 1,357.0,matched,27.0,matched,0
3030000-101-2018-00180,역전할머니맥주 왕십리점,"서울특별시 성동구 무학로2길 30, 1층 101호 (도선동)",1166433305,역전할머니맥주 서울왕십리점,서울 성동구 무학로2길 30,841.0,matched,30.0,matched,0
3030000-101-2015-00012,삼미식당,"서울특별시 성동구 난계로 97, 1층 (하왕십리동)",31394894,삼미식당,서울 성동구 성덕정길 146-1,11.0,rejected_other_branch,3.0,matched_addr_query,0
3030000-101-2017-00262,신금호 떡볶이,"서울특별시 성동구 무수막길 89-2, 1층 (금호동2가)",1769393034,신금호떡볶이,서울 성동구 무수막길 89-2,37.0,matched,24.0,matched,0
3030000-101-2020-00118,생활맥주 한양대점,"서울특별시 성동구 마조로7길 10, 1층 (행당동)",1383453634,생활맥주 한양대점,서울 성동구 마조로7길 10,650.0,matched,29.0,matched,0
3030000-101-2010-00066,부자식당,"서울특별시 성동구 고산자로8길 18 (행당동,(지상1층))",20826390,부자식당,서울 성동구 고산자로8길 18,40.0,matched,13.0,matched,0
3030000-101-2019-00382,김밥천국,"서울특별시 성동구 성수일로 99, 서울숲AK밸리 지식산업센터 1층 111,112호 (성수동1가)",20846333,김밥천국,서울 성동구 마장로 283,120.0,rejected_other_branch,30.0,matched_addr_query,0
3030000-101-1996-03123,주식회사 레노스,서울특별시 성동구 고산자로 202 (행당동),13355252,레노스블랑쉬웨딩홀,서울 성동구 고산자로 202,40.0,matched,26.0,matched,1
3030000-101-2016-00095,명희네손칼국수,"서울특별시 성동구 사근동길 66, 1층 103호 (사근동)",1327350675,명희네손칼국수,서울 성동구 사근동길 66,75.0,matched,27.0,matched,0
3030000-101-2021-00007,성수식당,"서울특별시 성동구 성덕정17길 8-1, 1층 (성수동2가)",20895979,성수식당,서울 성동구 성수일로12길 19-1,397.0,rejected_other_branch,30.0,matched_addr_query,0
3030000-101-2009-00029,성수낙지,"서울특별시 성동구 성수일로12길 34 (성수동2가,지상1층)",17951665,성수낙지,서울 성동구 아차산로7길 29,144.0,rejected_other_branch,25.0,matched_addr_query,0
3030000-101-2020-00194,치유,"서울특별시 성동구 연무장15길 11, 가동 1층 B105호 (성수동2가)",1906041570,치유,서울 성동구 상원2길 6,2.0,rejected_other_branch,1.0,matched_addr_query,0
3030000-101-2017-00012,할매불백,"서울특별시 성동구 사근동11길 3, 1층 (사근동)",1925971175,할매불백,서울 성동구 사근동11길 3,96.0,matched,26.0,matched,0
3030000-101-2002-00164,제일곱창,서울특별시 성동구 고산자로 281 (홍익동),152310007,제일곱창 본점,서울 성동구 고산자로 281,4784.0,matched,30.0,matched,1
3030000-101-1999-06050,삽다리 곱창,서울특별시 성동구 상원길 17 (성수동1가),13016022,삽다리곱창,서울 성동구 상원길 17,638.0,matched,29.0,matched,0
3030000-101-2021-00026,담양3대 숯불 돼지갈비,"서울특별시 성동구 금호산2길 15-1, 1층 (금호동3가)",1123823354,담양3대숯불돼지갈비,서울 성동구 금호산2길 15-1,193.0,matched,26.0,matched,0
3030000-101-2019-00235,천미향,"서울특별시 성동구 성수일로10길 26, 2층 216,217,218,219호 (성수동2가)",1604309240,천미향,서울 성동구 성수일로10길 26,317.0,matched,27.0,matched,0
3030000-101-1985-05532,고향식당,"서울특별시 성동구 자동차시장1길 90, A동지하가 31,32호호 (용답동, 234)",1884400216,고향식당,서울 성동구 자동차시장1길 89,50.0,matched_road,30.0,matched_road,0
3030000-101-1993-05605,돼지네,서울특별시 성동구 연무장7길 12 (성수동2가),20585760,돼지네생삼겹살,서울 성동구 연무장7길 12,41.0,matched,18.0,matched,0
3030000-101-2004-00356,동막골,"서울특별시 성동구 고산자로 281 (홍익동,(2층))",1577487170,동막골아구대구뽈찜탕,서울 성동구 고산자로 281,109.0,matched,28.0,matched,0
3030000-101-1990-03043,페리카나,서울특별시 성동구 독서당로39길 48 (옥수동),12767917,페리카나 왕십리점,서울 성동구 무학봉15길 23,133.0,rejected_other_branch,28.0,matched_addr_query,0
3030000-101-1991-02421,비비큐(B.B.Q)치킨,서울특별시 성동구 상원10나길 23 (성수동1가),11566448,BBQ치킨 성수2점,서울 성동구 상원10나길 23,594.0,matched,30.0,matched,0
3030000-101-2019-00372,에이치엠(HM),"서울특별시 성동구 행당로17길 1-45, 지하1층 (행당동)",1106610582,스튜디오에이에이치엠,서울 성동구 성덕정길 132,,rejected_other_branch,0.0,matched_addr_query,0
3030000-101-2011-00097,주식회사 스몰보트,"서울특별시 성동구 왕십리로4길 10-3 (성수동1가,(지상1층))",1187358497,스몰보트,서울 성동구 왕십리로4길 10-3,,matched,0.0,matched,0
3030000-101-2019-00022,도믹스,"서울특별시 성동구 둘레9가길 9, 1층 (성수동1가)",1412858765,도믹스,서울 성동구 둘레9가길 9,165.0,matched,30.0,matched,0
3030000-101-2021-00003,서울맛집,"서울특별시 성동구 아차산로7길 29, 1층 (성수동2가)",34787360,서울맛집,서울 성동구 성덕정15길 6-9,558.0,rejected_other_branch,29.0,matched_addr_query,0
3030000-101-1993-02772,정동진,서울특별시 성동구 한림말1길 15-2 (옥수동),1835313220,정동진,서울 성동구 한림말1길 15-2,63.0,matched,28.0,matched,0
3030000-101-2009-00024,오대리국수,"서울특별시 성동구 아차산로11길 11, 동성빌딩 105호 (성수동2가)",1249056441,오대리국수,서울 성동구 아차산로11길 11,32.0,matched,29.0,matched,0
3030000-101-1995-05111,전주식당,서울특별시 성동구 청계천로10나길 82-14 (마장동),18792008,전주식당,서울 성동구 성덕정17길 8-1,87.0,rejected_other_branch,30.0,matched_addr_query,0
3030000-101-2020-00109,봄의정원 성수점,"서울특별시 성동구 연무장길 81, 남경빌딩 지1층 (성수동2가)",1502355065,봄의정원 성수점,서울 성동구 연무장길 81,9698.0,matched,30.0,matched,0
3030000-101-1996-03424,탕화쿵푸마라탕 한양대점,"서울특별시 성동구 마조로 21 (행당동,지상2층)",2087759727,탕화쿵푸마라탕 한양대점,서울 성동구 마조로 21,546.0,matched,28.0,matched,0
3030000-101-2018-00357,경성갈비,"서울특별시 성동구 장터길 36-3, 1층 (금호동4가)",1096469426,경성갈비 금호동본점,서울 성동구 장터길 36-2,499.0,matched_road,30.0,matched,1
3030000-101-2010-00110,더 벤티,"서울특별시 성동구 마조로5길 4 (행당동,지상1층)",1489261024,더벤티 성수아이에스점,서울 성동구 성수이로 147,753.0,rejected_other_branch,19.0,matched_addr_query,0
3030000-101-1982-05593,신금호숯불갈비 본점,서울특별시 성동구 무수막길 89 (금호동2가),1171835183,신금호숯불갈비 본점,서울 성동구 무수막길 89,2257.0,matched,27.0,matched,0
3030000-101-1994-05758,유전,서울특별시 성동구 마장로 202-1 (홍익동),1473528898,카페 유전,서울 성동구 마장로 202-1,88.0,matched,28.0,matched,0
3030000-101-2020-00052,왕코등갈비,"서울특별시 성동구 금호산2길 17-1, 1층 (금호동3가)",1274587193,왕코등갈비,서울 성동구 금호산2길 17-1,21.0,matched,2.0,matched,0
3030000-101-1998-01553,양지생고기,서울특별시 성동구 한림말5길 11 (옥수동),13132049,양지숯불생고기,서울 성동구 한림말5길 11,323.0,matched,26.0,matched,0
3030000-101-2013-00060,김가네 옥수점,"서울특별시 성동구 독서당로 223, 상가동 지하4층 421호 (옥수동)",32565982,김가네 옥수점,서울 성동구 매봉길 17,633.0,rejected_other_branch,17.0,matched_addr_query,0
3030000-101-2015-00113,밀본,"서울특별시 성동구 아차산로7길 4, 1층 (성수동2가)",99238059,밀본 성수본점,서울 성동구 아차산로7길 4,1566.0,matched,30.0,matched,0
3030000-101-2013-00190,명가,"서울특별시 성동구 무학봉16길 1, 지상1층 (하왕십리동)",18780788,해물명가,서울 성동구 금호로11길 4,933.0,rejected_other_branch,29.0,matched_addr_query,0
3030000-101-2018-00018,엄마김치찌개,"서울특별시 성동구 용답중앙15길 1, 1층 (용답동)",1775864220,엄마김치찌개,서울 성동구 용답중앙15길 1,817.0,matched,25.0,matched,0
3030000-101-2020-00471,진지함 옥수점,"서울특별시 성동구 한림말길 31, 옥수삼성아파트 상가 1층 107호 (옥수동)",1833809568,진지함,서울 성동구 한림말길 31,8.0,matched,7.0,matched,0
3030000-101-2014-00006,부엉이산장 한양대점,"서울특별시 성동구 마조로 14, 지상1층 (행당동)",,,,,no_result,0.0,no_result,0
3030000-101-2012-00088,제주 뒷고기집,"서울특별시 성동구 성덕정길 143, 1층 (성수동2가, 228-3)",,,,,no_result,0.0,no_result,0
3030000-101-2019-00357,아쿠아덕 Aqua Duck Brewing Co.,"서울특별시 성동구 마장로 301, 2층 201호 (마장동)",,,,,no_result,0.0,no_result,0
3030000-101-2018-00415,슈슈네 가게,"서울특별시 성동구 한림말길 31, 옥수삼성아파트 상가 상가동 1층 129호 (옥수동)",,,,,no_result,0.0,no_result,0
3030000-101-2000-06444,비어치킨,,,비어호프,서울 성동구 성덕정9길 10,,addr_mismatch,0.0,addr_mismatch,0
3030000-101-2012-00021,송림식당,"서울특별시 성동구 왕십리로14가길 9, 1층 (성수동1가)",,,,,not_found,0.0,not_found,0
3030000-101-2002-00279,89장어,"서울특별시 성동구 독서당로39길 39, 1층 (옥수동, 450-22)",,,,,no_result,0.0,no_result,0
3030000-101-2014-00260,27 에스프레소,"서울특별시 성동구 마장로27길 14, 지상1층 (마장동)",,,,,not_found,0.0,not_found,0
3030000-101-2002-00162,광동수산산오징어,"서울특별시 성동구 행당로 127-1 (행당동,(지상1층))",,,,,no_result,0.0,no_result,0
3030000-101-2020-00423,엔트리55 라운지 성수,"서울특별시 성동구 성수일로8길 60, 지하1층 B-102호 (성수동2가)",,,,,no_result,0.0,no_result,0
3030000-101-2016-00280,건너집,"서울특별시 성동구 성수이로 75, 1층 (성수동2가)",,,,,no_result,0.0,no_result,0
3030000-101-2019-00107,혼합복식,"서울특별시 성동구 성덕정3길 7-1, 1층 102호 (성수동1가)",,,,,no_result,0.0,no_result,0
3030000-101-2010-00052,명원닭갈비,"서울특별시 성동구 성덕정길 131-1, 1층 (성수동2가)",,,,,no_result,0.0,no_result,0
3030000-101-1998-04293,또올래,"서울특별시 성동구 마장로 235, 1층 (마장동, 574)",,,,,not_found,0.0,not_found,0
3030000-101-2020-00258,칙피스 성수점,"서울특별시 성동구 연무장5길 9-16, 1층 101,102,103호 (성수동2가)",,,,,no_result,0.0,no_result,0
3030000-101-1976-03179,햇잎갈비 순심이집,서울특별시 성동구 성덕정길 111 (성수동2가),,,,,no_result,0.0,no_result,0
3030000-101-1993-02401,뚝섬 소금구이,"서울특별시 성동구 상원길 49, 지상1층 (성수동1가, 656-388)",33758079,뚝섬소금구이,서울 성동구 상원길 49,978.0,matched,30.0,matched,0
3030000-101-2017-00327,고니스(GONY'S),"서울특별시 성동구 서울숲2길 40, 1층 (성수동1가)",,,,,no_result,0.0,no_result,0
3030000-101-2019-00442,통통식당,"서울특별시 성동구 마장로 297, 1층 (마장동)",,,,,no_result,0.0,no_result,0
3030000-101-2019-00116,청년불백,"서울특별시 성동구 무학로8길 26, 1층 (홍익동)",,,,,no_result,0.0,no_result,0
3030000-101-2016-00366,credit seongsu 크레딧 성수,"서울특별시 성동구 뚝섬로17가길 48, 성수에이원센터 1층 108호 (성수동2가)",,,,,no_result,0.0,no_result,0
3030000-101-2016-00085,전도사,"서울특별시 성동구 마조로3길 8, 1층 (행당동)",,,,,not_found,0.0,not_found,0
3030000-101-2018-00399,제이앤제이 펍,"서울특별시 성동구 왕십리로4길 24-8, 1층 (성수동1가)",,,,,no_result,0.0,no_result,0
3030000-101-2019-00191,베이크 드 아를르,"서울특별시 성동구 성수일로1길 10-1, 1층 (성수동1가)",,,,,no_result,0.0,no_result,0
3030000-101-2006-00177,로차티하우스,"서울특별시 성동구 성수이로 90 (성수동2가,지상1층)",,,,,no_result,0.0,no_result,0
3030000-101-2017-00143,리버 클럽 홀덤 라운지,"서울특별시 성동구 아차산로 93, 3층 (성수동2가)",2051583702,리버클럽홀덤라운지,서울 성동구 아차산로 93,,matched,0.0,matched,0
3030000-101-1987-05604,웰컴차이나,"서울특별시 성동구 아차산로 50-1, 2층 (성수동1가)",1099546715,웰컴차이나,서울 성동구 아차산로 50-1,226.0,matched,30.0,matched,0
3030000-101-2020-00241,주식회사 지티지오 고피자 행당점,"서울특별시 성동구 행당로 101, 1층 101,102호 (행당동)",,,,,no_result,0.0,no_result,0
3030000-101-2016-00367,레체망치돈까스,"서울특별시 성동구 고산자로 284, 성동샤르망 127호 (행당동)",1967097839,레체 망치돈까스,서울 성동구 고산자로 284,126.0,matched,30.0,matched,0
3030000-101-1994-06048,꽃잎채,"서울특별시 성동구 광나루로8길 11, 2층 (성수동2가)",1498456208,꽃잎채,서울 성동구 광나루로8길 11,13.0,matched,10.0,matched,0
3030000-101-1995-06023,원할머니보쌈용답점,서울특별시 성동구 용답중앙15길 17 (용답동),,,,,no_result,0.0,no_result,0
3030000-101-2006-00165,현대식당,"서울특별시 성동구 자동차시장1길 70, 장안평중고자동차시장 A동 지하층 가11,가36호 (용답동)",,,,,not_found,0.0,not_found,0
3030000-101-1996-03050,금호동SOOLJIP(술집),"서울특별시 성동구 금호로 40, 상가동 지2층 20-7호 (금호동4가, 힐스테이트 서울숲리버)",,,,,no_result,0.0,no_result,0
3030000-101-1994-02350,카레하우스 전원,"서울특별시 성동구 왕십리로24길 13, 1층 (도선동)",,,,,no_result,0.0,no_result,0
3030000-101-1999-06084,이모네순대국,"서울특별시 성동구 장터5길 4 (금호동3가,441)",12073444,이모네순대국,서울 성동구 장터5길 4,324.0,matched,30.0,matched,0
3030000-101-2021-00156,본설렁탕 성수역점,"서울특별시 성동구 아차산로 126, 1층 107호 (성수동2가)",,,,,no_result,0.0,no_result,0
3030000-101-2009-00189,서울숲누룽지통닭구이,"서울특별시 성동구 왕십리로5길 10, 지상1,2층 (성수동1가)",37269013,서울숲누룽지통닭구이,서울 성동구 왕십리로5길 10,1829.0,matched,30.0,matched,0
3030000-101-2019-00433,밤새우리,"서울특별시 성동구 성덕정17길 12, 1층 (성수동2가)",1922860963,밤새우리,서울 성동구 성덕정17길 12,781.0,matched,30.0,matched,0
3030000-101-2017-00049,쉐프우의 빠오즈푸,"서울특별시 성동구 왕십리로6길 13, 1층 (성수동1가)",,,,,no_result,0.0,no_result,0
3030000-101-1992-02574,손박사삼겹살,"서울특별시 성동구 상원길 40, 상가동 106호,107호 (성수동1가, 뚝섬현대아파트)",,,,,no_result,0.0,no_result,0
3030000-101-1996-05490,해장국집,"서울특별시 성동구 금호로 56, 지상1층 (금호동1가)",,,,,not_found,0.0,not_found,0
3030000-101-1997-04564,조개도,서울특별시 성동구 성덕정17길 8-1 (성수동2가),1475051360,조개도,서울 성동구 성덕정17길 8-1,444.0,matched,30.0,matched,0
3030000-101-2014-00288,일루오리,"서울특별시 성동구 성수일로8길 40, 지상2층 (성수동2가)",17924373,일루오리,서울 성동구 성수일로8길 40,522.0,matched,30.0,matched,0
3030000-101-2016-00042,메종드따이네,"서울특별시 성동구 마조로3나길 27, 지하1층 (행당동)",,,,,not_found,0.0,not_found,0
3030000-101-2016-00317,만득이주방,"서울특별시 성동구 행당로 43, 2층 201호 (금호동1가)",,,,,no_result,0.0,no_result,0
3030000-101-2011-00062,목포홍탁,"서울특별시 성동구 마장로 231 (마장동,(지상1층))",20896094,목포홍탁,서울 성동구 마장로 231,74.0,matched,30.0,matched,0
3030000-101-1994-01985,모이드라,"서울특별시 성동구 무학봉16길 지하 24-2 (행당동, 행당동 298-29 지하1층)",,,,,not_found,0.0,not_found,0
3030000-101-2020-00200,이모네 생고기 정육식당,"서울특별시 성동구 마조로 17, 1층 32호 (행당동)",,,,,no_result,0.0,no_result,0
3030000-101-2016-00277,본참치,"서울특별시 성동구 마조로3나길 28, 1층 (행당동)",,,,,not_found,0.0,not_found,0
3030000-101-2021-00146,너디블루 버로우,"서울특별시 성동구 고산자로12길 15, 1층 (행당동)",1078585502,너디블루 버로우,서울 성동구 고산자로12길 15,820.0,matched,30.0,matched,0
3030000-101-2000-06439,힘냉면,서울특별시 성동구 상원1길 41 (성수동1가),,,,,no_result,0.0,no_result,0
3030000-101-2010-00225,부산돼지국밥보쌈,"서울특별시 성동구 광나루로11길 22-1, 1층 (송정동)",,부산아지매국밥 성수점,서울 성동구 성수일로8길 5,,addr_mismatch,0.0,addr_mismatch,0
3030000-101-2021-00002,메이크어딜리버리 성동점,"서울특별시 성동구 금호산길 66-1, 2층 202호 (금호동2가)",,,,,no_result,0.0,no_result,0
3030000-101-2000-06434,청죽골식당,"서울특별시 성동구 왕십리로 134, 지1층 (성수동1가)",1989394626,청죽골 2호점,서울 성동구 왕십리로 134,206.0,matched,30.0,matched,1
3030000-101-2016-00354,나씨상회,"서울특별시 성동구 고산자로6길 31-2, 1층 (행당동)",,,,,not_found,0.0,not_found,0
3030000-101-2020-00003,서가미트델리,"서울특별시 성동구 마장로40길 4-2, 1층 (마장동)",,,,,no_result,0.0,no_result,0
3030000-101-2012-00128,호랑이 도토리,"서울특별시 성동구 왕십리로21길 9, 지상1층 (행당동, 286-34)",,,,,no_result,0.0,no_result,0
3030000-101-2021-00073,이앤장,"서울특별시 성동구 왕십리로24길 13, 1층 (도선동)",,,,,no_result,0.0,no_result,0
3030000-101-2018-00352,카페 27g,"서울특별시 성동구 무학로6길 4, 1층 (도선동)",1979426961,카페27g,서울 성동구 무학로6길 4,444.0,matched,30.0,matched,0
3030000-101-2020-00352,파워플레이어 에프엔비,"서울특별시 성동구 성수일로8길 5, A동 1층 104호 (성수동2가)",,,,,no_result,0.0,no_result,0
3030000-101-2017-00409,어라운드데이,"서울특별시 성동구 서울숲2길 24-1, 1,2층 (성수동1가)",1344027015,어라운드데이,서울 성동구 서울숲2길 24-1,948.0,matched,30.0,matched,0
3030000-101-2004-00051,전주콩나물처가국밥,"서울특별시 성동구 고산자로 269 (도선동,신한넥스텔 201호)",,,,,no_result,0.0,no_result,0
3030000-101-2020-00256,이현주의 찬장,"서울특별시 성동구 광나루로 240-20, BIJOU비쥬성수 6층 (성수동2가)",2039359274,이현주의 찬장,서울 성동구 광나루로 240-20,,matched,0.0,matched,0
3030000-101-1986-02508,풍년정육점식당,서울특별시 성동구 상원10길 6 (성수동1가),35507532,풍년정육점식당,서울 성동구 상원10길 6,210.0,matched,30.0,matched,0
3030000-101-2018-00073,엘루이 비스트로,"서울특별시 성동구 마조로5길 12, 2층 (행당동)",,,,,no_result,0.0,no_result,0
3030000-101-2014-00085,봉짬뽕,"서울특별시 성동구 성수일로11길 11, 1층 (성수동1가)",35044742,봉짬뽕,서울 성동구 성수일로11길 11,225.0,matched,30.0,matched,0
3030000-101-2019-00164,청정제주삼다돈,"서울특별시 성동구 왕십리로 273-16, 행당빌딩 2층 (행당동)",,,,,no_result,0.0,no_result,0
3030000-101-2017-00362,인더매스,"서울특별시 성동구 마장로 270, 1층 (마장동)",,,,,not_found,0.0,not_found,0
3030000-101-2020-00093,현이식당,"서울특별시 성동구 왕십리로 273-1, 지하1층 (행당동)",,,,,not_found,0.0,not_found,0
3030000-101-2016-00098,멘야코노하 성수,"서울특별시 성동구 왕십리로4길 10-1, 1층 (성수동1가)",1072346909,멘야코노하 성수,서울 성동구 왕십리로4길 10-1,1515.0,matched,30.0,matched,0
3030000-101-2021-00569,레봄 LEBOM,"서울특별시 성동구 연무장11길 8, CORNER50 3층,12층 (성수동2가)",,,,,not_found,0.0,not_found,0
3030000-101-2015-00025,엘에프씨엔씨(LF C&C),"서울특별시 성동구 마장로 327-1, 지1층 (마장동, 군산빌딩)",1111813781,엘에프씨엔씨주식회사,서울 성동구 마장로 327-1,49.0,matched,13.0,matched,0
3030000-101-2012-00117,늘사랑,"서울특별시 성동구 왕십리로20길 43, 지상1층 (홍익동, 123-5)",,,,,not_found,0.0,not_found,0
3030000-101-2020-00276,매우당,"서울특별시 성동구 독서당로 299-6, 1층 (금호동3가)",,,,,not_found,0.0,not_found,0
3030000-101-2003-00027,땅끝마을 회뜨는집,,18785571,땅끝마을회뜨는집,서울 성동구 상원길 40,140.0,matched_name,30.0,matched_name,0
3030000-101-2013-00217,햄찌와베찌 익스프레스,"서울특별시 성동구 아차산로11길 26, 지상1층 (성수동2가)",,,,,no_result,0.0,no_result,0
3030000-101-2001-07212,킹콩 부대찌개 성수뚝섬점,서울특별시 성동구 상원12길 5 (성수동1가),,,,,no_result,0.0,no_result,0
3030000-101-2018-00365,전잔치,"서울특별시 성동구 무수막길 89, 1층 (금호동2가)",1106777933,전잔치,서울 성동구 무수막길 89,60.0,matched,28.0,matched,0
3030000-101-1999-00137,원산면옥,서울특별시 성동구 성수이로 118 (성수동2가),17924404,원산면옥,서울 성동구 성수이로 118,513.0,matched,30.0,matched,0
3030000-101-2017-00310,"땡기면,땡비어702","서울특별시 성동구 성수이로 93, 1층 (성수동2가)",,,,,no_result,0.0,no_result,0
3030000-101-2020-00506,펑키 플로어,"서울특별시 성동구 한림말3길 21, 지하1호 (옥수동)",,,,,no_result,0.0,no_result,0
3030000-101-2017-00267,성일한우정육점식당,"서울특별시 성동구 아차산로3길 9, 1~2층 (성수동1가)",13095448,성일정육식당,서울 성동구 아차산로3길 9,810.0,matched,30.0,matched,0
3030000-101-1996-03515,헤즈업 왕십리점,"서울특별시 성동구 마조로3가길 12, 지하1층 (행당동, 19-93)",,,,,no_result,0.0,no_result,0
3030000-101-2015-00032,파벤(Far ben),"서울특별시 성동구 성수이로 65, 1층 (성수동2가, 협성빌딩)",1825800661,파벤,서울 성동구 성수이로 65,203.0,matched,30.0,matched,0
3030000-101-2020-00051,정태네실비집,"서울특별시 성동구 마조로5길 5, 지하1층 (행당동)",,,,,no_result,0.0,no_result,0
3030000-101-2016-00244,호호국수,"서울특별시 성동구 왕십리로24길 31, 1층 101호 (홍익동)",1469923386,호호국수,서울 성동구 왕십리로24길 31,279.0,matched,30.0,matched,0
3030000-101-2015-00234,이장네식당,"서울특별시 성동구 성덕정길 146, 1층 (성수동2가)",,,,,no_result,0.0,no_result,0
3030000-101-2018-00112,너랑나랑콩나물국밥삼겹살,"서울특별시 성동구 성덕정길 133, 1층 (성수동2가)",,,,,no_result,0.0,no_result,0
3030000-101-2018-00024,호랑이식탁,"서울특별시 성동구 성수이로 32-10, 1층 (성수동2가)",,,,,not_found,0.0,not_found,0
3030000-101-2015-00050,탐라순대국 감자탕,"서울특별시 성동구 독서당로 296-1, 1층 (금호동4가)",2049685278,탐라순대국감자탕,서울 성동구 독서당로 296-1,33.0,matched,27.0,matched,0
3030000-101-2015-00292,대게신랑조개신부,"서울특별시 성동구 마장로 228, 1층 (홍익동)",1389779013,대게신랑조개신부,서울 성동구 마장로 228,132.0,matched,30.0,matched,0
3030000-101-2001-06912,기차역가는길,서울특별시 성동구 마조로1길 39 (행당동),,,,,no_result,0.0,no_result,0
3030000-101-2010-00131,한우고집,"서울특별시 성동구 마조로19길 7, 1, 2층 (마장동)",1110125437,심가네한우고집,서울 성동구 마조로19길 7,19.0,matched,17.0,matched,0
3030000-101-2020-00478,타께리아 엘몰리노(El Molino),"서울특별시 성동구 서울숲2길 19-18, 1층 (성수동1가)",,,,,no_result,0.0,no_result,0
3030000-101-2021-00029,마라영웅 금호점,"서울특별시 성동구 장터길 38-1, 지하3층 (금호동4가)",,,,,not_found,0.0,not_found,0
3030000-101-2020-00119,갈꾸집 왕십리본점,"서울특별시 성동구 마조로7길 14, 2층 (행당동)",2028983445,갈꾸집 왕십리본점,서울 성동구 마조로7길 14,2283.0,matched,30.0,matched,0
3030000-101-2016-00012,다시올치킨2,"서울특별시 성동구 사근동8길 8, 지하1층 (사근동)",,,,,no_result,0.0,no_result,0
3030000-101-2020-00551,옥석가린돼지 옥돈,"서울특별시 성동구 마장로 185, 1층 (홍익동)",,,,,no_result,0.0,no_result,0
3030000-101-2019-00202,식당 겸,"서울특별시 성동구 왕십리로4길 26-18, 지하1층 (성수동1가)",1626270679,식당겸,서울 성동구 왕십리로4길 26-18,75.0,matched,30.0,matched,0
3030000-101-1984-04974,은빛물결황금낙지,서울특별시 성동구 성덕정17길 9 (성수동2가),,,,,not_found,0.0,not_found,0
3030000-101-2009-00016,리틀베트남퍼(Little Vietnam Pho),"서울특별시 성동구 무학로6길 50 (도선동,쉐르빌 101동165호(이슬길 14))",1310910387,리틀베트남퍼,서울 성동구 무학로6길 50,221.0,matched,30.0,matched,0
3030000-101-2016-00324,새들러하우스 샌드위치샵,"서울특별시 성동구 성덕정11길 5-12, 1층 (성수동2가)",,,,,no_result,0.0,no_result,0
3030000-101-2020-00183,오스테리아 파로,"서울특별시 성동구 서울숲6길 20, 1층 (성수동1가)",,,,,no_result,0.0,no_result,0
3030000-101-2015-00131,일미돼지국밥,"서울특별시 성동구 성수일로12길 30, 1층 (성수동2가)",18795658,일미돼지국밥,서울 성동구 성수일로12길 30,317.0,matched,30.0,matched,0
3030000-101-1990-01626,놀부치킨,서울특별시 성동구 용답중앙13길 16 (용답동),,,,,no_result,0.0,no_result,0
3030000-101-1996-04731,성수식당,서울특별시 성동구 성수일로12길 19-1 (성수동2가),20895979,성수식당,서울 성동구 성수일로12길 19-1,397.0,matched,30.0,matched,0
3030000-101-2003-00281,귀일만두,"서울특별시 성동구 장터길 31 (금호동3가,(지상1층))",20934280,귀일만두,서울 성동구 장터길 31,394.0,matched,30.0,matched,0
3030000-101-2019-00285,까페 아띠(Cafe de Atti),"서울특별시 성동구 무학로8길 28-1, 1층 (홍익동)",,,,,not_found,0.0,not_found,0
3030000-101-1993-04826,만식이,"서울특별시 성동구 왕십리로22길 10, 지상1층 (도선동, 89 )",1523464632,만식이,서울 성동구 왕십리로22길 10,34.0,matched,14.0,matched,0
3030000-101-2013-00008,밥플러스 성수에이팩센터점,"서울특별시 성동구 아차산로7나길 18, 지상1층 103,104호 (성수동2가, 289-5 APEX CENTER )",,,,,no_result,0.0,no_result,0
3030000-101-2006-00201,갈매기의꿈,"서울특별시 성동구 무학로2나길 1 (도선동,지상1층)",,,,,not_found,0.0,not_found,0
3030000-101-2008-00189,니캉내캉,"서울특별시 성동구 마조로3가길 25 (행당동,지상1층)",17899991,니캉내캉,서울 성동구 마조로3가길 25,113.0,matched,30.0,matched,0
3030000-101-2005-00135,마스타하이볼 한양대점,"서울특별시 성동구 마조로1가길 14 (행당동,(지상1층))",2053120982,마스타하이볼 한양대점,서울 성동구 마조로1가길 14,475.0,matched,30.0,matched,0
3030000-101-2015-00078,나라구한닭 정통닭갈비(왕십리점),"서울특별시 성동구 무학봉28길 19, 1층 (행당동)",,,,,not_found,0.0,not_found,0
3030000-101-2020-00203,작야,"서울특별시 성동구 성덕정길 82-1, 1층 (성수동2가)",1620114329,작야,서울 성동구 성덕정길 82-1,929.0,matched,30.0,matched,0
3030000-101-2015-00055,엄마손 김치찌개,"서울특별시 성동구 독서당로 295-5, 1층 (금호동3가)",1072701586,엄마손 김치찌개,서울 성동구 독서당로 295-5,2.0,matched,1.0,matched,0
3030000-101-2020-00469,호식이두마리치킨 한양대점,"서울특별시 성동구 마조로15길 2, 1층 (마장동)",,,,,not_found,0.0,not_found,0
3030000-101-2018-00232,신기루야,"서울특별시 성동구 성수이로 37, 2층 (성수동2가)",,,,,no_result,0.0,no_result,0
3030000-101-1995-04767,조은식당,서울특별시 성동구 마장로 187-2 (홍익동),20830544,조은식당,서울 성동구 마장로 187-2,92.0,matched,30.0,matched,0
3030000-101-1997-01947,달리는포차,서울특별시 성동구 마장로 227 (마장동),17895106,달리는포차,서울 성동구 마장로 227,58.0,matched,24.0,matched,0
3030000-101-1992-02026,맥스치킨,서울특별시 성동구 왕십리로4길 23-1 (성수동1가),,,,,not_found,0.0,not_found,0
3030000-101-1993-04917,전주식당,서울특별시 성동구 금호산길 71 (금호동2가),1870256087,전주식당,서울 성동구 금호산길 71,107.0,matched,28.0,matched,0
3030000-101-2013-00224,스시도쿠,"서울특별시 성동구 왕십리광장로 8, 지하1층 (행당동)",36466212,스시도쿠 왕십리본점,서울 성동구 왕십리광장로 6,29992.0,matched_road,30.0,matched_road,0
3030000-101-2020-00136,(주)성격에프앤비 탐광,"서울특별시 성동구 연무장5가길 26, 1층, 지하1층 B102호 (성수동2가)",,,,,no_result,0.0,no_result,0
3030000-101-2012-00164,싱싱생고기,"서울특별시 성동구 동일로 265, 101호(일부),102호(일부) (송정동)",1395275023,싱싱생고기,서울 성동구 동일로 265,76.0,matched,20.0,matched,0
3030000-101-1999-00053,제주국수,"서울특별시 성동구 성수이로 118, 105호 (성수동2가, 성수아카데미타워)",17924427,제주국수,서울 성동구 성수이로 118,722.0,matched,30.0,matched,0
3030000-101-2017-00270,스시로지,"서울특별시 성동구 마조로 15-14, 1층 (행당동)",1947680695,스시로지,서울 성동구 마조로 15-14,453.0,matched,29.0,matched,0
3030000-101-2002-00276,노리터,"서울특별시 성동구 독서당로 194-1 (옥수동,(지상2층))",38003569,노리터,서울 성동구 독서당로 194-1,112.0,matched,30.0,matched,0
3030000-101-2019-00119,젠젠 성수점,"서울특별시 성동구 연무장11길 10, 1층 3호 (성수동2가)",1790076538,젠젠 성수점,서울 성동구 연무장11길 10,4341.0,matched,30.0,matched,0
3030000-101-2020-00507,불빛 성수,"서울특별시 성동구 아차산로7길 7, 가동 1층 (성수동2가)",,,,,not_found,0.0,not_found,0
3030000-101-2000-06637,명가통닭(한양대점),서울특별시 성동구 마조로3가길 21 (행당동),1933653134,명가통닭 한양대점,서울 성동구 마조로3가길 21,21.0,matched,15.0,matched,0
3030000-101-2013-00001,(주)바다화원,"서울특별시 성동구 상원4길 6-1 (성수동1가, 14-32)",1551787706,바다화원 본점,서울 성동구 상원4길 6-1,753.0,matched,30.0,matched,0
3030000-101-2019-00347,탕화쿵푸 마라탕,"서울특별시 성동구 성수일로10길 26, 상가동 2층 214,215호 (성수동2가)",1250223990,탕화쿵푸마라탕 성수점,서울 성동구 성수일로10길 26,1247.0,matched,30.0,matched,0
3030000-101-2013-00291,노스 성수점,"서울특별시 성동구 연무장9길 4, 성일산업 1층 (성수동2가)",1984013182,노스 성수점,서울 성동구 연무장9길 4,1475.0,matched,30.0,matched,0
3030000-101-2020-00307,김호준든든돼지국밥,"서울특별시 성동구 무학로6길 50, 2층 236-3호 (도선동, 성동삼성쉐르빌)",1754457649,김호준든든돼지국밥,서울 성동구 무학로6길 50,379.0,matched,30.0,matched,0
3030000-101-2021-00036,마라전설,"서울특별시 성동구 왕십리로 410, J동 1층 135호 (하왕십리동, 센트라스)",1272253718,마라전설 본점,서울 성동구 왕십리로 410,2576.0,matched,30.0,matched,0
3030000-101-2020-00088,벙커(Bunker),"서울특별시 성동구 마조로3길 8, 지하1층 (행당동)",,에이스벙커,서울 성동구 성수일로 10,,addr_mismatch,0.0,addr_mismatch,0
3030000-101-2017-00360,백소정 왕십리점,"서울특별시 성동구 왕십리로 410, I동 1층 161호 (하왕십리동, 센트라스)",1511188143,백소정 왕십리점,서울 성동구 왕십리로 410,5898.0,matched,30.0,matched,0
3030000-101-2019-00401,하노이별 서울숲점,"서울특별시 성동구 왕십리로 50, 2층 (성수동1가)",1037034550,하노이별 서울숲점,서울 성동구 왕십리로 50,437.0,matched,30.0,matched,0
3030000-101-2003-00269,피터팬,"서울특별시 성동구 성덕정15길 6-39, 1층 (성수동2가)",34351571,피터팬돈까스,서울 성동구 성덕정15길 6-39,287.0,matched,30.0,matched,0
3030000-101-2011-00183,글램,"서울특별시 성동구 아차산로7길 15 (성수동2가,지상2층)",,글램부동산중개,서울 성동구 서울숲2길 12-8,,addr_mismatch,0.0,addr_mismatch,0
3030000-101-2021-00105,또보겠지 말랑쉼표,"서울특별시 성동구 왕십리로4길 19-1, 2층 (성수동1가)",,,,,not_found,0.0,not_found,0
3030000-101-2018-00161,타이거풀A,"서울특별시 성동구 성수이로7가길 7, 1층,2층 (성수동2가)",,,,,no_result,0.0,no_result,0
3030000-101-2012-00133,꽃나라분식,"서울특별시 성동구 성수이로 24-1, 1층 (성수동2가)",,,,,no_result,0.0,no_result,0
3030000-101-2001-07081,올레 제주 뒷고기,"서울특별시 성동구 마조로 17, B동 41,42호 (행당동)",37892230,올레제주뒷고기,서울 성동구 마조로 17,294.0,matched,30.0,matched,0
3030000-101-1984-05500,연탄요릿집,서울특별시 성동구 성덕정17길 3 (성수동2가),1642486910,연탄요릿집 성수,서울 성동구 성덕정17길 3,2214.0,matched,30.0,matched,0
3030000-101-2013-00246,미카,"서울특별시 성동구 독서당로 222, 지하1층 (옥수동)",89707025,미카 옥수점,서울 성동구 독서당로 222,129.0,matched,30.0,matched,0
3030000-101-1978-05891,남원추어탕,서울특별시 성동구 용답중앙11길 13 (용답동),1837036472,남원추어탕,서울 성동구 용답중앙11길 13,80.0,matched,23.0,matched,0
3030000-101-1993-04559,남원추어탕,서울특별시 성동구 왕십리로21가길 1 (행당동),1227423944,정통남원추어탕,서울 성동구 왕십리로21가길 1,492.0,matched,30.0,matched,0
3030000-101-2007-00072,우리동네칼국수,서울특별시 성동구 성덕정15길 2-5 (성수동2가),1169064915,우리동네칼국수,서울 성동구 성덕정15길 2-5,331.0,matched,30.0,matched,0
3030000-101-2020-00060,명가통닭(행당점),"서울특별시 성동구 행당로 112, 1층 (행당동)",1906411586,명가통닭 행당점,서울 성동구 행당로 112,503.0,matched,30.0,matched,0
3030000-101-1991-05480,마포숯불갈비,서울특별시 성동구 동일로 75-33 (성수동2가),1763642816,마포숫불갈비 성수1동점,서울 성동구 동일로 75-33,4.0,matched,1.0,matched,0
3030000-101-2016-00245,양철북곱창 성수역점,"서울특별시 성동구 아차산로7길 7, 가동 1층 (성수동2가)",2032515963,양철북곱창 성수역점,서울 성동구 아차산로7길 7,15.0,matched,14.0,matched,0
3030000-101-2007-00046,성연순대국 & 족발,"서울특별시 성동구 성덕정길 53 (성수동1가,지상1층)",1626039829,성연순대국&amp;족발,서울 성동구 성덕정길 53,222.0,matched,30.0,matched,0
3030000-101-1994-04852,2002횟집,"서울특별시 성동구 성수이로 29, 1, 2층 (성수동2가)",18785730,2002횟집,서울 성동구 성수이로 29,173.0,matched,30.0,matched,0
3030000-101-2018-00213,안주마당,"서울특별시 성동구 무학로2길 23, 리치빌딩 1층 (도선동)",1063095661,안주마당,서울 성동구 무학로2길 23,40.0,matched,11.0,matched,0
3030000-101-1979-02970,권식족발,서울특별시 성동구 아차산로7길 4 (성수동2가),13558042,권식족발 성수본점,서울 성동구 아차산로7길 4,3171.0,matched,30.0,matched,0
3030000-101-2005-00186,위풍당 성수점,"서울특별시 성동구 성수일로8길 53 (성수동2가,성수동복합시설 101~102호)",,,,,not_found,0.0,not_found,0
3030000-101-2019-00050,분99(Bun99),"서울특별시 성동구 마조로 20, 1층 (행당동)",,,,,no_result,0.0,no_result,0
3030000-101-2017-00368,조여사,"서울특별시 성동구 행당로 76, 단지상가동 1층 120호 (행당동)",1124947800,조여사 김치찌개,서울 성동구 행당로 76,13.0,matched,9.0,matched,0
3030000-101-1998-04139,홍도식당,"서울특별시 성동구 성덕정길 34, 1층 (성수동1가)",1338599687,홍도식당,서울 성동구 성덕정길 34,21.0,matched,6.0,matched,0
3030000-101-2015-00275,의정부부대찌개,"서울특별시 성동구 자동차시장1길 39, 1층 101호 (용답동, 어반오피스텔)",1728218476,의정부부대찌개,서울 성동구 자동차시장1길 39,237.0,matched,30.0,matched,0
3030000-101-2014-00092,부부요리단,"서울특별시 성동구 독서당로40길 25-1, 1층 (옥수동)",34799908,부부요리단,서울 성동구 독서당로40길 25-1,556.0,matched,30.0,matched,0
3030000-101-2016-00080,스시긴,"서울특별시 성동구 행당로 125-4, 1층 (행당동)",37822446,스시긴,서울 성동구 행당로 125-4,496.0,matched,30.0,matched,0
3030000-101-1984-04859,수원원조갈비,"서울특별시 성동구 왕십리로5길 12-2, 1층 (성수동1가, 656-937)",32964192,수원원조갈비,서울 성동구 왕십리로5길 12-2,946.0,matched,30.0,matched,1
3030000-101-1994-03623,달포차,"서울특별시 성동구 마조로 27, 지하1층 (행당동)",33152451,달포차,서울 성동구 마조로 27,759.0,matched,30.0,matched,0
3030000-101-2017-00056,또오리 포차,"서울특별시 성동구 고산자로12길 1, 1층 (행당동)",,,,,no_result,0.0,no_result,0
3030000-101-1995-03149,양자강,서울특별시 성동구 왕십리로28길 5 (도선동),13078212,양자강,서울 성동구 왕십리로28길 5,1096.0,matched,30.0,matched,0
3030000-101-2011-00173,도죠,"서울특별시 성동구 성수이로 126 (성수동2가, 277-20외4필지 지상1층)",1093763709,도죠,서울 성동구 성수이로 126,629.0,matched,30.0,matched,0
3030000-101-2018-00061,유유커피,"서울특별시 성동구 마조로11길 7, 1층 (행당동)",1164629697,유유커피,서울 성동구 마조로11길 7,900.0,matched,30.0,matched,0
3030000-101-2021-00044,남영동 양문 성수역점,"서울특별시 성동구 성수이로 51, 1층 103A,103B호 (성수동2가)",,,,,no_result,0.0,no_result,0
3030000-101-1994-05215,팔자보백숙,"서울특별시 성동구 용답중앙25길 11, 지상1,지하1층 (용답동)",37014397,팔자보,서울 성동구 용답중앙25길 11,181.0,matched,30.0,matched,0
3030000-101-2019-00389,대흥정육식당+,"서울특별시 성동구 왕십리로 16, 1층 105호 (성수동1가, 트리마제)",1832582150,대흥정육식당,서울 성동구 왕십리로 16,90.0,matched,30.0,matched,0
3030000-101-2018-00396,핏제리아 파르코(Pizzeria Parco),"서울특별시 성동구 서울숲2길 44, 1층 (성수동1가)",,,,,not_found,0.0,not_found,0
3030000-101-2010-00184,목로(MOKROE),"서울특별시 성동구 연무장7가길 1 (성수동2가,(지상1층))",1063191542,다이닝 목로 성수점,서울 성동구 연무장7가길 1,2703.0,matched,30.0,matched,0
3030000-101-2020-00092,퍼응언 PHO NGON,"서울특별시 성동구 상원길 17, 2층 (성수동1가)",,,,,not_found,0.0,not_found,0
3030000-101-2013-00275,현대옥 서울숲점,"서울특별시 성동구 성수일로 77, 지상1층 103호 (성수동1가, 서울숲it밸리)",33913379,현대옥 서울숲점,서울 성동구 성수일로 77,355.0,matched,30.0,matched,0
3030000-101-2007-00191,동방양꼬치,"서울특별시 성동구 마조로 33 (행당동,지상1층)",32078474,동방양꼬치,서울 성동구 마조로 33,304.0,matched,30.0,matched,0
3030000-101-1970-03734,스시화 성동점,서울특별시 성동구 사근동10길 2-1 (사근동),1421752598,스시화 성동점,서울 성동구 사근동10길 2-1,307.0,matched,30.0,matched,0
3030000-101-2014-00259,메가엠지씨커피 마장역점,"서울특별시 성동구 마장로 301, 1층 (마장동)",,메가엠지씨커피 성수롯데캐슬점,서울 성동구 아차산로7길 7,,addr_mismatch,0.0,addr_mismatch,0
3030000-101-2012-00235,또또식당,"서울특별시 성동구 왕십리로14가길 6, 지상1층 (성수동1가, 656-791)",1613627784,또또식당,서울 성동구 왕십리로14가길 2-40,31.0,matched_road,11.0,matched_road,0
3030000-101-2017-00396,육회바른연어 상왕십리점,"서울특별시 성동구 무학로2길 17, 1층 (도선동)",1296771839,육회바른연어 상왕십리점,서울 성동구 무학로2길 17,1825.0,matched,30.0,matched,0
3030000-101-1993-03737,동보성,서울특별시 성동구 한림말1길 15-2 (옥수동),1462128803,동보성,서울 성동구 한림말1길 15-2,398.0,matched,30.0,matched,0
3030000-101-2005-00046,어랑회집,"서울특별시 성동구 성수이로3길 19 (성수동2가, 492-2 지상1층)",11717119,어랑횟집,서울 성동구 성수이로3길 19,65.0,matched,28.0,matched,0
3030000-101-2006-00040,울보분식,,,,,,not_found,0.0,not_found,0
3030000-101-2018-00289,싸다김밥,"서울특별시 성동구 왕십리로 410, L동 1층 101호 (하왕십리동, 센트라스)",1988626161,싸다김밥 왕십리역점,서울 성동구 왕십리로 320,2947.0,matched_road,30.0,matched_road,0
3030000-101-1998-01513,김밥타운,서울특별시 성동구 성덕정길 96 (성수동2가),18794200,김밥타운 성수점,서울 성동구 성덕정길 96,699.0,matched,30.0,matched,0
3030000-101-2004-00221,한술 왕십리본점,"서울특별시 성동구 마장로 229 (마장동, 나동, 지상1층)",,,,,not_found,0.0,not_found,0
3030000-101-2020-00107,톤즈커피 Tonz coffee,"서울특별시 성동구 마조로11길 12, 1층 (행당동)",,,,,no_result,0.0,no_result,0
3030000-101-2014-00295,소바짐,"서울특별시 성동구 성수일로11길 6-1, 1층 (성수동1가)",311895845,소바짐,서울 성동구 성수일로11길 6-1,107.0,matched,30.0,matched,0
3030000-101-2010-00018,참나무로바베큐,"서울특별시 성동구 동일로 83 (성수동2가,지상1층)",1206180374,참나무로 바베큐,서울 성동구 동일로 83,265.0,matched,30.0,matched,0
3030000-101-2003-00263,소담숯불갈비,"서울특별시 성동구 장터2길 11 (금호동4가,(지상1층))",,,,,not_found,0.0,not_found,0
3030000-101-2013-00022,어반스푼(Urban spoon),"서울특별시 성동구 독서당로 223, 래미안 옥수 리버젠 상가 지하4층 408호 (옥수동)",,,,,not_found,0.0,not_found,0
3030000-101-2017-00135,타쿠,"서울특별시 성동구 용답중앙길 47-1, 1층 (용답동)",244796941,타쿠,서울 성동구 용답중앙길 47-1,84.0,matched,30.0,matched,0
3030000-101-2014-00168,해랑(海浪),"서울특별시 성동구 광나루로 313, 1층 (송정동)",35983316,해랑 본점,서울 성동구 광나루로 313,271.0,matched,30.0,matched,0
3030000-101-2012-00162,앳 이즈,"서울특별시 성동구 왕십리로5길 19, 1층 (성수동1가, 685-201)",1070094057,앳이즈,서울 성동구 왕십리로5길 19,213.0,matched,30.0,matched,0
3030000-101-1998-01425,비비큐치킨,"서울특별시 성동구 무학봉길 53-1, 1층 (하왕십리동)",,,,,not_found,0.0,not_found,0
3030000-101-2018-00420,동대문 부대찌개,"서울특별시 성동구 자동차시장1길 94-15, 오르세오피스텔 1층 106호 (용답동)",1089946585,동대문부대찌개,서울 성동구 자동차시장1길 94-15,106.0,matched,30.0,matched,0
3030000-101-1998-04092,전주본가영양돌솥밥,서울특별시 성동구 한림말길 18 (옥수동),,,,,not_found,0.0,not_found,0
3030000-101-2009-00128,소나무식당,"서울특별시 성동구 마조로 17 (행당동,B동13호)",1181839547,소나무식당,서울 성동구 마조로 17,144.0,matched,30.0,matched,0
3030000-101-2020-00562,냉삼식당,"서울특별시 성동구 아차산로 97, 1층 (성수동2가)",,,,,not_found,0.0,not_found,0
3030000-101-2015-00280,크레송(CRESSONG),"서울특별시 성동구 성수일로8길 47, 105호 (성수동2가, 롯데캐슬파크상가동)",37392409,크레송,서울 성동구 성수일로8길 47,167.0,matched,30.0,matched,0
3030000-101-1997-01748,영구스피자성수점,서울특별시 성동구 성덕정길 25 (성수동1가),12866607,영구스피자 성수점,서울 성동구 성덕정길 25,158.0,matched,30.0,matched,0
3030000-101-2019-00325,호야네족발,"서울특별시 성동구 무학봉26길 9, 1층 (하왕십리동)",1542023020,호야네족발,서울 성동구 무학봉26길 9,537.0,matched,30.0,matched,0
3030000-101-2017-00301,(주)아워홈 한양대병원 푸드코트점,"서울특별시 성동구 왕십리로 222, 1층 (행당동, 한양대학교부속병원 동관(중환자보호대기실))",,,,,no_result,0.0,no_result,0
3030000-101-2007-00047,마장동한우촌,"서울특별시 성동구 마장로35길 68, 1층 105,106,109,110,111,112호 (마장동)",11876950,마장동한우촌,서울 성동구 마장로35길 68,928.0,matched,30.0,matched,0
3030000-101-2014-00057,또래오래,"서울특별시 성동구 뚝섬로 392, 1층 (성수동2가)",1164139418,또래오래 성수점,서울 성동구 뚝섬로 392,64.0,matched,30.0,matched,0
3030000-101-2018-00372,앳모스피어(atmosphere),"서울특별시 성동구 아차산로17길 11, 1층 (성수동2가)",1267437086,앳모스피어,서울 성동구 아차산로17길 11,379.0,matched,30.0,matched,0
3030000-101-2013-00149,한옥마을 전주비빔밥 왕십리민자역사점,"서울특별시 성동구 왕십리광장로 17, 지상4층 (행당동, 왕십리민자역사)",1097094847,한옥마을 전주비빔밥 왕십리민자역사점,서울 성동구 왕십리광장로 17,68.0,matched,24.0,matched,0
3030000-101-2017-00393,너와집,"서울특별시 성동구 용답19길 14-1, 1층 (용답동)",1496927491,너와집,서울 성동구 용답19길 14-1,103.0,matched,30.0,matched,0
3030000-101-2018-00206,성수찌개,"서울특별시 성동구 연무장7길 7-1, 린빌딩 지하1층 (성수동2가)",,빅쭌부대찌개 성수점,서울 성동구 연무장5가길 7,,addr_mismatch,0.0,addr_mismatch,0
3030000-101-2018-00388,자파브루어리(JAFA Brewery),서울특별시 성동구 성수이로14길 14 (주)대명케미칼 가동 1층 (성수동2가),,,,,no_result,0.0,no_result,0
3030000-101-2020-00086,박여사네 짱뚱어랑 보리굴비,"서울특별시 성동구 금호산길 49, 1층 (금호동2가)",1040076097,박여사네 짱뚱어랑 보리굴비,서울 성동구 금호산길 49,127.0,matched,30.0,matched,0
3030000-101-2016-00194,곱분이곱창(한양대점),"서울특별시 성동구 마조로3나길 26, 1층 (행당동)",1088202114,곱분이곱창 한양대점,서울 성동구 마조로3나길 26,15.0,matched,14.0,matched,0
3030000-101-2012-00055,수동옥,"서울특별시 성동구 용답중앙길 87-1, 1층 (용답동, 19-3)",,,,,not_found,0.0,not_found,0
3030000-101-2002-00343,나으리,"서울특별시 성동구 용답29길 15 (용답동,(지상1층))",1137907650,나으리 숯불닭발,서울 성동구 용답29길 15,303.0,matched,30.0,matched,0
3030000-101-2006-00207,술에빠진노가리,"서울특별시 성동구 행당로17길 19-1, 1층 (행당동)",,술에빠진노가리,서울 성동구 무학봉16길 21,,addr_mismatch,0.0,addr_mismatch,0
3030000-101-2007-00117,곱순이네,"서울특별시 성동구 무학봉26길 12-1, 1층 (행당동, 290-22)",1735239321,곱순이네,서울 성동구 무학봉26길 12,1137.0,matched_road,30.0,matched_road,0
3030000-101-2002-00330,녹두빈대떡,,,,,,not_found,0.0,not_found,0
3030000-101-1987-01608,높은집종가산꼼장어,서울특별시 성동구 왕십리로21길 17 (행당동),13124923,높은집종가산꼼장어,서울 성동구 왕십리로21길 17,135.0,matched,30.0,matched,0
3030000-101-2019-00106,골목집 식당,"서울특별시 성동구 고산자로24길 16-2, 1층 (마장동)",,,,,not_found,0.0,not_found,0
3030000-101-2020-00274,크라운호프 왕십리점,"서울특별시 성동구 왕십리로20길 8, 2층 (도선동)",1492803315,크라운호프 왕십리점,서울 성동구 왕십리로20길 8,51.0,matched,30.0,matched,0
3030000-101-1980-04896,유래회관,"서울특별시 성동구 마장로 196 (홍익동,지상2,3층)",10976694,유래회관,서울 성동구 마장로 196,1185.0,matched,30.0,matched,0
3030000-101-1995-02610,제육이와 짜글이,서울특별시 성동구 마조로1길 46 (행당동),2003141303,제육이와짜글이,서울 성동구 마조로1길 46,973.0,matched,30.0,matched,0
3030000-101-1998-01452,쭈꾸미도사,서울특별시 성동구 아차산로 110 (성수동2가),1886066644,쭈꾸미도사 성수점,서울 성동구 아차산로 110,1484.0,matched,30.0,matched,0
3030000-101-2011-00142,고기익는마을,"서울특별시 성동구 고산자로24길 11-1 (마장동,지상3층)",20362424,고기익는마을,서울 성동구 고산자로24길 11-1,905.0,matched,30.0,matched,0
3030000-101-2019-00053,왕십리 상단,"서울특별시 성동구 고산자로 297, 1층 (마장동)",,,,,not_found,0.0,not_found,0
3030000-101-1999-00036,소꿉놀이,서울특별시 성동구 무학봉28길 3 (하왕십리동),2031397054,소꿉놀이,서울 성동구 무학봉28길 3,529.0,matched,30.0,matched,0
3030000-101-2002-00383,파파존스피자 왕십리점,"서울특별시 성동구 독서당로 434 (응봉동, 대림종합상가 104,105,106호)",426170532,파파존스 왕십리점,서울 성동구 독서당로 434,615.0,matched,30.0,matched,0
3030000-101-2018-00292,테이퍼드커피 (Tapered coffee),"서울특별시 성동구 독서당로 216, 1층 (옥수동)",1794022925,테이퍼드커피 옥수점,서울 성동구 독서당로 216,1156.0,matched,30.0,matched,0
3030000-101-2014-00210,우콘카레,"서울특별시 성동구 성수이로10길 8, 1층 (성수동2가)",35700790,우콘카레,서울 성동구 성수이로10길 8,424.0,matched,30.0,matched,0
3030000-101-2019-00434,르프리크(LE FREAK),"서울특별시 성동구 연무장5길 9-16, 지하1층 B103호 (성수동2가)",1227114216,르프리크 성수,서울 성동구 연무장5길 9-16,1384.0,matched,30.0,matched,0
3030000-101-2019-00438,고기극찬(성동점),"서울특별시 성동구 금호산2길 6-1, 1층 103호 (금호동3가)",1532948224,고기극찬 성동점,서울 성동구 금호산2길 6-1,13.0,matched,8.0,matched,0
3030000-101-2017-00151,연스시참치,"서울특별시 성동구 독서당로39길 43-1, 2층 (옥수동)",,,,,no_result,0.0,no_result,0
3030000-101-2017-00205,성수 칼국수,"서울특별시 성동구 왕십리로 114, 1층 102호 (성수동1가)",,뚝섬동죽칼국수,서울 성동구 상원2길 5-11,,addr_mismatch,0.0,addr_mismatch,0
3030000-101-2017-00054,투썸플레이스 상왕십리역점,"서울특별시 성동구 왕십리로 410, L동 지하1층 114호 (하왕십리동)",234966893,투썸플레이스 상왕십리역점,서울 성동구 왕십리로 410,1886.0,matched,30.0,matched,0
3030000-101-2001-06802,장흥식당,"서울특별시 성동구 성수일로 59 (성수동1가,(지상1층))",18784474,장흥식당,서울 성동구 성수일로 59,255.0,matched,30.0,matched,0
3030000-101-2015-00300,성수스타우트,"서울특별시 성동구 왕십리로5길 12-1, 2층 (성수동1가)",37471735,성수스타우트,서울 성동구 왕십리로5길 12-1,129.0,matched,30.0,matched,0
3030000-101-2019-00460,문화공간 성수,"서울특별시 성동구 아차산로1길 9, 지하1층 (성수동1가)",,펍지 성수,서울 성동구 왕십리로4길 5,,addr_mismatch,0.0,addr_mismatch,0
3030000-101-2013-00238,리얼,"서울특별시 성동구 성수이로22길 31, 지상1층 (성수동2가)",,건강을담은 리얼떡볶이,서울 성동구 광나루로 294,,addr_mismatch,0.0,addr_mismatch,0
3030000-101-2007-00004,탕촌,"서울특별시 성동구 성수일로12길 36 (성수동2가,지상1층)",,,,,no_result,0.0,no_result,0
3030000-101-2018-00349,그린한식뷔페,"서울특별시 성동구 상원1길 25, 지하1층 (성수동1가)",1247116570,그린한식뷔페,서울 성동구 상원1길 25,186.0,matched,30.0,matched,0
3030000-101-1998-01417,놀란닭,서울특별시 성동구 마조로 17 (행당동),1700832503,놀란닭,서울 성동구 마조로 17,87.0,matched,30.0,matched,0
3030000-101-1994-05829,무모한초밥 금호점,서울특별시 성동구 장터길 25-1 (금호동3가),,,,,no_result,0.0,no_result,0
3030000-101-2018-00023,역삼칼국수,"서울특별시 성동구 왕십리로 66-29, 1층 (성수동1가)",1406547440,역삼칼국수,서울 성동구 왕십리로 66-29,286.0,matched,30.0,matched,0
3030000-101-2013-00092,성수차이나,"서울특별시 성동구 아차산로7길 20, 지상1층 (성수동2가)",,차이나글래드코리아,서울 성동구 아차산로13길 33,,addr_mismatch,0.0,addr_mismatch,0
3030000-101-2015-00151,앙골로에스프레소,"서울특별시 성동구 뚝섬로11길 19-1, 1층 (성수동2가)",1066610472,앙골로에스프레소,서울 성동구 뚝섬로11길 19-1,309.0,matched,30.0,matched,0
3030000-101-2018-00128,스시이치바,"서울특별시 성동구 왕십리로14길 8, 1층 (성수동1가)",1704004253,스시이치바,서울 성동구 왕십리로14길 8,576.0,matched,30.0,matched,0
3030000-101-2019-00212,샌드위치 에이피티(SANDWICH apt),"서울특별시 성동구 연무장길 114, 3층 (성수동2가)",,,,,not_found,0.0,not_found,0
3030000-101-2001-06831,해마로숯불바베큐,서울특별시 성동구 금호산길 62 (금호동2가),35263387,해마로숯불바베큐,서울 성동구 금호산길 62,322.0,matched,30.0,matched,0
3030000-101-2020-00314,소랑호젠,"서울특별시 성동구 왕십리로 58, 1층 110호 (성수동1가)",1780336293,소랑호젠 성수,서울 성동구 왕십리로 58,2013.0,matched,30.0,matched,0
3030000-101-2014-00106,바른밥상,"서울특별시 성동구 청계천로 474, 1층 102호,103호 (하왕십리동, 모노퍼스 주상복합)",,,,,no_result,0.0,no_result,0
3030000-101-2018-00038,강남교자 뚝섬역점,"서울특별시 성동구 상원1길 26, 서울숲A타워 1층 110호 (성수동1가)",1229887289,강남교자 뚝섬역점,서울 성동구 상원1길 26,507.0,matched,30.0,matched,0
3030000-101-2019-00076,삼형제김밥 성수점,"서울특별시 성동구 아차산로7길 9-2, 1층 (성수동2가)",,,,,no_result,0.0,no_result,0
3030000-101-2008-00204,본도시락 한양대후문점,"서울특별시 성동구 마조로 34, 1층 (행당동, 10-1)",21558345,본도시락 한양대후문점,서울 성동구 마조로 32,458.0,matched_road,30.0,matched_road,0
3030000-101-2010-00188,곤지암 할매 소머리 국밥,"서울특별시 성동구 용답29길 10, 지상1층 (용답동)",1112656612,곤지암할매소머리국밥 용답점,서울 성동구 용답29길 10,113.0,matched,19.0,matched,0
3030000-101-1990-05146,궁마루,서울특별시 성동구 마장로35나길 40 (마장동),,,,,not_found,0.0,not_found,0
3030000-101-2013-00189,신성웰빙족발,"서울특별시 성동구 성덕정17길 1, 지상1층 (성수동2가)",34401763,신성웰빙족발,서울 성동구 성덕정17길 1,89.0,matched,26.0,matched,0
3030000-101-2019-00023,르루이(Le Louis),"서울특별시 성동구 한림말1길 16, 1층 (옥수동)",1157159978,르루이,서울 성동구 한림말1길 16,306.0,matched,30.0,matched,0
3030000-101-2016-00348,전원클럽 가야시,"서울특별시 성동구 마조로1길 36, 지하1층 101호 (행당동)",,,,,no_result,0.0,no_result,0
3030000-101-2017-00113,완도댁 아구찜,"서울특별시 성동구 금호산2가길 2, 1층 (금호동3가)",1847887912,완도댁 아구찜,서울 성동구 금호산2가길 2,114.0,matched,30.0,matched,0
3030000-101-2019-00103,사운드 플래닛,"서울특별시 성동구 서울숲6길 20, 지하1층 (성수동1가)",,,,,not_found,0.0,not_found,0
3030000-101-2020-00072,가조쿠,"서울특별시 성동구 연무장길 31-2, 1층 (성수동2가)",1716744205,가조쿠,서울 성동구 연무장길 31-2,1667.0,matched,30.0,matched,0
3030000-101-2020-00584,옥돌 누룽닭 엔 덮밥,"서울특별시 성동구 고산자로8길 24, 1층 (행당동)",,,,,no_result,0.0,no_result,0
3030000-101-2001-07056,치킨주막,서울특별시 성동구 고산자로2길 6-6 (응봉동),37985899,치킨주막 응봉점,서울 성동구 고산자로2길 6-6,73.0,matched,22.0,matched,0
3030000-101-2004-00013,본초 돈가스,"서울특별시 성동구 왕십리로 215 (행당동,(지상2층))",,,,,not_found,0.0,not_found,0
3030000-101-2014-00090,왕십리사이공,"서울특별시 성동구 고산자로12길 2, 1층 (행당동)",,,,,not_found,0.0,not_found,0
3030000-101-2011-00171,무탁우동,"서울특별시 성동구 고산자로 290-4, 1층 (행당동, 191-3)",31397894,무탁우동,서울 성동구 고산자로 290-4,362.0,matched,30.0,matched,0
3030000-101-2007-00038,푸짐해 153,"서울특별시 성동구 용답중앙13길 14-1 (용답동,지상1층)",1662968524,푸짐해153,서울 성동구 용답중앙13길 14-1,163.0,matched,30.0,matched,0
3030000-101-2002-00334,숙고 용답점,서울특별시 성동구 용답중앙15길 6 (용답동),2041997812,숙고 용답점,서울 성동구 용답중앙15길 6,838.0,matched,30.0,matched,0
3030000-101-2016-00049,기분좋은날,"서울특별시 성동구 용답중앙13길 16, 1층 (용답동)",,,,,not_found,0.0,not_found,0
3030000-101-2013-00172,가츠로케,"서울특별시 성동구 금호로 102, 지상5층 511호 (금호동1가, 벽산아파트상가)",1661212709,가츠로케,서울 성동구 금호로 102,4.0,matched,1.0,matched,0
3030000-101-2020-00389,도미노피자 금호옥수점,"서울특별시 성동구 금호로 54, 2층 (금호동1가)",11781850,도미노피자 금호옥수점,서울 성동구 금호로 54,533.0,matched,30.0,matched,0
3030000-101-2015-00030,영식품,"서울특별시 성동구 성수이로 126, 1층 (성수동2가)",1976014639,영식품,서울 성동구 성수이로 126,180.0,matched,30.0,matched,0
3030000-101-2012-00240,숯불지기,"서울특별시 성동구 고산자로24길 6, 지상2층 (마장동, 521-1)",1619761472,숯불지기,서울 성동구 고산자로24길 6,74.0,matched,30.0,matched,0
3030000-101-2013-00041,남매칼국수,"서울특별시 성동구 상원1길 15-1, 지상1층 (성수동1가, 656-326)",1933868171,남매칼국수,서울 성동구 상원1길 15-1,105.0,matched,30.0,matched,0
3030000-101-2020-00380,일호빵,"서울특별시 성동구 둘레15길 11, 1층 (성수동2가)",1206158549,일호빵,서울 성동구 둘레15길 11,179.0,matched,30.0,matched,0
3030000-101-2012-00017,갱생,"서울특별시 성동구 마조로7길 5, 지하1층 (행당동)",37804235,갱생,서울 성동구 마조로7길 5,4095.0,matched,30.0,matched,0
3030000-101-2011-00017,한솥도시락한양대기숙사점,"서울특별시 성동구 사근동길 68 (사근동,지상1층)",,,,,no_result,0.0,no_result,0
3030000-101-2001-07150,노을 2관,서울특별시 성동구 아차산로7길 18 (성수동2가),1364264335,노을 2관,서울 성동구 아차산로7길 18,254.0,matched,30.0,matched,0
3030000-101-2002-00484,천국,"서울특별시 성동구 마조로3가길 27 (행당동,(지상2층))",11626509,천국,서울 성동구 마조로3가길 27,43.0,matched,11.0,matched,0
3030000-101-2010-00163,우리바다 생태찌개,"서울특별시 성동구 왕십리로22길 22, 지하1층 B101,B102호 (도선동)",1056244209,우리바다 동태찌개,서울 성동구 왕십리로22길 22,294.0,matched,30.0,matched,0
3030000-101-2020-00182,복닭,"서울특별시 성동구 성수일로10길 26, 상가동 1층 113호 (성수동2가)",1803143768,복닭,서울 성동구 성수일로10길 26,190.0,matched,30.0,matched,0
3030000-101-2009-00053,대도식당,"서울특별시 성동구 마장로21길 5, 1층 (홍익동, 429)",,,,,not_found,0.0,not_found,0
3030000-101-2014-00041,와시리,"서울특별시 성동구 무학봉28길 9, 1층 101호 (하왕십리동, 창우빌딩)",1168142817,와시리,서울 성동구 무학봉28길 9,427.0,matched,30.0,matched,0
3030000-101-2021-00040,토리키치 답십리점,"서울특별시 성동구 천호대로 294, 1층 (용답동)",,,,,not_found,0.0,not_found,0
3030000-101-2005-00249,묵은지왕솥뚜껑삼겹살,"서울특별시 성동구 왕십리로20길 38, 1층 (홍익동)",18770576,묵은지왕솥뚜껑삼겹살,서울 성동구 왕십리로20길 38,72.0,matched,20.0,matched,0
3030000-101-2018-00271,텐동하마다 성수점,"서울특별시 성동구 연무장7가길 6-1, 지하1층 (성수동2가)",,,,,no_result,0.0,no_result,0
3030000-101-2021-00023,베티버(vetiver),"서울특별시 성동구 성덕정11길 18, 1층 (성수동2가)",1383256753,베티버 성수,서울 성동구 성덕정11길 18,926.0,matched,30.0,matched,0
3030000-101-2020-00288,대박제육&김치찜,"서울특별시 성동구 행당로1길 7, 1층 (금호동1가)",,,,,no_result,0.0,no_result,0
3030000-101-2014-00193,리퀴드랩,"서울특별시 성동구 왕십리로10길 9-31, 1층 (성수동1가)",,,,,no_result,0.0,no_result,0
3030000-101-2019-00424,종로계림닭도리탕 왕십리점,"서울특별시 성동구 무학로2길 35, 2층 (도선동)",1173307855,종로계림닭도리탕원조 왕십리점,서울 성동구 무학로2길 35,440.0,matched,30.0,matched,0
3030000-101-2020-00521,연남토마 성수점,"서울특별시 성동구 서울숲4길 16-20, 1,2층 (성수동1가)",1130497590,연남토마 성수점,서울 성동구 서울숲4길 16-20,8785.0,matched,30.0,matched,0
3030000-101-2020-00434,두마리찜닭 두찜 한양대점,"서울특별시 성동구 살곶이길 346-1, 1층 (행당동)",,,,,no_result,0.0,no_result,0
3030000-101-2017-00138,타코 까나스따,"서울특별시 성동구 동호로2길 28, 1층 (금호동4가)",,,,,not_found,0.0,not_found,0
3030000-101-2008-00179,더구공탄(THE 구공탄),"서울특별시 성동구 마조로 17, A동 1층 17호 (행당동)",37869914,더구공탄,서울 성동구 마조로 17,152.0,matched,30.0,matched,0
3030000-101-1998-01396,행쇼,서울특별시 성동구 왕십리로21길 17 (행당동),1221104045,행쇼,서울 성동구 왕십리로21길 17,23.0,matched,18.0,matched,0
3030000-101-2015-00274,성닭집,"서울특별시 성동구 상원4길 4, 1,2층 (성수동1가)",1206894223,성닭집,서울 성동구 상원4길 4,433.0,matched,30.0,matched,0
3030000-101-2012-00224,행당맥주,"서울특별시 성동구 행당로17길 22-1, 1층 (행당동)",1521199628,행당맥주,서울 성동구 행당로17길 22-1,373.0,matched,30.0,matched,0
3030000-101-2013-00261,미향,"서울특별시 성동구 용답중앙15길 13, 지상2층 (용답동)",1254925718,미향,서울 성동구 용답중앙15길 13,346.0,matched,30.0,matched,0
3030000-101-1997-04634,하이포크생삼겹,"서울특별시 성동구 고산자로 294 (행당동, 외1층)",,,,,no_result,0.0,no_result,0
3030000-101-2019-00060,물레방아 민물매운탕,"서울특별시 성동구 성덕정15길 4-14, 1층 (성수동2가)",1292872175,물레방아민물매운탕,서울 성동구 성덕정15길 4-14,273.0,matched,30.0,matched,0
3030000-101-2018-00057,24시전주명가콩나물국밥,"서울특별시 성동구 광나루로 320-1, 에딘버그골프연습장 가동 1층 (성수동2가)",1852183283,24시전주명가콩나물국밥 서울성수점,서울 성동구 광나루로 320-1,1330.0,matched,30.0,matched,0
3030000-101-2005-00244,포마토 김밥,"서울특별시 성동구 금호로 151 (금호동2가,(지상1층))",316685262,포마토김밥 신금호점,서울 성동구 금호로 151,1091.0,matched,30.0,matched,0
3030000-101-2020-00162,서울에스프레소,"서울특별시 성동구 왕십리로 64, 1층 (성수동1가)",38522521,서울에스프레소,서울 성동구 왕십리로 64,411.0,matched,30.0,matched,0
3030000-101-2016-00231,채원 감자탕,"서울특별시 성동구 금호산길 53-1, 1층 (금호동2가)",105125450,채원감자탕,서울 성동구 금호산길 53-1,430.0,matched,30.0,matched,0
3030000-101-2004-00249,한세희복집,"서울특별시 성동구 성수이로7가길 6, 2층 (성수동2가)",32971266,한세희복집,서울 성동구 성수이로7가길 6,142.0,matched,30.0,matched,0
3030000-101-1999-06344,메가엠지씨커피 행당역점,서울특별시 성동구 행당로 105 (행당동),,,,,not_found,0.0,not_found,0
3030000-101-1986-05228,354김밥국수,"서울특별시 성동구 살곶이길 354, 1층 (행당동)",,,,,not_found,0.0,not_found,0
3030000-101-2007-00146,만리장성,"서울특별시 성동구 장터길 13-1 (금호동3가, 금호3가 1392 지상2층)",31105240,만리장성,서울 성동구 장터길 13-1,554.0,matched,30.0,matched,0
3030000-101-2013-00205,옥수해물찜칼국수,"서울특별시 성동구 독서당로40길 39, 지하1층 106호 (옥수동, 옥수어울림상가동)",33658598,옥수해물찜칼국수,서울 성동구 독서당로40길 39,1610.0,matched,30.0,matched,0
3030000-101-2016-00077,비원키친(B1 KITCHEN),"서울특별시 성동구 광나루로6길 35, 지하1층 (성수동2가)",,,,,not_found,0.0,not_found,0
3030000-101-2005-00248,보쌈당한닭한마리,"서울특별시 성동구 용답중앙15길 13 (용답동,(지상1층))",,,,,not_found,0.0,not_found,0
3030000-101-1996-04839,이북집찹쌀순대,서울특별시 성동구 성수이로20길 10 (성수동2가),,이북집찹쌀순대,서울 성동구 성수일로8길 39,,addr_mismatch,0.0,addr_mismatch,0
3030000-101-1995-05169,한국집식당,"서울특별시 성동구 무학로 36, 상명제 1, 2층 (홍익동)",17895109,한국집식당,서울 성동구 무학로 36,159.0,matched,30.0,matched,0
3030000-101-1992-02212,빙고스타,"서울특별시 성동구 마장로27가길 28 (마장동, 마장동 574 지상1층)",,,,,no_result,0.0,no_result,0
3030000-101-2021-00133,코그,"서울특별시 성동구 왕십리로5길 14, 2층 (성수동1가)",,,,,not_found,0.0,not_found,0
3030000-101-2016-00137,푸른바다횟집,"서울특별시 성동구 성덕정15길 4-17, 1층 (성수동2가)",,,,,not_found,0.0,not_found,0
3030000-101-2020-00339,왕십리 누룽지통닭구이,"서울특별시 성동구 고산자로 297, 1층 (마장동)",1519043808,왕십리누룽지통닭구이,서울 성동구 고산자로 297,1347.0,matched,30.0,matched,0
3030000-101-1994-02599,용용선생 한양대점,"서울특별시 성동구 마조로3가길 15 (행당동,(1층))",1449356762,용용선생,서울 성동구 마조로3가길 15,1199.0,matched,30.0,matched,0
3030000-101-1994-05663,제일순대국,"서울특별시 성동구 아차산로13길 23-1, 지상1층 (성수동2가)",,제일 참 순대국,서울 성동구 아차산로13길 23,,addr_mismatch,0.0,addr_mismatch,0
3030000-101-1997-02033,동래파전(한양대점),서울특별시 성동구 마조로3가길 30 (행당동),1025060692,동래파전 한양대점,서울 성동구 마조로3가길 30,282.0,matched,30.0,matched,0
3030000-101-2017-00070,여백의미학,"서울특별시 성동구 왕십리로 241, B1층 (행당동)",,,,,no_result,0.0,no_result,0
3030000-101-2019-00137,"오늘, 완탕","서울특별시 성동구 연무장길 60, 1층 (성수동2가)",,,,,no_result,0.0,no_result,0
3030000-101-2009-00129,샤보샤보,"서울특별시 성동구 왕십리로 287 (행당동, 245 지상2층)",1263760536,샤보샤보,서울 성동구 왕십리로 287,394.0,matched,30.0,matched,0
3030000-101-2018-00091,홍수계찜닭 왕십리민자역사점,"서울특별시 성동구 왕십리광장로 17, 4층 (행당동)",1264456689,홍수계찜닭 왕십리민자역사점,서울 성동구 왕십리광장로 17,1277.0,matched,30.0,matched,0
3030000-101-2017-00068,카츠젠,"서울특별시 성동구 왕십리로 410, C동 1층 102호 (하왕십리동, 센트라스 상가)",1339708585,카츠젠 왕십리센트라스점,서울 성동구 왕십리로 410,527.0,matched,30.0,matched,0
3030000-101-2011-00146,금룡,"서울특별시 성동구 마조로 17 (행당동,2층5호(지상2층))",17899439,금룡,서울 성동구 마조로 17,329.0,matched,30.0,matched,0
3030000-101-2019-00171,인생한판,"서울특별시 성동구 행당로8길 15-13, 1층 (행당동)",1642425598,인생한판,서울 성동구 행당로8길 15-13,40.0,matched,13.0,matched,0
3030000-101-2020-00384,대명소곱창,"서울특별시 성동구 무학로2길 50, 1층 (도선동)",1096638962,대명소곱창 왕십리점,서울 성동구 무학로2길 50,2478.0,matched,30.0,matched,0
3030000-101-2015-00186,대구 뭉티기,"서울특별시 성동구 아차산로7길 8, 1층 (성수동2가)",,,,,no_result,0.0,no_result,0
3030000-101-2017-00124,경성삼겹살,"서울특별시 성동구 고산자로 304, 1층 (마장동, 2호, 3호)",1325067128,경성삼겹살,서울 성동구 고산자로 304,45.0,matched,13.0,matched,0
3030000-101-1995-01913,소문난성수감자탕(주),서울특별시 성동구 연무장길 45 (성수동2가),11721256,소문난성수감자탕,서울 성동구 연무장길 45,13278.0,matched,30.0,matched,0
3030000-101-1983-03192,갈포갈비 왕십리점,"서울특별시 성동구 행당로17길 22, 1층 (행당동, 292-45)",2046316014,갈포갈비 왕십리점,서울 성동구 행당로17길 22,970.0,matched,30.0,matched,0
3030000-101-2006-00075,정은이네곱창,서울특별시 성동구 마장로26길 16 (홍익동),,정은이네곱창,서울 성동구 고산자로 289,,addr_mismatch,0.0,addr_mismatch,0
3030000-101-2019-00208,와플대학 신금호역캠퍼스,"서울특별시 성동구 금호산길 67, 1층 (금호동2가)",1576372921,와플대학 신금호역캠퍼스,서울 성동구 금호산길 67,854.0,matched,30.0,matched,0
3030000-101-2016-00183,민정식당 서울숲직영점,"서울특별시 성동구 상원길 51, 1,2층 (성수동1가)",,,,,not_found,0.0,not_found,0
3030000-101-1996-04876,애솔촌 고기마을,서울특별시 성동구 용답19길 9 (용답동),1962077644,애솔촌 고기마을,서울 성동구 용답19길 9,346.0,matched,30.0,matched,0
3030000-101-2020-00096,동대문엽기떡볶이 성수점,"서울특별시 성동구 연무장길 31-1, 금호아파트 상가동 2층 (성수동2가)",37179672,동대문엽기떡볶이 성수점,서울 성동구 연무장길 31-1,1202.0,matched,30.0,matched,0
3030000-101-2015-00094,산고을칼국수,"서울특별시 성동구 무학봉15길 26, 1층 (하왕십리동)",1083285779,산고을칼국수,서울 성동구 무학봉15길 26,356.0,matched,30.0,matched,0
3030000-101-1990-04717,황귀닭곰탕,"서울특별시 성동구 마장로 310 (마장동,(1층))",20903891,황귀닭곰탕백반,서울 성동구 마장로 310,961.0,matched,30.0,matched,0
3030000-101-2017-00344,칠리향,"서울특별시 성동구 마장로 137, 221동 1층 127~128호 (상왕십리동, 텐즈힐)",1828644134,칠리향양꼬치,서울 성동구 마장로 137,171.0,matched,30.0,matched,0
3030000-101-2020-00126,두찜성동왕십리점,"서울특별시 성동구 마장로 137, 402동 1층 115호 (상왕십리동, 텐즈힐)",1074627889,두찜 성동왕십리점,서울 성동구 마장로 137,2.0,matched,2.0,matched,0
3030000-101-2005-00037,맛보래,"서울특별시 성동구 성수일로8길 53 (성수동2가,103호)",,,,,not_found,0.0,not_found,0
3030000-101-2004-00145,오한수 우육면가 성수역점,"서울특별시 성동구 성수일로8길 53 (성수동2가,성수동복합시설 104,107호)",1939287323,오한수우육면가 성수역점,서울 성동구 성수일로8길 53,1622.0,matched,30.0,matched,0
3030000-101-1997-04576,고모네집,서울특별시 성동구 독서당로46길 36-1 (금호동4가),1726152655,고모네집,서울 성동구 독서당로46길 36-1,58.0,matched,16.0,matched,0
3030000-101-2014-00065,피자헤븐 한양대점,"서울특별시 성동구 사근동길 4, 2층 (행당동)",34590342,피자헤븐 한양대점,서울 성동구 사근동길 4,85.0,matched,30.0,matched,0
3030000-101-2016-00342,재수돈 감자탕(왕십리점),"서울특별시 성동구 왕십리로21길 13, 1층 (행당동)",1560902835,재수돈감자탕 왕십리점,서울 성동구 왕십리로21길 13,1275.0,matched,30.0,matched,0
3030000-101-2008-00211,소나무,"서울특별시 성동구 행당로17길 20 (행당동,지상1층(달현길 24))",,소나무식당,서울 성동구 마조로 17,,addr_mismatch,0.0,addr_mismatch,0
3030000-101-2021-00099,하이홀본 (High Holborn),"서울특별시 성동구 독서당로48길 6, 1층 (금호동4가)",1299125146,하이홀본,서울 성동구 독서당로48길 6,405.0,matched,30.0,matched,0
3030000-101-2018-00171,백채금호역점,"서울특별시 성동구 장터길 27-2, 1층 (금호동3가)",1207670608,백채 김치찌개 금호역점,서울 성동구 장터길 27-2,327.0,matched,30.0,matched,0
3030000-101-2015-00082,부경,"서울특별시 성동구 광나루로6길 49, 지상1층 122호 (성수동2가)",1556274936,부경,서울 성동구 광나루로6길 49,53.0,matched,18.0,matched,0
3030000-101-2018-00011,히토리 우동,"서울특별시 성동구 마조로3길 9, 지하1층 (행당동)",1246543970,히토리우동,서울 성동구 마조로3길 9,423.0,matched,30.0,matched,0
3030000-101-2017-00077,멘노아지,"서울특별시 성동구 연무장5가길 7, 성수역 현대테라스타워 106호 (성수동2가)",1679455694,멘노아지 성수점,서울 성동구 연무장5가길 7,9087.0,matched,30.0,matched,0
3030000-101-2014-00299,용가네,서울특별시 성동구 금호산2길 13 (금호동3가),1037211726,용가네,서울 성동구 금호산2길 13,72.0,matched,21.0,matched,0
3030000-101-2009-00165,해밀식당,"서울특별시 성동구 독서당로 303-10 (금호동3가,(지상1층))",1730883545,해밀식당,서울 성동구 독서당로 303-10,14.0,matched,5.0,matched,0
3030000-101-1998-04279,테라스에서,"서울특별시 성동구 장터길 26, 2층 (금호동4가, 1380)",1865279286,테라스에서,서울 성동구 장터길 26,43.0,matched,22.0,matched,0
3030000-101-2018-00401,쿨쉽,"서울특별시 성동구 장터길 35-1, 2층 (금호동3가)",1395455721,쿨쉽,서울 성동구 장터길 35-1,46.0,matched,30.0,matched,0
3030000-101-2013-00233,임가네숯불구이식당,"서울특별시 성동구 마장로37길 35-1, 지상2층 (마장동)",,,,,no_result,0.0,no_result,0
3030000-101-2019-00452,중앙감속기,"서울특별시 성동구 성수일로6길 7-1, 1층 (성수동2가)",20937806,중앙감속기,서울 성동구 성수일로6길 7-1,3458.0,matched,30.0,matched,0
3030000-101-2009-00218,우리돈가,"서울특별시 성동구 사근동길 4 (행당동,지상2층)",,,,,not_found,0.0,not_found,0
3030000-101-2016-00297,은하수 출장뷔페,"서울특별시 성동구 성덕정19길 15, 1층 (성수동2가)",,,,,no_result,0.0,no_result,0
3030000-101-2006-00014,보끔당 성수본점,"서울특별시 성동구 아차산로 103 (성수동2가,영동테크노타워102호)",,,,,no_result,0.0,no_result,0
3030000-101-2020-00315,188양조장,"서울특별시 성동구 성덕정19길 22, 2층 (성수동2가)",,,,,no_result,0.0,no_result,0
3030000-101-1994-05781,달인의 족발,서울특별시 성동구 무학로2길 37 (도선동),1351876524,달인의족발,서울 성동구 무학로2길 37,787.0,matched,30.0,matched,0
3030000-101-2008-00218,주식회사 꽃보다족발,"서울특별시 성동구 왕십리로24길 16, 지상1층 (도선동)",36699688,꽃보다족발,서울 성동구 왕십리로24길 16,2242.0,matched,30.0,matched,0
3030000-101-1991-06033,둘둘치킨,"서울특별시 성동구 금호로 58, 1층 (금호동1가)",2041659696,둘둘치킨 금호사거리점,서울 성동구 금호로 58,1.0,matched,0.0,matched,0
3030000-101-2016-00128,싸구포차,"서울특별시 성동구 마조로 15-3, 2층 (행당동)",38644135,싸구포차,서울 성동구 마조로 15-3,66.0,matched,15.0,matched,0
3030000-101-2000-06734,수산룸포차,"서울특별시 성동구 왕십리로21길 11, 1층 (행당동)",,,,,not_found,0.0,not_found,0
3030000-101-2011-00072,남매양꼬치,"서울특별시 성동구 행당로17길 26, 1층 (행당동)",35413094,남매양꼬치,서울 성동구 행당로17길 26,191.0,matched,30.0,matched,0
3030000-101-1998-04164,뚝섬숯불갈비,"서울특별시 성동구 왕십리로5길 12-3, 1층 (성수동1가, 656-936)",,,,,not_found,0.0,not_found,0
3030000-101-2021-00134,에이치디디(HDD),"서울특별시 성동구 성수이로7길 46, 1층 (성수동2가)",1308786581,에이치디디,서울 성동구 성수이로7길 46,1504.0,matched,30.0,matched,0
3030000-101-2019-00243,백야드빌더,"서울특별시 성동구 광나루로 152, 1층 (성수동1가)",1271468163,백야드빌더 HQ,서울 성동구 광나루로 152,104.0,matched,30.0,matched,0
3030000-101-2002-00441,더 곱,"서울특별시 성동구 마조로7길 7 (행당동,(지상1층))",1148688387,더 곱,서울 성동구 마조로7길 7,425.0,matched,30.0,matched,0
3030000-101-2004-00028,닭한마리칼국수,"서울특별시 성동구 무수막길 91-1, 2층 (금호동2가)",,,,,not_found,0.0,not_found,0
3030000-101-2015-00212,호식이두마리치킨 서울숲점,"서울특별시 성동구 성수이로 23, 1층 (성수동2가)",,,,,not_found,0.0,not_found,0
3030000-101-2005-00241,핫쵸 성수점,"서울특별시 성동구 왕십리로5길 9-20 (성수동1가,(지상1층))",1273416195,핫쵸 성수점,서울 성동구 왕십리로5길 9-20,2719.0,matched,30.0,matched,0
3030000-101-2013-00122,함흥제일 속초 코다리냉면 왕십리민자역사점,"서울특별시 성동구 왕십리광장로 17, 지상4층 (행당동, 왕십리민자역사)",,,,,no_result,0.0,no_result,0
3030000-101-2003-00249,잠원식당,,,,,,not_found,0.0,not_found,0
3030000-101-2002-00014,토메루 도선점,서울특별시 성동구 왕십리로24길 9 (도선동),,,,,no_result,0.0,no_result,0
3030000-101-1989-04971,초원식당,서울특별시 성동구 성덕정길 118 (성수동2가),1494852688,초원,서울 성동구 성덕정길 118,6.0,matched,4.0,matched,0
3030000-101-2020-00367,바우네 나주곰탕,"서울특별시 성동구 왕십리로21길 10, 1층 (행당동)",1076416628,바우네나주곰탕 왕십리역점,서울 성동구 왕십리로21길 10,371.0,matched,30.0,matched,0
3030000-101-2018-00035,할머니의 레시피,"서울특별시 성동구 서울숲2길 44-12, 지하1,1층 (성수동1가)",37366169,할머니의 레시피,서울 성동구 서울숲2길 44-12,1959.0,matched,30.0,matched,0
3030000-101-2008-00210,애정가득찬,"서울특별시 성동구 무학로 33, 156동 104호 (하왕십리동, 왕십리뉴타운제1구역  텐즈힐아파트상가)",,,,,not_found,0.0,not_found,0
3030000-101-1980-06037,골목냉면,서울특별시 성동구 독서당로 295-7 (금호동3가),,,,,not_found,0.0,not_found,0
3030000-101-2018-00089,고토리,"서울특별시 성동구 연무장7가길 5, 지하1층 (성수동2가)",1217986077,고토리스낵바,서울 성동구 연무장7가길 5,454.0,matched,30.0,matched,0
3030000-101-2012-00214,수구레,"서울특별시 성동구 장터길 44-1, 지상1층층 (금호동4가, 1116)",1133604154,수구레,서울 성동구 장터길 44-1,331.0,matched,30.0,matched,0
3030000-101-2004-00072,맛자랑,"서울특별시 성동구 마장로29길 50-1, 1층 (마장동)",1379425049,맛자랑김밥천국,서울 성동구 마장로29길 50-1,642.0,matched,30.0,matched,0
3030000-101-2012-00058,버거쑈,"서울특별시 성동구 마조로 35, 지상1층 101호 (행당동, 3-20)",37061146,버거쑈,서울 성동구 마조로 35,1247.0,matched,30.0,matched,0
3030000-101-2008-00108,용호동낙지 서울숲점,"서울특별시 성동구 뚝섬로 338, 정인빌딩 지상1층 (성수동1가)",2040440160,용호동낙지 서울숲점,서울 성동구 뚝섬로 338,116.0,matched,30.0,matched,0
3030000-101-2020-00453,도나스데이 서울숲점,"서울특별시 성동구 서울숲2길 32-14, 상가102호 (성수동1가, 갤러리아 포레)",1182486571,도나스데이 서울숲점,서울 성동구 서울숲2길 32-14,191.0,matched,30.0,matched,0
3030000-101-2018-00040,미쳐버린파닭 한양대점,"서울특별시 성동구 사근동길 65, 103동 1층 102호 (사근동, 하이츠아파트)",1116780767,미쳐버린파닭한양대점,서울 성동구 사근동길 67,,matched_road,0.0,matched_road,0
3030000-101-2012-00227,미리내,"서울특별시 성동구 성덕정9길 4, 지상1층 (성수동1가, 252-3)",31729147,미리내,서울 성동구 성덕정9길 4,64.0,matched,7.0,matched,0
3030000-101-2019-00214,일상화식,"서울특별시 성동구 성수일로10길 26, 하우스디 세종타워 1층 107호, 108호 (성수동2가)",1528422534,일상화식 성수점,서울 성동구 성수일로10길 26,2703.0,matched,30.0,matched,0
3030000-101-2019-00124,소담김밥,"서울특별시 성동구 천호대로 286, 1층 (용답동)",,,,,not_found,0.0,not_found,0
3030000-101-2020-00374,피자닭터 왕십리점,"서울특별시 성동구 왕십리로 410, 아이동 165호 (하왕십리동, 센트라스)",1469414019,피자닭터 왕십리점,서울 성동구 왕십리로 410,14.0,matched,8.0,matched,0
3030000-101-1981-05162,제일,,36792271,답십리역제일부동산공인중개사사무소,서울 성동구 용답중앙13길 1,1.0,rejected_other_branch,1.0,matched_name,0
3030000-101-2016-00108,(주)성수동대림창고갤러리,"서울특별시 성동구 성수이로 78, 1층 (성수동2가)",37910590,성수동대림창고갤러리,서울 성동구 성수이로 78,3954.0,matched,30.0,matched,0
3030000-101-2019-00206,봉'스 플레이스(Bong's Place),"서울특별시 성동구 마조로1길 26-5, 지하1층 (행당동)",2008036678,봉스플레이스,서울 성동구 마조로1길 26-5,16.0,matched,15.0,matched,0
3030000-101-2018-00282,바 뮤즈(BAR MEWS),"서울특별시 성동구 연무장15길 11, 태광산업 가동 1층 B106호 (성수동2가)",,,,,not_found,0.0,not_found,0
3030000-101-2019-00141,HILLS COFFEE(힐스커피),"서울특별시 성동구 왕십리로4길 26-22, 지상1층,지하1층 (성수동1가)",,,,,not_found,0.0,not_found,0
3030000-101-2015-00101,`秀`숯불직화꼬치구이,"서울특별시 성동구 난계로 32, 1층 101호 (금호동1가, 성산빌딩)",,,,,no_result,0.0,no_result,0
3030000-101-2015-00056,석암생소금구이 성수점,"서울특별시 성동구 아차산로 97, 지상1층 (성수동2가)",2012854616,석암생소금구이 성수점,서울 성동구 아차산로 97,3048.0,matched,30.0,matched,0
3030000-101-2013-00105,아폴로(보글보글밥상),"서울특별시 성동구 왕십리광장로 17, 지상4층 (행당동, 왕십리민자역사(enter-6))",,아폴로콘텐츠컴퍼니,서울 성동구 성수일로3길 5,,addr_mismatch,0.0,addr_mismatch,0
3030000-101-2005-00232,청진동해장국,"서울특별시 성동구 마조로18길 21 (마장동,(지상1층))",19454998,청진동해장국 마장동점,서울 성동구 마조로18길 21,1123.0,matched,30.0,matched,0
3030000-101-2015-00199,한우타운 숯불구이 정육식당,"서울특별시 성동구 마장로37길 59, 2층, 4층 (마장동, 대동빌딩)",1703703493,한우타운 숯불구이 정육식당,서울 성동구 마장로37길 59,939.0,matched,30.0,matched,0
3030000-101-2017-00276,대물장어,"서울특별시 성동구 왕십리로24나길 8, 1층 103호 (도선동)",1652756806,대물장어,서울 성동구 왕십리로24나길 8,52.0,matched,30.0,matched,0
3030000-101-2016-00172,오키초밥,"서울특별시 성동구 아차산로13길 37, 1층 (성수동2가)",38482042,오키초밥,서울 성동구 아차산로13길 37,295.0,matched,30.0,matched,0
3030000-101-1994-02215,25시,"서울특별시 성동구 마장로 235, 1층 (마장동)",20888527,25시맥주양주,서울 성동구 마장로 235,1.0,matched,0.0,matched,0
3030000-101-2020-00155,본 떡볶이,"서울특별시 성동구 용답중앙길 42, 1층 (용답동)",1269064568,본떡볶이,서울 성동구 용답중앙길 42,56.0,matched,27.0,matched,0
3030000-101-1985-02650,곽가네왕갈비탕,"서울특별시 성동구 독서당로 290 (금호동4가,,586,575)",,곽가네왕갈비탕,서울 성동구 독서당로48길 2,,addr_mismatch,0.0,addr_mismatch,0
3030000-101-2015-00232,수향,"서울특별시 성동구 성수이로10길 14, 1층 105호 (성수동2가, 에이스하이엔드 성수타워)",37271894,수향,서울 성동구 성수이로10길 14,367.0,matched,30.0,matched,0
3030000-101-2014-00104,소풍김밥떡볶이라면,"서울특별시 성동구 용답19길 16-1, 1층 (용답동)",,,,,not_found,0.0,not_found,0
3030000-101-2008-00061,아카보시,"서울특별시 성동구 아차산로7길 36 (성수동2가,지상1층1-3가( 감나무길 44 ))",,,,,not_found,0.0,not_found,0
3030000-101-2021-00085,위스탠커피 WE STAN COFFEE,"서울특별시 성동구 뚝섬로13길 38, 상상플래닛 1층 (성수동2가)",,,,,no_result,0.0,no_result,0
3030000-101-2017-00035,항구도시연구소,"서울특별시 성동구 한림말3길 31, 1층 (옥수동)",97115230,항구도시연구소,서울 성동구 한림말3길 31,121.0,matched,30.0,matched,0
3030000-101-2018-00350,엘5에이엠씨 에스팩토리,"서울특별시 성동구 연무장15길 11, 태광산업 가동 3층 B312호 (성수동2가)",,,,,no_result,0.0,no_result,0
3030000-101-2013-00088,포르시따 빠네빠네,"서울특별시 성동구 무학봉28길 4-1, 지하1층 B105호 (하왕십리동)",,,,,no_result,0.0,no_result,0
3030000-101-2019-00086,미순이네,"서울특별시 성동구 용답중앙21길 1, 1층 (용답동)",1828705089,미순이네,서울 성동구 용답중앙21길 1,60.0,matched,22.0,matched,0
3030000-101-2016-00131,청담순대국,"서울특별시 성동구 상원길 19, 1층 103호 (성수동1가)",1103631248,청담순대국,서울 성동구 상원길 19,918.0,matched,30.0,matched,0
3030000-101-2021-00066,피자파는집 성수점,"서울특별시 성동구 성덕정길 109, 1층 (성수동2가)",1320024912,피자파는집 서울성수점,서울 성동구 성덕정길 109,83.0,matched,28.0,matched,0
3030000-101-2009-00132,이흥부족발,"서울특별시 성동구 상원길 54 (성수동1가,(지상1층))",31378474,이흥부오향족발,서울 성동구 상원길 54,216.0,matched,30.0,matched,0
3030000-101-1999-00087,블랙&압구정,"서울특별시 성동구 행당로 75, 행당동 대림아파트 목련상가동 1층 103-106호 (행당동)",,,,,not_found,0.0,not_found,0
3030000-101-2003-00178,쌤닭,"서울특별시 성동구 무학로6길 50, 101동 112,113호 (도선동, 성동삼성쉐르빌)",33899778,쌤닭 쉐르빌점,서울 성동구 무학로6길 50,1.0,matched,1.0,matched,0
3030000-101-2020-00021,제일양대창,"서울특별시 성동구 고산자로 281, 2층 (홍익동)",152310007,제일곱창 본점,서울 성동구 고산자로 281,4784.0,matched,30.0,matched,1
3030000-101-1996-05294,장맛손칼국수,"서울특별시 성동구 광나루로 290 (성수동2가,지상1층)",1371212488,장맛손칼국수,서울 성동구 광나루로 290,376.0,matched,30.0,matched,0
3030000-101-2013-00081,돔카페(Dome Cafe),"서울특별시 성동구 왕십리광장로 17, 지상7층 (행당동, 왕십리민자역사)",1436289320,돔카페,서울 성동구 왕십리광장로 17,59.0,matched,18.0,matched,0
3030000-101-2019-00266,토원 마블상회,"서울특별시 성동구 광나루로8길 11, 1층 (성수동2가)",,,,,no_result,0.0,no_result,0
3030000-101-2019-00125,푸드카페,"서울특별시 성동구 왕십리로5길 10, 1층 (성수동1가)",,푸드카페,서울 성동구 왕십리로 105,,addr_mismatch,0.0,addr_mismatch,0
3030000-101-2014-00059,코끼리냉면칼국수,"서울특별시 성동구 금호산길 56, 1층 (금호동2가)",137637975,코끼리냉면손칼국수,서울 성동구 금호산길 56,375.0,matched,30.0,matched,0
3030000-101-2008-00214,사와분식,"서울특별시 성동구 금호로 168, 1층 (금호동1가, 107-2)",,,,,no_result,0.0,no_result,0
3030000-101-2020-00171,프란츠카프카 딜리버리,"서울특별시 성동구 왕십리로 311-1, 지하1층 (행당동)",,,,,no_result,0.0,no_result,0
3030000-101-2014-00171,주연네연탄곱창구이,"서울특별시 성동구 금호로 60, 1층 (금호동1가)",,,,,not_found,0.0,not_found,0
3030000-101-2015-00117,에픽에스프레소,"서울특별시 성동구 무학로 33, 152동 지1층 105호 (하왕십리동, 왕십리뉴타운제1구역 텐즈힐아파트상가)",,,,,not_found,0.0,not_found,0
3030000-101-2019-00161,타코튜즈데이 성수점,"서울특별시 성동구 왕십리로10길 10, 1,2층 (성수동1가)",1836736663,타코튜즈데이 성수 본점,서울 성동구 왕십리로10길 10,25655.0,matched,30.0,matched,0
3030000-101-2003-00033,한잔포차,"서울특별시 성동구 마조로 15-13 (행당동,(지하1층))",,,,,not_found,0.0,not_found,0
3030000-101-2012-00149,규리네과일가게 성수본점,"서울특별시 성동구 뚝섬로 392, 1층 (성수동2가, 336-48)",,,,,no_result,0.0,no_result,0
3030000-101-2018-00166,깐부치킨(금호점),"서울특별시 성동구 금호로 40, 상가동 1호 (금호동4가)",1111966008,깐부치킨 금호점,서울 성동구 금호로 40,224.0,matched,30.0,matched,0
3030000-101-1999-00055,동부식당,,1478354368,동부식당,서울 성동구 가람길 281,69.0,matched_name,10.0,matched_name,0
3030000-101-1984-05811,미친노가리,서울특별시 성동구 무학로2길 35 (도선동),1296449273,미친노가리,서울 성동구 무학로2길 35,420.0,matched,30.0,matched,0
3030000-101-2004-00016,금별맥주 성수점,"서울특별시 성동구 성수일로10길 35, 나동 1층 (성수동2가)",1308648776,금별맥주 성수점,서울 성동구 성수일로10길 35,485.0,matched,30.0,matched,0
3030000-101-2007-00186,곱씹어you,"서울특별시 성동구 성덕정17길 3-1, 1층 (성수동2가, 565-19)",,,,,no_result,0.0,no_result,0
3030000-101-2010-00055,푸른바다 찜&탕,"서울특별시 성동구 용답25다길 23 (용답동,(지상1층))",,,,,no_result,0.0,no_result,0
3030000-101-2012-00121,뚝딱 성수점,"서울특별시 성동구 왕십리로 108, 1층 (성수동1가, 656-1069)",1921719649,뚝딱 성수점,서울 성동구 왕십리로 108,1482.0,matched,30.0,matched,0
3030000-101-2014-00182,사이공본가(한양대점),"서울특별시 성동구 마조로 21, 1층 (행당동)",2028371916,사이공본가 한양대점,서울 성동구 마조로 21,46.0,matched,30.0,matched,0
3030000-101-2008-00021,정든집,"서울특별시 성동구 아차산로7길 36 (성수동2가,1층1-3(나))",1933231473,정든집,서울 성동구 아차산로7길 36,101.0,matched,30.0,matched,0
3030000-101-2000-06532,남도집추어탕숯불장어,서울특별시 성동구 왕십리로20길 9-1 (도선동),,,,,no_result,0.0,no_result,0
3030000-101-2019-00381,나영이네,"서울특별시 성동구 무수막길 91-1, 1층 (금호동2가)",1849546570,나영이네,서울 성동구 무수막길 91-1,15.0,matched,8.0,matched,0
3030000-101-1992-02402,불난맥주 뚝섬역점,"서울특별시 성동구 상원길 40, 뚝섬현대아파트 상가동 103호 (성수동1가)",1201182439,불난맥주 뚝섬역점,서울 성동구 상원길 40,153.0,matched,30.0,matched,0
3030000-101-2009-00032,와우치킨,,13554527,와우치킨,서울 성동구 독서당로 270,27.0,matched_name,9.0,matched_name,0
3030000-101-2017-00043,블랙빈스,"서울특별시 성동구 고산자로 130, 1층 (응봉동)",,,,,not_found,0.0,not_found,0
3030000-101-2020-00523,에르제 Herge,"서울특별시 성동구 아차산로 135, 1층 (성수동2가)",,,,,not_found,0.0,not_found,0
3030000-101-2019-00201,틈새라면 한양대점,"서울특별시 성동구 마조로 35, 1층 105호 (행당동)",1464858992,틈새라면 한양대점,서울 성동구 마조로 35,160.0,matched,30.0,matched,0
3030000-101-2020-00019,오투휴게소,"서울특별시 성동구 마조로5길 4-16, 1층 (행당동)",1835901291,오투 휴게소,서울 성동구 마조로5길 4-16,296.0,matched,30.0,matched,0
3030000-101-2020-00065,누메로 뜨레쓰,"서울특별시 성동구 성수일로 21, 1층 (성수동1가)",1192614910,누메로뜨레쓰,서울 성동구 성수일로 21,1077.0,matched,30.0,matched,0
3030000-101-2005-00172,시원(SEAONE),"서울특별시 성동구 상원10길 7 (성수동1가,(지상1층))",1055876159,시원,서울 성동구 상원10길 7,395.0,matched,30.0,matched,0
3030000-101-2008-00085,또봉이 통닭,"서울특별시 성동구 용답29길 19 (용답동,지상1층(매화길 56 ))",1411746531,또봉이 통닭 서울용답점,서울 성동구 용답29길 19,126.0,matched,30.0,matched,0
3030000-101-1992-02182,여우주막,"서울특별시 성동구 마조로 15-8 (행당동, 행당동 19-84 지상1층)",,,,,not_found,0.0,not_found,0
3030000-101-2013-00032,락앤웍 옥수점,"서울특별시 성동구 독서당로 223, 래미안 옥수 리버젠  상가동 지하3층 305,306호 (옥수동)",35575345,락앤웍 옥수점,서울 성동구 독서당로 223,736.0,matched,30.0,matched,0
3030000-101-2017-00236,생생한우,"서울특별시 성동구 고산자로24길 15, 2층 (마장동)",,,,,not_found,0.0,not_found,0
3030000-101-2014-00310,옥수참치,"서울특별시 성동구 한림말1길 11, 1층 101호 (옥수동)",1110324773,옥수참치,서울 성동구 한림말1길 13,38.0,matched_road,19.0,matched_road,1
3030000-101-2017-00329,자매식당,"서울특별시 성동구 마장로31가길 2, 2층 (마장동)",1516152227,자매식당,서울 성동구 마장로31가길 2,130.0,matched,29.0,matched,0
3030000-101-2017-00007,한촌설렁탕 옥수역점,"서울특별시 성동구 독서당로40길 37, 지하2층 (옥수동, 옥수어울림 219-3, 220-1, 220-2, 221-1, 221-2호)",67104691,한촌설렁탕 옥수역점,서울 성동구 독서당로40길 39,598.0,matched_road,30.0,matched_road,0
3030000-101-2012-00018,앙심품은도야지,"서울특별시 성동구 성덕정길 91, 1층 (성수동2가)",18790382,앙심품은도야지,서울 성동구 성덕정길 91,167.0,matched,30.0,matched,0
3030000-101-2020-00475,깐부치킨(성수동갤러리아포레점),"서울특별시 성동구 서울숲2길 32-14, 1층 104호 (성수동1가, 갤러리아 포레)",1377463302,깐부치킨 성수갤러리아포레점,서울 성동구 서울숲2길 32-14,903.0,matched,30.0,matched,0
3030000-101-2011-00009,불닭발 땡초 동대문 엽기떡볶이(금호사거리점),"서울특별시 성동구 금호로 64, 1층 (금호동1가)",,,,,no_result,0.0,no_result,0
3030000-101-2013-00210,금호포차,"서울특별시 성동구 금호산2길 23, 지상1층 (금호동3가)",1662624464,금호포차,서울 성동구 금호산2길 23,14.0,matched,9.0,matched,0
3030000-101-2016-00015,왕십리 중앙숯불갈비,"서울특별시 성동구 왕십리로20길 35, 1층 (홍익동)",1532622586,왕십리중앙숯불갈비,서울 성동구 왕십리로20길 35,80.0,matched,30.0,matched,0
3030000-101-2017-00247,우라(ウラ),"서울특별시 성동구 성덕정길 121, 1층 (성수동2가)",1574692364,우라,서울 성동구 성덕정길 121,1635.0,matched,30.0,matched,0
3030000-101-2000-06587,노가리슈퍼,"서울특별시 성동구 마조로5길 4 (행당동, 4-33 지상1층)",1351067444,노가리슈퍼 한양대점,서울 성동구 마조로5길 4,322.0,matched,30.0,matched,0
3030000-101-2005-00060,김뚜껑 부대찌개 성수점,"서울특별시 성동구 아차산로7길 29 (성수동2가,(1층))",785544026,김뚜껑부대찌개 성수점,서울 성동구 아차산로7길 29,368.0,matched,30.0,matched,0
3030000-101-2019-00314,쭈꾸미도사(한양대점),"서울특별시 성동구 마조로1길 40, 1층 (행당동)",1180238558,쭈꾸미도사 한양대점,서울 성동구 마조로1길 40,1318.0,matched,30.0,matched,0
3030000-101-2018-00149,플래이스308,"서울특별시 성동구 고산자로 308, 103호 (마장동)",,,,,no_result,0.0,no_result,0
3030000-101-2014-00316,이모네 생고기,"서울특별시 성동구 마조로 17, 한양시장 B동 1층 28,30호 (행당동)",,,,,not_found,0.0,not_found,0
3030000-101-2020-00079,무공돈까스 성수이마트점,"서울특별시 성동구 뚝섬로 385-40, 1층 103호 (성수동2가)",,,,,not_found,0.0,not_found,0
3030000-101-2020-00344,떡세스,"서울특별시 성동구 왕십리로28길 28-1, 1층 (홍익동)",1417644342,떡세스떡볶이 왕십리점,서울 성동구 왕십리로28길 28-1,1481.0,matched,30.0,matched,0
3030000-101-2021-00132,코그,"서울특별시 성동구 왕십리로5길 14, 1층 (성수동1가)",,,,,not_found,0.0,not_found,0
3030000-101-2020-00376,메가엠지씨커피 뚝섬역점,"서울특별시 성동구 상원길 38-1, 1층 (성수동1가)",,메가엠지씨커피 성수롯데캐슬점,서울 성동구 아차산로7길 7,,addr_mismatch,0.0,addr_mismatch,0
3030000-101-2003-00156,할로우치킨,"서울특별시 성동구 용답19길 10-2, 1층 (용답동)",,,,,no_result,0.0,no_result,0
3030000-101-2007-00044,다연,"서울특별시 성동구 자동차시장1길 70, 지하1층 가 25호,59호 (용답동, 장안평 자동차시장 B호 B동 )",1699060528,다연,서울 성동구 자동차시장1길 70,42.0,matched,14.0,matched,0
3030000-101-2017-00268,성일한우정육점식당,"서울특별시 성동구 아차산로3길 7, 1층 (성수동1가)",,,,,not_found,0.0,not_found,0
3030000-101-1981-03504,마을회관,서울특별시 성동구 마조로 15-3 (행당동),1277344913,마을회관,서울 성동구 마조로 15-3,67.0,matched,28.0,matched,0
3030000-101-1985-02738,민물집,서울특별시 성동구 아차산로13길 37 (성수동2가),1813708718,민물집,서울 성동구 아차산로13길 37,39.0,matched,21.0,matched,0
3030000-101-2009-00142,비바(VIVA),"서울특별시 성동구 마조로 7, 1층 (행당동)",,심슨어학원 비바키즈 성동캠퍼스,서울 성동구 고산자로6길 40,,addr_mismatch,0.0,addr_mismatch,0
3030000-101-1999-00159,페리카나,서울특별시 성동구 무학봉15길 23 (하왕십리동),12767917,페리카나 왕십리점,서울 성동구 무학봉15길 23,133.0,matched,30.0,matched,0
3030000-101-2017-00319,가온길,"서울특별시 성동구 독서당로62길 4, 1층 (응봉동)",,가온길프린팅,서울 성동구 둘레5길 16,,addr_mismatch,0.0,addr_mismatch,0
3030000-101-2018-00143,누메로도스,"서울특별시 성동구 상원1길 35-9, 1층 (성수동1가)",1282258672,누메로도스,서울 성동구 상원1길 35-9,2250.0,matched,30.0,matched,0
3030000-101-2016-00332,버섯집,"서울특별시 성동구 왕십리로5길 9-10, 1층 (성수동1가)",,,,,not_found,0.0,not_found,0
3030000-101-1994-04889,소녀방앗간 서울숲시작점,서울특별시 성동구 왕십리로5길 9-16 (성수동1가),35848947,소녀방앗간 서울숲시작점,서울 성동구 왕십리로5길 9-16,788.0,matched,30.0,matched,0
3030000-101-2010-00008,바람부리명태찜,"서울특별시 성동구 무수막길 3 (금호동3가,(102호) 지상1층)",13418728,바람부리명태찜 금호점,서울 성동구 무수막길 3,505.0,matched,30.0,matched,0
3030000-101-2002-00315,싸움의고수 한양대점,"서울특별시 성동구 마조로 17 (행당동,(지상1층))",1734488256,싸움의고수 한양대점,서울 성동구 마조로 17,185.0,matched,30.0,matched,0
3030000-101-2012-00005,마초스테이크 성수직영점,"서울특별시 성동구 성수이로 51 (성수동2가, 325-2 서울숲한라시그마밸리(102A,102B)호 지상1층)",,,,,not_found,0.0,not_found,0
3030000-101-2014-00020,라이홍,"서울특별시 성동구 성수일로 77, 102호 (성수동1가, 서울숲IT벨리)",36414352,라이홍,서울 성동구 성수일로 77,1146.0,matched,30.0,matched,0
3030000-101-2014-00296,조이푸드,"서울특별시 성동구 성수이로7길 27, 1층 103호 (성수동2가, 서울숲코오롱디지털타워 2차)",1018192267,조이푸드,서울 성동구 성수이로7길 27,1121.0,matched,30.0,matched,0
3030000-101-2016-00082,메가엠지씨커피 성수일로점,"서울특별시 성동구 성수일로 39, 1층 (성수동1가)",,메가엠지씨커피 성수롯데캐슬점,서울 성동구 아차산로7길 7,,addr_mismatch,0.0,addr_mismatch,0
3030000-101-2007-00130,레드컵스,"서울특별시 성동구 마조로 17, 3호 (행당동,(지상1층))",,레드컵스,서울 성동구 살곶이길 356,,addr_mismatch,0.0,addr_mismatch,0
3030000-101-2013-00240,"왕돈까스, 왕냉면","서울특별시 성동구 왕십리로 107, 지상1층 (성수동1가)",,,,,no_result,0.0,no_result,0
3030000-101-2009-00233,예가주 전주콩나물국밥,"서울특별시 성동구 성수일로 99, 서울숲AK밸리 지식산업센터 1층 103호 (성수동1가)",,,,,not_found,0.0,not_found,0
3030000-101-2017-00308,뜨돈(금호점),"서울특별시 성동구 행당로1길 14-1, 1층 (금호동1가)",1029851716,뜨돈 금호점,서울 성동구 행당로1길 14-1,634.0,matched,30.0,matched,0
3030000-101-2020-00591,니드스윗,"서울특별시 성동구 송정12나길 20, 지층 (송정동)",,,,,no_result,0.0,no_result,0
3030000-101-2020-00460,에이셉피자,"서울특별시 성동구 성수일로 39, 경동빌딩 1층 (성수동1가)",1285751650,에이셉피자 성수점,서울 성동구 성수일로 39,348.0,matched,30.0,matched,0
3030000-101-2019-00321,회사식당,"서울특별시 성동구 성수이로22길 37, 1층 104,105호 (성수동2가)",1056968678,회사식당,서울 성동구 성수이로22길 37,532.0,matched,30.0,matched,0
3030000-101-2020-00002,청죽골,"서울특별시 성동구 왕십리로 134, 1층 (성수동1가)",1989394626,청죽골 2호점,서울 성동구 왕십리로 134,206.0,matched,30.0,matched,1
3030000-101-2007-00082,스타뚝배기,"서울특별시 성동구 사근동8길 12 (사근동,지상1층)",1611994356,스타뚝배기,서울 성동구 사근동8길 12,75.0,matched,29.0,matched,0
3030000-101-2014-00302,오시오,서울특별시 성동구 무학봉16길 21 (행당동),,오시오,서울 성동구 행당로17길 19-1,,addr_mismatch,0.0,addr_mismatch,0
3030000-101-1979-03810,석천해장국 아구찜,서울특별시 성동구 광나루로11길 3 (송정동),,,,,not_found,0.0,not_found,0
3030000-101-2021-00126,신사 소곱창,"서울특별시 성동구 연무장길 5-9, 1,2층 (성수동2가)",,신사소곱창,서울 성동구 왕십리로4길 19-1,,addr_mismatch,0.0,addr_mismatch,0
3030000-101-1995-05804,태양각,서울특별시 성동구 아차산로7길 19 (성수동2가),,,,,not_found,0.0,not_found,0
3030000-101-1988-01405,우야꼬,서울특별시 성동구 아차산로 116 (성수동2가),1473985539,우야꼬 칼국수 파전,서울 성동구 아차산로 116,109.0,matched,30.0,matched,0
3030000-101-2020-00290,윕WIP성수,"서울특별시 성동구 성수일로12가길 12-13, 1층 103호 (성수동2가)",1104075584,윕 성수,서울 성동구 성수일로12가길 12-13,1485.0,matched,30.0,matched,0
3030000-101-2016-00160,쭈꾸미랑 피자,"서울특별시 성동구 왕십리광장로 17, 4층 (행당동)",,,,,not_found,0.0,not_found,0
3030000-101-2020-00324,더벤티 성수아이에스점,"서울특별시 성동구 성수이로 147, 아이에스비즈타워 1층 102호 (성수동2가)",1489261024,더벤티 성수아이에스점,서울 성동구 성수이로 147,753.0,matched,30.0,matched,0
3030000-101-2014-00314,메쉬커피,서울특별시 성동구 서울숲길 43 (성수동1가),36276169,메쉬커피,서울 성동구 서울숲길 43,338.0,matched,30.0,matched,0
3030000-101-2014-00170,왕십리소곱창,"서울특별시 성동구 마장로26길 16, 1층 (홍익동)",,왕십리맛나곱창,서울 성동구 고산자로 281-1,,addr_mismatch,0.0,addr_mismatch,0
3030000-101-2014-00114,돈이야(춘향골),"서울특별시 성동구 성덕정길 48, 1층 (성수동1가)",1330970727,돈이야,서울 성동구 성덕정길 48,39.0,matched,13.0,matched,0
3030000-101-1998-04187,을지로골뱅이,"서울특별시 성동구 아차산로 87, 1층 (성수동2가, 300-87)",1469985293,을지로골뱅이,서울 성동구 아차산로 87,37.0,matched,24.0,matched,0
3030000-101-2005-00257,제주올레 2호점,"서울특별시 성동구 상원10길 4-1 (성수동1가,(지상1층))",,,,,not_found,0.0,not_found,0
3030000-101-1990-02304,바다잔치,서울특별시 성동구 무학로2길 48 (도선동),,,,,not_found,0.0,not_found,0
3030000-101-2001-06817,백두대간,서울특별시 성동구 성덕정길 46 (성수동1가),,,,,not_found,0.0,not_found,0
3030000-101-2017-00120,길이식당(한양대점),"서울특별시 성동구 사근동길 21-1, 1층 (사근동)",1480029997,길이식당 한양대점,서울 성동구 사근동길 21-1,127.0,matched,30.0,matched,0
3030000-101-2018-00069,뼈마니 마장감자탕,"서울특별시 성동구 마장로35나길 40, 덕수빌딩 1층 107호 (마장동)",,,,,no_result,0.0,no_result,0
3030000-101-2014-00030,돈벼락맛집,"서울특별시 성동구 상원길 24, 지상2층 (성수동1가, 락안빌딩)",37384237,돈벼락맛집,서울 성동구 상원길 24,296.0,matched,30.0,matched,0
3030000-101-2014-00177,아름식품,"서울특별시 성동구 아차산로7길 41, 1층 (성수동2가)",18793410,아름식품,서울 성동구 아차산로7길 41,1.0,matched,0.0,matched,0
3030000-101-1984-03836,중화각,"서울특별시 성동구 금호산2길 48 (금호동3가,지하1층(금남시장길 104))",2086119477,중화각,서울 성동구 금호산2길 48,8.0,matched,7.0,matched,0
3030000-101-2002-00480,쭈꾸미 장군,"서울특별시 성동구 아차산로7길 14-1, 1층 (성수동2가, 289-243)",1645100944,쭈꾸미 장군,서울 성동구 아차산로7길 14-1,98.0,matched,30.0,matched,0
3030000-101-1993-01738,호랑이 초밥,"서울특별시 성동구 아차산로7길 14, 지상1층 (성수동2가)",,,,,not_found,0.0,not_found,0
3030000-101-2019-00237,쿠마,"서울특별시 성동구 장터길 28-1, 1층 (금호동4가)",1966184904,쿠마,서울 성동구 장터길 28-1,66.0,matched,30.0,matched,0
3030000-101-1986-03208,피자스쿨,서울특별시 성동구 마장로 299 (마장동),17895279,피자스쿨 마장역점,서울 성동구 마장로 299,483.0,matched,30.0,matched,0
3030000-101-2014-00062,몽,"서울특별시 성동구 마조로3가길 25, 지층 (행당동, 수정빌딩)",,몽쁘띠,서울 성동구 왕십리로24가길 14-1,,addr_mismatch,0.0,addr_mismatch,0
3030000-101-2018-00224,카페다인,"서울특별시 성동구 왕십리로24길 19, 1층 (도선동)",,,,,not_found,0.0,not_found,0
3030000-101-2005-00168,시장설렁탕,서울특별시 성동구 성덕정15길 4-20 (성수동2가),1831017103,시장설렁탕,서울 성동구 성덕정15길 4-20,147.0,matched,30.0,matched,0
3030000-101-2019-00292,혼밥대왕,"서울특별시 성동구 무학봉15길 26-1, 1층 1호 (하왕십리동)",1212053451,혼밥대왕 왕십리점,서울 성동구 무학봉15길 26-1,86.0,matched,22.0,matched,0
3030000-101-1994-02602,한양대양꼬치,서울특별시 성동구 마조로1가길 20 (행당동),18776026,한양대양꼬치,서울 성동구 마조로1가길 20,237.0,matched,30.0,matched,0
3030000-101-2005-00090,복돼지와전골,"서울특별시 성동구 마조로1길 26-5 (행당동,(지상1층))",20911080,복돼지와전골,서울 성동구 마조로1길 26-5,38.0,matched,11.0,matched,0
3030000-101-2009-00062,더리즌,"서울특별시 성동구 행당로 98, 1층 (행당동, 322-418)",,,,,not_found,0.0,not_found,0
3030000-101-2020-00503,커피뮤 비트플렉스 왕십리역점,"서울특별시 성동구 왕십리광장로 17, 3층 기-02호 (행당동)",,,,,no_result,0.0,no_result,0
3030000-101-2019-00138,밀물식당,"서울특별시 성동구 자동차시장1길 70, A호 A동 지하1층 가 16,50호 (용답동)",,,,,not_found,0.0,not_found,0
3030000-101-2014-00011,꼬꼬스토리 성수점,"서울특별시 성동구 상원길 59, A동 1층 105호 (성수동1가, 쌍용아파트상가)",1757622536,꼬꼬스토리 성수점,서울 성동구 상원길 59,530.0,matched,30.0,matched,0
3030000-101-2018-00316,키친 우라와,"서울특별시 성동구 난계로 61, 지층 (금호동1가)",1595917510,키친우라와,서울 성동구 난계로 61,328.0,matched,30.0,matched,0
3030000-101-2017-00408,(주) 뚝섬역가장맛있는족발,"서울특별시 성동구 상원1길 42, 1층 (성수동1가)",,,,,no_result,0.0,no_result,0
3030000-101-2020-00005,목로정원,"서울특별시 성동구 서울숲2길 47, 3층 (성수동1가)",1155970418,목로정원,서울 성동구 서울숲2길 47,597.0,matched,30.0,matched,0
3030000-101-2012-00060,병천순대국,"서울특별시 성동구 뚝섬로 385-32, 지상1층 (성수동2가, 339-160)",1161571026,병천순대국 성수점,서울 성동구 뚝섬로 385-32,358.0,matched,30.0,matched,0
3030000-101-2020-00075,락지,"서울특별시 성동구 성덕정15길 4-3, 1층 (성수동2가)",1033517296,락지,서울 성동구 성덕정15길 4-3,64.0,matched,30.0,matched,0
3030000-101-2019-00222,라무진(성수카페거리점),"서울특별시 성동구 성수이로14길 1, 1층 (성수동2가)",1364313680,라무진 성수카페거리점,서울 성동구 성수이로14길 1,670.0,matched,30.0,matched,0
3030000-101-2019-00245,싸다김밥 왕십리역점,"서울특별시 성동구 왕십리로 320, 1층 102,103호 (도선동)",,,,,not_found,0.0,not_found,0
3030000-101-2017-00147,성수동골룸 서울숲 해산물 포장마차,"서울특별시 성동구 뚝섬로 312, 1층 101,102,106,107호 (성수동1가, 한진타운상가)",31558261,성수동골룸 서울숲 해산물 포장마차,서울 성동구 뚝섬로 312,154.0,matched,30.0,matched,0
3030000-101-1999-06145,장위동 유성집 성동점,"서울특별시 성동구 성수이로 118 (성수동2가, 성수2가 277-17 지상1층)",1125962368,장위동유성집 성동점,서울 성동구 성수이로 118,66.0,matched,25.0,matched,0
3030000-101-2017-00133,대찬식당,"서울특별시 성동구 왕십리로 410, J동 1층 118호 (하왕십리동, 센트라스 상가)",708727546,대찬식당,서울 성동구 왕십리로 410,521.0,matched,30.0,matched,0
3030000-101-2001-06914,짱구네순대타운,"서울특별시 성동구 독서당로 297-3, 1층 (금호동3가)",,,,,not_found,0.0,not_found,0
3030000-101-1987-01619,소양강,,,,,,not_found,0.0,not_found,0
3030000-101-2017-00195,다온스시,"서울특별시 성동구 왕십리로 410, I동 1층 126호 (하왕십리동, 센트라스상가)",,,,,no_result,0.0,no_result,0
3030000-101-1999-00042,수연,서울특별시 성동구 왕십리로20길 34 (홍익동),,수연건축사사무소,서울 성동구 고산자로 269,,addr_mismatch,0.0,addr_mismatch,0
3030000-101-2017-00426,야키토리나루토 성수점,"서울특별시 성동구 왕십리로14길 12, 1층 (성수동1가)",1844232192,야키토리 나루토 성수,서울 성동구 왕십리로14길 12,364.0,matched,30.0,matched,0
3030000-101-2018-00310,참타이,"서울특별시 성동구 아차산로 67-16, 케이아이엠지빌딩 102호 (성수동2가)",,,,,not_found,0.0,not_found,0
3030000-101-1998-04159,신사 소곱창,"서울특별시 성동구 아차산로7길 10, 1층 (성수동2가, 289-252)",,신사소곱창,서울 성동구 왕십리로4길 19-1,,addr_mismatch,0.0,addr_mismatch,0
3030000-101-1989-02786,피자스쿨(신금호역점),서울특별시 성동구 금호로 145 (금호동2가),609817756,피자스쿨 신금호역점,서울 성동구 금호로 145,249.0,matched,30.0,matched,0
3030000-101-1993-06387,떡본김에,"서울특별시 성동구 성수이로16길 33, 2층 (성수동2가)",,,,,not_found,0.0,not_found,0
3030000-101-1998-04063,돼지꿈,서울특별시 성동구 마조로 17 (행당동),902518559,돼지꿈,서울 성동구 마조로 17,88.0,matched,30.0,matched,0
3030000-101-2018-00129,어메이왕십리점,"서울특별시 성동구 왕십리광장로 17, 4층 (행당동)",,,,,no_result,0.0,no_result,0
3030000-101-2008-00047,슬로우캘리 뚝섬역점,"서울특별시 성동구 상원10길 4-1 (성수동1가,(지상1층))",1623928612,슬로우캘리 뚝섬역점,서울 성동구 상원10길 4-1,572.0,matched,30.0,matched,0
3030000-101-2007-00178,뉴스타 하이볼,"서울특별시 성동구 마조로 25 (행당동,지하1층)",1039499613,뉴스타 하이볼 한양대점,서울 성동구 마조로 25,78.0,matched,30.0,matched,0
3030000-101-2020-00424,라밥 왕십리역점,"서울특별시 성동구 왕십리광장로 6, 2층 (행당동)",,,,,no_result,0.0,no_result,0
3030000-101-2019-00339,코너룸 성수,"서울특별시 성동구 상원길 64, 2층 (성수동1가)",1688205316,코너룸 성수,서울 성동구 상원길 64,1313.0,matched,30.0,matched,0
3030000-101-2020-00152,브레쉬팩토리 베이커리카페,"서울특별시 성동구 금호로 105, 상가동 지하3층 B301호 (금호동2가)",,,,,not_found,0.0,not_found,0
3030000-101-2014-00015,오부찌,"서울특별시 성동구 뚝섬로 385-40, 2층 (성수동2가)",,,,,no_result,0.0,no_result,0
3030000-101-2012-00125,영계소문 옛날통닭,"서울특별시 성동구 성덕정17길 8-1, 1층 (성수동2가, 331-233)",,,,,not_found,0.0,not_found,0
3030000-101-2013-00162,모리,"서울특별시 성동구 아차산로7길 14-1, 지상2층 (성수동2가)",1443903348,몰트바 모리,서울 성동구 아차산로7길 14-1,53.0,matched,30.0,matched,0
3030000-101-2016-00350,안가네 보쌈,"서울특별시 성동구 용답중앙13길 3, 1층 (용답동)",,,,,no_result,0.0,no_result,0
3030000-101-2015-00140,서울맛집,서울특별시 성동구 성덕정15길 6-9 (성수동2가),34787360,서울맛집,서울 성동구 성덕정15길 6-9,558.0,matched,30.0,matched,0
3030000-101-2018-00418,요리왕,"서울특별시 성동구 연무장길 120, 1층 (성수동2가)",13153228,요리왕,서울 성동구 연무장길 120,1103.0,matched,30.0,matched,0
3030000-101-2002-00005,소노키라멘 한양대점,"서울특별시 성동구 마조로1길 2, 지상1층 (행당동, 20-17)",2066940635,소노키라멘 한양대점,서울 성동구 마조로1길 2,28.0,matched,25.0,matched,0
3030000-101-2015-00273,성수감자탕(하윤점),"서울특별시 성동구 연무장7길 4, 1층 (성수동2가)",1169625359,소문난성수감자탕 별관,서울 성동구 연무장7길 4,3394.0,matched,30.0,matched,0
3030000-101-2017-00192,봉쥬르,"서울특별시 성동구 상원2길 7, 1층 102호 (성수동1가)",1094944576,봉쥬르,서울 성동구 상원2길 7,570.0,matched,30.0,matched,0
3030000-101-2001-07012,루트비커피 성수점,"서울특별시 성동구 아차산로15길 10 (성수동2가,(107호))",,,,,not_found,0.0,not_found,0
3030000-101-2020-00589,페로몬(Pheromone),"서울특별시 성동구 상원2길 5, 3층 (성수동1가)",,,,,not_found,0.0,not_found,0
3030000-101-2018-00358,성운,"서울특별시 성동구 아차산로13길 33, 협진타워 1층 101호 (성수동2가)",1578170522,성운,서울 성동구 아차산로13길 33,307.0,matched,30.0,matched,0
3030000-101-2019-00441,신의 한 국수,"서울특별시 성동구 광나루로 320-1, 가동 1층 (성수동2가)",1665048009,신의한국수 본점,서울 성동구 광나루로 320-1,933.0,matched,30.0,matched,0
3030000-101-2012-00054,성수곰식당,"서울특별시 성동구 뚝섬로 385-32, 지상2층 (성수동2가, 339-160)",,,,,not_found,0.0,not_found,0
3030000-101-2018-00218,더하기나누기,"서울특별시 성동구 뚝섬로 417, 1층 (성수동2가)",,,,,no_result,0.0,no_result,0
3030000-101-2016-00290,어울림 터,"서울특별시 성동구 왕십리로31나길 18, 6동 지하1층 20호 (하왕십리동, 한신무학아파트)",,,,,no_result,0.0,no_result,0
3030000-101-2007-00218,왕십리 정부네 곱창,"서울특별시 성동구 고산자로 287, 지상1층 (홍익동)",11695220,왕십리정부네곱창,서울 성동구 고산자로 287,1259.0,matched,30.0,matched,0
3030000-101-2018-00027,천하제일 솥뚜껑,"서울특별시 성동구 성수이로7길 27, 서울숲코오롱디지탈타워 1층 105-1호 (성수동2가)",1720610031,천하제일 솥뚜껑,서울 성동구 성수이로7길 27,1570.0,matched,30.0,matched,0
3030000-101-2021-00128,먹어봐 뒷고기,"서울특별시 성동구 무학봉28길 21, 경남빌딩 1층 (행당동)",1298488662,먹어봐 뒷고기,서울 성동구 무학봉28길 21,1060.0,matched,30.0,matched,0
3030000-101-1999-00161,뚝섬해물탕,서울특별시 성동구 성덕정19길 3 (성수동2가),,,,,not_found,0.0,not_found,0
3030000-101-1985-03776,청해루,"서울특별시 성동구 자동차시장1길 24-1, 2층 (용답동)",,,,,not_found,0.0,not_found,0
3030000-101-2004-00085,정은회관,"서울특별시 성동구 금호로 45 (금호동4가,정은타워 1층)",,,,,not_found,0.0,not_found,0
3030000-101-1987-02210,닭한마리,서울특별시 성동구 광나루로 289 (송정동),,,,,not_found,0.0,not_found,0
3030000-101-1995-02542,향토칼국수,"서울특별시 성동구 성수이로 108 (성수동2가, 성수2가 277-81,117 지상1층)",,,,,no_result,0.0,no_result,0
3030000-101-2011-00041,하루나,"서울특별시 성동구 성수일로4길 37 (성수동2가,(지상1층))",386903968,하루나,서울 성동구 성수일로4길 37,302.0,matched,30.0,matched,0
3030000-101-2015-00086,삼백집 금호점,"서울특별시 성동구 금호로 17, 상가동 지하1층 124호 (금호동4가, 서울숲2차푸르지오아파트)",36886486,삼백집 금호점,서울 성동구 금호로 17,512.0,matched,30.0,matched,0
3030000-101-2008-00055,라도무쇠곱창,"서울특별시 성동구 용답19길 3 (용답동,지상1층(용답길 74))",,,,,not_found,0.0,not_found,0
3030000-101-2019-00017,작은카페,"서울특별시 성동구 마조로15나길 19, 1층 (마장동)",1062000784,작은카페,서울 성동구 마조로15나길 19,269.0,matched,30.0,matched,0
3030000-101-2011-00154,평화마을,"서울특별시 성동구 자동차시장1길 33 (용답동,지하1층 3호)",,,,,no_result,0.0,no_result,0
3030000-101-2006-00036,9237 한양대점,"서울특별시 성동구 마조로3가길 18 (행당동,(지상1층))",,,,,not_found,0.0,not_found,0
3030000-101-2006-00092,함흥순대국,"서울특별시 성동구 금호로 82-1, 지상 2층 (금호동1가)",31397929,함흥순대국,서울 성동구 금호로 82-1,57.0,matched,19.0,matched,0
3030000-101-2010-00219,행복한 칼국수,"서울특별시 성동구 용답29길 10-1, 지상1층 (용답동, 8-10)",1831263110,행복한칼국수,서울 성동구 용답29길 10-1,68.0,matched,30.0,matched,0
3030000-101-2010-00049,땅코 참숯구이,"서울특별시 성동구 행당로17길 26, 1층 (행당동)",1328684927,땅코참숯구이 본점,서울 성동구 행당로17길 26,1985.0,matched,30.0,matched,0
3030000-101-2019-00088,수정상회,"서울특별시 성동구 마장로31가길 6, 1층 (마장동)",,,,,not_found,0.0,not_found,0
3030000-101-2019-00373,제제,"서울특별시 성동구 서울숲길 46-1, 1층 (성수동1가)",1110196289,제제,서울 성동구 서울숲길 46-1,941.0,matched,30.0,matched,0
3030000-101-2013-00087,여우집,"서울특별시 성동구 고산자로26길 5, 지상3층 (마장동)",,,,,not_found,0.0,not_found,0
3030000-101-2015-00023,용이네,"서울특별시 성동구 성수일로8길 5, A동 1층 108호 (성수동2가, 서울숲SK V1타원)",1085837823,용이네,서울 성동구 성수일로8길 5,841.0,matched,30.0,matched,0
3030000-101-2004-00336,신촌설렁탕,"서울특별시 성동구 고산자로6길 40 (행당동,(112호))",1353747230,본가신촌설렁탕 왕십리점,서울 성동구 고산자로6길 40,240.0,matched,30.0,matched,0
3030000-101-2011-00201,하울까페,"서울특별시 성동구 마장로35길 76, 상가동 113호 (마장동, 818현대@상가113호)",21423701,하울카페,서울 성동구 마장로35길 76,95.0,matched,29.0,matched,0
3030000-101-2017-00255,모음(moeum),"서울특별시 성동구 살곶이8길 22, 1층 (행당동)",1678491701,모음,서울 성동구 살곶이8길 22,132.0,matched,30.0,matched,0
3030000-101-1985-05749,수상한막창 도선사거리점,"서울특별시 성동구 마장로26길 16-1, 1층 (홍익동)",,,,,not_found,0.0,not_found,0
3030000-101-2019-00156,블루보틀커피코리아 유한회사,"서울특별시 성동구 아차산로 7, 지상1층,지하1층 (성수동1가)",,,,,no_result,0.0,no_result,0
3030000-101-1995-01607,만나식당,"서울특별시 성동구 왕십리로21길 20, 1층 (행당동)",1805905826,만나식당,서울 성동구 왕십리로21길 20,355.0,matched,30.0,matched,0
3030000-101-2008-00166,구쁘,"서울특별시 성동구 한림말길 40 (옥수동,지상1층)",,,,,no_result,0.0,no_result,0
3030000-101-2020-00063,춘향미엔,"서울특별시 성동구 왕십리로21길 26, 1층 (행당동)",1643229713,춘향미엔 왕십리점,서울 성동구 왕십리로21길 26,2788.0,matched,30.0,matched,0
3030000-101-2013-00040,원조설렁탕,"서울특별시 성동구 마장로 228-23, 지상1층 (홍익동, 123-6)",34350735,원조설렁탕,서울 성동구 마장로 228-23,278.0,matched,30.0,matched,0
3030000-101-2015-00029,하네단,"서울특별시 성동구 왕십리로 102, 1층 (성수동1가)",2080239931,하네단,서울 성동구 왕십리로 102,305.0,matched,30.0,matched,0
3030000-101-2020-00231,도담순대국,"서울특별시 성동구 성수이로7길 27, 서울숲코오롱디지탈타워 1층 106-B호 (성수동2가)",1409998730,도담순대국 성수본점,서울 성동구 성수이로7길 27,591.0,matched,30.0,matched,0
3030000-101-2019-00258,BHC행당점,"서울특별시 성동구 무학봉길 43, 1층 (하왕십리동)",1937167746,BHC치킨 행당점,서울 성동구 무학봉길 43,157.0,matched,30.0,matched,0
3030000-101-2007-00193,광장족발,"서울특별시 성동구 아차산로 96, 1층 (성수동2가, 314-6)",21911060,광장족발 본가,서울 성동구 아차산로 96,587.0,matched,30.0,matched,0
3030000-101-2003-00141,조박사고깃집,"서울특별시 성동구 왕십리로24길 10-1 (도선동,(지상1층))",18771717,조박사고깃집,서울 성동구 왕십리로24길 10-1,23.0,matched,11.0,matched,0
3030000-101-2007-00076,경복궁,"서울특별시 성동구 용답중앙13길 13, 1층 (용답동)",1560199558,경복궁만두,서울 성동구 용답중앙13길 13,342.0,matched,30.0,matched,0
3030000-101-2012-00210,수현회집,"서울특별시 성동구 무학봉28길 12, 지상1층 (행당동, 286-17)",32340554,수현횟집,서울 성동구 무학봉28길 12,164.0,matched,30.0,matched,0
3030000-101-1982-06008,원조사철냉면,서울특별시 성동구 마조로 17 (행당동),,,,,not_found,0.0,not_found,0
3030000-101-2020-00454,비디버거 성수역연무장길 점심저녁,"서울특별시 성동구 성수이로14길 7, 2층 (성수동2가)",1026594418,bd버거 성수역연무장길 점심저녁,서울 성동구 성수이로14길 7,7178.0,matched,30.0,matched,0
3030000-101-2004-00106,김밥나라(한양대점),"서울특별시 성동구 왕십리로 222, 1층 (행당동, 한양대학교내 학생복지관)",1318705762,김밥나라 한양대점,서울 성동구 왕십리로 222,332.0,matched,30.0,matched,0
3030000-101-2019-00097,한랑술랑,"서울특별시 성동구 행당로1길 22, 2층 (금호동1가)",,,,,no_result,0.0,no_result,0
3030000-101-2021-00112,회현집,"서울특별시 성동구 성덕정3가길 1, 지하1층 (성수동1가)",,,,,not_found,0.0,not_found,0
3030000-101-2015-00255,근이네포차,"서울특별시 성동구 왕십리로24나길 6, 1층 (도선동)",1294708790,근이네포차,서울 성동구 왕십리로24나길 6,41.0,matched,17.0,matched,0
3030000-101-1998-04310,옛골감자탕,서울특별시 성동구 아차산로7길 9-2 (성수동2가),,,,,not_found,0.0,not_found,0
3030000-101-2005-00259,파파존스 옥수점,"서울특별시 성동구 매봉길 2 (옥수동,(지상1층))",11712743,파파존스 옥수점,서울 성동구 매봉길 2,314.0,matched,30.0,matched,0
3030000-101-2017-00278,티바 두마리치킨 금호점,"서울특별시 성동구 무수막길 62, 1층 (금호동2가)",1242047649,티바두마리치킨 금호점,서울 성동구 무수막길 62,103.0,matched,30.0,matched,0
3030000-101-2016-00261,다락방,"서울특별시 성동구 장터길 30-1, 2층 (금호동4가)",,봉순이네다락방 / 봉다방,서울 성동구 왕십리로21길 13-1,,addr_mismatch,0.0,addr_mismatch,0
3030000-101-2015-00043,음식공작소,"서울특별시 성동구 광나루로11길 36, 지상1층 (송정동)",,,,,not_found,0.0,not_found,0
3030000-101-1998-01521,작은공간,서울특별시 성동구 성덕정19길 16 (성수동2가),,,,,not_found,0.0,not_found,0
3030000-101-2011-00030,펀비어킹,"서울특별시 성동구 아차산로 93 (성수동2가,지상1,2층)",38779756,펀비어킹 성동 성수역점,서울 성동구 아차산로 93,442.0,matched,30.0,matched,0
3030000-101-2019-00221,공차서울숲점,"서울특별시 성동구 왕십리로 94-2, 1층 (성수동1가)",1044099286,공차 서울숲점,서울 성동구 왕십리로 94-2,1974.0,matched,30.0,matched,0
3030000-101-2017-00148,송화양꼬치호프,"서울특별시 성동구 용답중앙13길 1, 1층 (용답동)",,,,,not_found,0.0,not_found,0
3030000-101-2016-00001,일심정,"서울특별시 성동구 성수이로 127, 2층 (성수동2가)",,,,,not_found,0.0,not_found,0
3030000-101-2007-00129,이모네 집밥,"서울특별시 성동구 행당로 84, 종합상가동 지하1층 B004호 (행당동)",,,,,not_found,0.0,not_found,0
3030000-101-2017-00334,뚝섬칼국수,"서울특별시 성동구 상원길 40, 상가동 101호 (성수동1가, 뚝섬현대)",,뚝섬동죽칼국수,서울 성동구 상원2길 5-11,,addr_mismatch,0.0,addr_mismatch,0
3030000-101-2017-00100,명품숯불구이,"서울특별시 성동구 장터5길 5, 1층 (금호동3가)",,,,,not_found,0.0,not_found,0
3030000-101-2020-00124,한우쓰,"서울특별시 성동구 무학봉15길 28, 1층 (하왕십리동)",1356136194,한우쓰,서울 성동구 무학봉15길 28,22.0,matched,19.0,matched,0
3030000-101-2015-00157,뚱이네포차,서울특별시 성동구 자동차시장1길 30-10 (용답동),,,,,no_result,0.0,no_result,0
3030000-101-2017-00342,색다른면,"서울특별시 성동구 뚝섬로9길 16, 지층 101호 (성수동2가)",1120666982,색다른면,서울 성동구 뚝섬로9길 16,276.0,matched,30.0,matched,0
3030000-101-1991-02548,꼬랑치킨,서울특별시 성동구 행당로17길 11 (행당동),,,,,not_found,0.0,not_found,0
3030000-101-2019-00174,지하대피소,"서울특별시 성동구 동일로43길 1, 지층 (송정동)",1994967811,지하대피소,서울 성동구 동일로43길 1,36.0,matched,22.0,matched,0
3030000-101-2001-06830,튜니호프,서울특별시 성동구 금호로11길 1 (금호동2가),,,,,not_found,0.0,not_found,0
3030000-101-2013-00278,꿉당(성수점),"서울특별시 성동구 성수이로20길 10, 지상1층 104호 (성수동2가)",,,,,not_found,0.0,not_found,0
3030000-101-2016-00147,착한도너츠,"서울특별시 성동구 용답29길 23, 지하1층 (용답동)",,,,,not_found,0.0,not_found,0
3030000-101-1999-06184,분식코너,,,,,,not_found,0.0,not_found,0
3030000-101-1993-01974,멋진날,"서울특별시 성동구 무수막길 90, 1층 (금호동2가)",1598036667,멋진날포차,서울 성동구 무수막길 90,4.0,matched,1.0,matched,0
3030000-101-2015-00144,조조반점,"서울특별시 성동구 행당로 109, 지1층 (행당동)",,,,,not_found,0.0,not_found,0
3030000-101-2020-00318,화이트 365 커피,"서울특별시 성동구 사근동길 61, 1층 102호 (사근동)",,,,,not_found,0.0,not_found,0
3030000-101-2019-00096,레몬드(Lemoned),"서울특별시 성동구 무수막길 89-31, 1층 (금호동2가)",,,,,not_found,0.0,not_found,0
3030000-101-2017-00277,광원식당,"서울특별시 성동구 마장로33길 67, A동 107호 (마장동)",,,,,not_found,0.0,not_found,0
3030000-101-2005-00278,들창코 본점,"서울특별시 성동구 마장로 326, 지상1층 (마장동)",,,,,not_found,0.0,not_found,0
3030000-101-2018-00009,써니네 분식,"서울특별시 성동구 금호로 17, 상가동 B109호 (금호동4가, 서울숲2차푸르지오)",,,,,no_result,0.0,no_result,0
3030000-101-2014-00330,성수속 향연,"서울특별시 성동구 성수이로 65, 1층 102호 (성수동2가, 협성빌딩)",,,,,no_result,0.0,no_result,0
3030000-101-2008-00019,더다미,"서울특별시 성동구 아차산로7길 11 (성수동2가, 289-101 지상1층)",,,,,no_result,0.0,no_result,0
3030000-101-2019-00351,밥플러스 아이티캐슬점,"서울특별시 성동구 광나루로 130, 1층 101,102호 (성수동1가)",1024914127,밥플러스 아이티캐슬점,서울 성동구 광나루로 130,194.0,matched,30.0,matched,0
3030000-101-2000-06711,달라는대로,"서울특별시 성동구 성덕정길 48-1, 지상1층 (성수동1가)",1305674300,달라는대로,서울 성동구 성덕정길 48-1,5.0,matched,3.0,matched,0
3030000-101-1998-01567,동순루,,,,,,not_found,0.0,not_found,0
3030000-101-2021-00107,뜨아아아 커피집,"서울특별시 성동구 고산자로12길 1-1, 1층 (행당동)",1261880270,뜨아아아커피집,서울 성동구 고산자로12길 1-1,834.0,matched,30.0,matched,0
3030000-101-2019-00367,써니야 오빠왔다,"서울특별시 성동구 용답중앙13길 1, 1층 (용답동)",1592260892,써니야오빠왔다,서울 성동구 용답중앙13길 1,37.0,matched,26.0,matched,0
3030000-101-1994-04178,덕수식당,서울특별시 성동구 뚝섬로4길 10 (성수동1가),,,,,no_result,0.0,no_result,0
3030000-101-2019-00336,성수다락 성수역연무장길 점심저녁,"서울특별시 성동구 뚝섬로9길 20, 2,3층 (성수동2가)",1241532707,성수다락,서울 성동구 뚝섬로9길 20,13469.0,matched,30.0,matched,0
3030000-101-2015-00195,무화화,"서울특별시 성동구 연무장5길 18, 1층 (성수동2가)",2022318037,무화화,서울 성동구 연무장5길 18,2747.0,matched,30.0,matched,0
3030000-101-2021-00114,은행골 by 요이동,"서울특별시 성동구 상원1길 26, 1층 109호 (성수동1가)",,,,,no_result,0.0,no_result,0
3030000-101-2019-00046,밥플러스 하우스디 세종타워점,"서울특별시 성동구 성수일로10길 26, 202,203호 (성수동2가)",,,,,no_result,0.0,no_result,0
3030000-101-1998-04222,소점식당,서울특별시 성동구 무학로4길 29-1 (도선동),20857329,소점식당,서울 성동구 무학로4길 29-1,9.0,matched,2.0,matched,0
3030000-101-2019-00286,먹깨비 뷔페,"서울특별시 성동구 금호산길 49-1, 1층 2호 (금호동2가)",,,,,no_result,0.0,no_result,0
3030000-101-2018-00017,스쿨푸드 금호딜리버리,"서울특별시 성동구 금호산2길 5, 지하1층 1호 (금호동3가)",,,,,not_found,0.0,not_found,0
3030000-101-2015-00236,한경화설렁탕,"서울특별시 성동구 아차산로13길 48, 1층 (성수동2가)",,,,,not_found,0.0,not_found,0
3030000-101-2006-00078,함평마을,"서울특별시 성동구 독서당로51길 31, 1층 (금호동1가)",,,,,not_found,0.0,not_found,0
3030000-101-2005-00120,별난만두,"서울특별시 성동구 용답중앙길 52 (용답동,(지상1층))",,,,,not_found,0.0,not_found,0
3030000-101-2020-00260,주식회사 팔오,"서울특별시 성동구 서울숲4길 18-8, 2층 (성수동1가)",,,,,no_result,0.0,no_result,0
3030000-101-2019-00362,바차차,"서울특별시 성동구 연무장길 14-5, 2층 (성수동1가)",1357747708,바 차차,서울 성동구 연무장길 14-5,33.0,matched,16.0,matched,0
3030000-101-2019-00008,본앤브레드컴퍼니,"서울특별시 성동구 마장로42길 1, 새림약국 지하1,1,2,3층 (마장동)",,,,,no_result,0.0,no_result,0
3030000-101-2014-00128,보테가마지오 드 그랑포레,"서울특별시 성동구 서울숲2길 32-14, 지하2층 (성수동1가, 갤러리아포레)",,,,,no_result,0.0,no_result,0
3030000-101-2016-00106,윤가네곱창,"서울특별시 성동구 마조로1길 28, 1층 (행당동)",,,,,no_result,0.0,no_result,0
3030000-101-2004-00317,멘쿠도 성수점,"서울특별시 성동구 성수일로8길 53, 105,106호 (성수동2가, 289-13 1층)",2096559480,멘쿠도 성수점,서울 성동구 성수일로8길 53,2477.0,matched,30.0,matched,0
3030000-101-2020-00399,홍고추장삼겹살,"서울특별시 성동구 왕십리로 347, 1층 (하왕십리동)",,,,,not_found,0.0,not_found,0
3030000-101-1997-01894,아랫목식당,서울특별시 성동구 송정14길 14-1 (송정동),17933291,아랫목식당,서울 성동구 송정14길 14-1,142.0,matched,28.0,matched,0
3030000-101-1988-06036,이가갈비,서울특별시 성동구 마조로 25 (행당동),,,,,not_found,0.0,not_found,0
3030000-101-2006-00195,삼통치킨호프,"서울특별시 성동구 뚝섬로 447, 1층 1075호 (성수동2가, 성동마트내)",,,,,no_result,0.0,no_result,0
3030000-101-2011-00108,본죽&비빔밥 cafe 성수힐스테이트점,"서울특별시 성동구 성수일로4길 37 (성수동2가, 성수2가 333-123 지상1층)",1305627583,본죽&amp;비빔밥 성수힐스테이트점,서울 성동구 성수일로4길 37,432.0,matched,30.0,matched,0
3030000-101-2021-00025,두두두(DoDoDo),"서울특별시 성동구 성덕정17길 4-1, 2층 (성수동2가)",,,,,no_result,0.0,no_result,0
3030000-101-2021-00064,릴즈(Rill's),"서울특별시 성동구 청계천로 474, 1층 상가104,105호 (하왕십리동, 왕십리 모노퍼스 주상복합)",,,,,not_found,0.0,not_found,0
3030000-101-2013-00029,아키야마,"서울특별시 성동구 아차산로7나길 18, 지상1층 106호 (성수동2가, 대선에이팩스센터)",37748060,아키야마 성수본점,서울 성동구 아차산로7나길 18,2299.0,matched,30.0,matched,0
3030000-101-1999-00122,호경이네집,서울특별시 성동구 뚝섬로 420-4 (성수동2가),,,,,no_result,0.0,no_result,0
3030000-101-2018-00026,Ki 키,"서울특별시 성동구 연무장길 41-9, 1층 (성수동2가)",,,,,not_found,0.0,not_found,0
3030000-101-2016-00087,타코챔피언,"서울특별시 성동구 마조로5길 14, 1층 (행당동)",1749444334,타코챔피언,서울 성동구 마조로5길 14,626.0,matched,30.0,matched,0
3030000-101-2013-00140,이랑바지락닭한마리칼국수 종로빈대떡,"서울특별시 성동구 성수이로7길 7, 지상1층 102호 (성수동2가, 서울숲한라시그마밸리)",,,,,no_result,0.0,no_result,0
3030000-101-2010-00189,동네오빠,"서울특별시 성동구 왕십리로24길 7-2 (도선동, 207 지상1층)",,,,,not_found,0.0,not_found,0
3030000-101-2003-00192,산청화로,"서울특별시 성동구 독서당로 267-6 (금호동4가,(지상1층))",,,,,not_found,0.0,not_found,0
3030000-101-2013-00280,라성천사,"서울특별시 성동구 광나루로6길 35, 지상1층 104호 (성수동2가)",,,,,not_found,0.0,not_found,0
3030000-101-2019-00465,핵밥 성수점,"서울특별시 성동구 연무장7길 7, 2층 (성수동2가)",,,,,no_result,0.0,no_result,0
3030000-101-2019-00466,나마 쿠시모노,"서울특별시 성동구 마장로 137, 221동 1147호 (상왕십리동, 텐즈힐)",,,,,not_found,0.0,not_found,0
3030000-101-2008-00027,나그네파전,"서울특별시 성동구 마조로1길 4 (행당동,(지상1층))",13321768,나그네파전,서울 성동구 마조로1길 4,142.0,matched,30.0,matched,0
3030000-101-2013-00119,초가랑,"서울특별시 성동구 장터5길 3-1, 지상1층 (금호동3가)",1545990391,초가랑,서울 성동구 장터5길 3-1,85.0,matched,30.0,matched,0
3030000-101-1994-04487,황귀닭한마리,서울특별시 성동구 상원6길 8 (성수동1가),,,,,no_result,0.0,no_result,0
3030000-101-2015-00132,바라움(Bar Raum),서울특별시 성동구 무학로2길 38 (도선동),,,,,no_result,0.0,no_result,0
3030000-101-2020-00312,프레스나인,"서울특별시 성동구 광나루로 176, 2층 (성수동1가)",,,,,no_result,0.0,no_result,0
3030000-101-2020-00266,오일장(oiljang),"서울특별시 성동구 서울숲2길 20-8, 2층 (성수동1가)",,,,,not_found,0.0,not_found,0
3030000-101-2009-00006,훈희네곱창,서울특별시 성동구 청계천로10나길 79 (마장동),,,,,not_found,0.0,not_found,0
3030000-101-2012-00071,후오마라,"서울특별시 성동구 왕십리로4길 24, 지상1층 (성수동1가, 8-9)",,,,,not_found,0.0,not_found,0
3030000-101-2004-00301,커피식구,"서울특별시 성동구 아차산로13길 31 (성수동2가,(1층))",,,,,not_found,0.0,not_found,0
3030000-101-2018-00265,어썸블리스,"서울특별시 성동구 상원2길 5-11, 3층 (성수동1가)",1927557936,어썸블리스,서울 성동구 상원2길 5-11,253.0,matched,30.0,matched,0
3030000-101-1986-02702,볼카노호프,서울특별시 성동구 왕십리로 291-2 (행당동),17899618,볼카노호프,서울 성동구 왕십리로 291-2,18.0,matched,4.0,matched,0
3030000-101-2015-00153,척스탭하우스,"서울특별시 성동구 독서당로40길 33, 2층 (옥수동)",,,,,not_found,0.0,not_found,0
3030000-101-1999-00065,우영푸드빌,"서울특별시 성동구 아차산로 144, 1층 101호 (성수동2가, 273-15 우영테크노센터)",,,,,not_found,0.0,not_found,0
3030000-101-2019-00275,오늘와인한잔 가든점,"서울특별시 성동구 연무장7길 7-1, 린빌딩 (성수동2가)",,,,,no_result,0.0,no_result,0
3030000-101-2014-00294,깜장드럼통,서울특별시 성동구 무학봉길 95 (하왕십리동),36104726,깜장드럼통 왕십리점,서울 성동구 무학봉길 95,737.0,matched,30.0,matched,0
3030000-101-1990-01666,페리카나치킨,서울특별시 성동구 무수막길 89-2 (금호동2가),11799955,페리카나 금호로타리점,서울 성동구 무수막길 89-2,133.0,matched,30.0,matched,0
3030000-101-2019-00105,서박사 부대찌개,"서울특별시 성동구 금호산길 42, 1층 (금호동2가)",1997664345,서박사부대찌개 본점,서울 성동구 금호산길 42,254.0,matched,30.0,matched,0
3030000-101-2001-06780,배들곱창,"서울특별시 성동구 고산자로 293 (홍익동,(106호))",,,,,not_found,0.0,not_found,0
3030000-101-2011-00124,곱창나라,"서울특별시 성동구 송정12길 15 (송정동,지하1층)",1139066810,곱창나라,서울 성동구 송정12길 15,121.0,matched,30.0,matched,0
3030000-101-2020-00470,착한씨푸드,"서울특별시 성동구 독서당로 187, 옥수동극동아파트 상가동 지1층 004호 (옥수동)",,,,,no_result,0.0,no_result,0
3030000-101-2005-00099,추억의 홍두께 칼국수,"서울특별시 성동구 마장로40길 10, 지상1층 (마장동, 793-1)",,,,,not_found,0.0,not_found,0
3030000-101-1986-05291,금옥정,서울특별시 성동구 금호로3길 18-44 (금호동4가),1411121507,금옥정,서울 성동구 금호로3길 18-44,43.0,matched,24.0,matched,0
3030000-101-2011-00028,친구친구,"서울특별시 성동구 무학로6길 50, 101동 지상2층 237-3호 (도선동, 성동삼성쉐르빌)",,,,,not_found,0.0,not_found,0
3030000-101-2021-00088,성동쉐프들협동조합,"서울특별시 성동구 성덕정길 48, 2층 (성수동1가)",,,,,no_result,0.0,no_result,0
3030000-101-2019-00087,호두이즈월넛(hodoo is walnut),"서울특별시 성동구 광나루로2길 34, 1층 (성수동2가)",,,,,not_found,0.0,not_found,0
3030000-101-2009-00068,감닭오구공공,"서울특별시 성동구 성수이로 33, 지상1층 (성수동2가, 335-47)",,,,,not_found,0.0,not_found,0
3030000-101-2016-00048,삼맛호오떡,"서울특별시 성동구 무학봉16길 26, 1층 (행당동)",,,,,not_found,0.0,not_found,0
3030000-101-1999-06224,왕십리닭내장탕집,"서울특별시 성동구 무학로2길 11, 1층 (도선동)",,,,,not_found,0.0,not_found,0
3030000-101-2015-00260,대중함흥냉면대중한우소곱창,"서울특별시 성동구 금호로 66, 1층 (금호동1가)",,,,,no_result,0.0,no_result,0
3030000-101-2015-00134,린디자인하우스,"서울특별시 성동구 광나루로 172, 지1, 1층 (성수동1가)",,,,,no_result,0.0,no_result,0
3030000-101-2019-00238,우웨이탕(伍味堂),"서울특별시 성동구 상원1길 11-1, 1층 (성수동1가)",,,,,not_found,0.0,not_found,0
3030000-101-2018-00146,주식회사 소년식당,"서울특별시 성동구 서울숲6길 17, 1층 (성수동1가)",,,,,not_found,0.0,not_found,0
3030000-101-2017-00059,레이어57,"서울특별시 성동구 성수이로20길 57, 1층 (성수동2가)",,,,,not_found,0.0,not_found,0
3030000-101-2018-00362,하쿠나마타타,"서울특별시 성동구 마조로3가길 3, 1층 (행당동)",1557315552,하쿠나마타타,서울 성동구 마조로3가길 3,198.0,matched,30.0,matched,0
3030000-101-2016-00228,타이인플레이트(THAI IN PLATE),"서울특별시 성동구 사근동8길 3, 1층 (사근동)",66929503,타이인플레이트,서울 성동구 사근동8길 3,165.0,matched,30.0,matched,0
3030000-101-2008-00099,강남식당,"서울특별시 성동구 마장로33길 37-12 (마장동,지상1층(황금길 57-2 ))",,강남돈부리,서울 성동구 금호산2길 6-1,,addr_mismatch,0.0,addr_mismatch,0
3030000-101-2016-00143,싸구포차2,"서울특별시 성동구 마조로 15-3, 3층 (행당동)",,,,,no_result,0.0,no_result,0
3030000-101-1999-06046,금돼지 1호점,"서울특별시 성동구 광나루로4길 1-10, 지하1층 (성수동2가)",,,,,no_result,0.0,no_result,0
3030000-101-1997-04518,완산골명가,"서울특별시 성동구 광나루로 290 (성수동2가,(지상1층))",,,,,no_result,0.0,no_result,0
3030000-101-2005-00112,연평도 목포 산꽃게,"서울특별시 성동구 마장로 323 (마장동,(지상1,2층))",11841118,연평도목포산꽃게,서울 성동구 마장로 323,909.0,matched,30.0,matched,0
3030000-101-2019-00393,칸지고고 왕십리점,"서울특별시 성동구 왕십리광장로 17, 4층 (행당동)",,,,,no_result,0.0,no_result,0
3030000-101-2008-00051,성수전,"서울특별시 성동구 아차산로7길 4, 1층 (성수동2가)",1953007203,성수전,서울 성동구 아차산로7길 4,533.0,matched,30.0,matched,0
3030000-101-2013-00232,명국수,"서울특별시 성동구 뚝섬로 385-40, 지상1층 (성수동2가)",33484369,명국수,서울 성동구 뚝섬로 385-40,965.0,matched,30.0,matched,0
3030000-101-1999-06361,진숙맛집,"서울특별시 성동구 독서당로 296-1, 지하1층 (금호동4가)",,,,,not_found,0.0,not_found,0
3030000-101-2006-00218,권가네,"서울특별시 성동구 마장로 232 (홍익동, 123-1 지상1층)",,,,,not_found,0.0,not_found,0
3030000-101-2020-00451,토리무라,"서울특별시 성동구 왕십리로10길 18-1, 지하1층 (성수동1가)",,,,,not_found,0.0,not_found,0
3030000-101-2016-00330,화포엠,"서울특별시 성동구 왕십리로5길 9-16, 2층 (성수동1가)",,,,,no_result,0.0,no_result,0
3030000-101-2020-00569,화화돈,"서울특별시 성동구 연무장7가길 3, 2층 (성수동2가)",1390563803,화화돈 성수점,서울 성동구 연무장7가길 3,8916.0,matched,30.0,matched,0
3030000-101-1999-06260,서래갈매기부속고기,"서울특별시 성동구 마조로3나길 27 (행당동, 19-63 지상1층)",,,,,no_result,0.0,no_result,0
3030000-101-2009-00059,운정식당,"서울특별시 성동구 고산자로 340 (마장동,지하1층)",,운정식당,서울 성동구 청계천로12가길 43,,addr_mismatch,0.0,addr_mismatch,0
3030000-101-2019-00183,세이버(Savour),"서울특별시 성동구 연무장15길 11, 태광산업 가동 1층 C101,C102,C103호 (성수동2가)",,,,,not_found,0.0,not_found,0
3030000-101-2016-00221,남다른 김밥,"서울특별시 성동구 왕십리광장로 17, 4층 (행당동, 왕십리민자역사 푸드코트내)",,,,,no_result,0.0,no_result,0
3030000-101-2019-00051,마블정,"서울특별시 성동구 성수일로 57, 201호 (성수동1가)",2041264406,마블정,서울 성동구 성수일로 57,505.0,matched,30.0,matched,0
3030000-101-2004-00351,이상진돈까스,"서울특별시 성동구 독서당로39길 48 (옥수동,(1층))",,,,,not_found,0.0,not_found,0
3030000-101-2016-00139,굽맥,"서울특별시 성동구 행당로17길 21, 1층 (행당동)",,,,,not_found,0.0,not_found,0
3030000-101-2011-00200,최영희 언양불고기,"서울특별시 성동구 무학봉28길 21 (행당동, 286-12 지상1층)",31329502,최영희언양불고기,서울 성동구 무학봉28길 21,1587.0,matched,30.0,matched,0
3030000-101-2019-00476,오리도둑 본점,"서울특별시 성동구 무학로6길 50, 101동 1층 161호, 162호 (도선동, 성동삼성쉐르빌)",,,,,no_result,0.0,no_result,0
3030000-101-2020-00217,고기를 품다,"서울특별시 성동구 왕십리로 291-2, 1층 (행당동)",,,,,not_found,0.0,not_found,0
3030000-101-1985-04894,대촌정,서울특별시 성동구 마장로23길 4 (홍익동),,,,,not_found,0.0,not_found,0
3030000-101-1997-01832,(주)이건희국밥 용답직영점,"서울특별시 성동구 용답중앙길 76, 1층 (용답동)",,,,,not_found,0.0,not_found,0
3030000-101-2005-00119,길상 참숯 양갈비,"서울특별시 성동구 행당로17길 19-1, 1층 (행당동)",1961025149,길상참숯양갈비,서울 성동구 행당로17길 19-1,160.0,matched,30.0,matched,0
3030000-101-2020-00501,어게인스트 보더스 against borders,"서울특별시 성동구 독서당로 188, 1층 (옥수동)",,,,,not_found,0.0,not_found,0
3030000-101-2017-00250,성수반점,"서울특별시 성동구 왕십리로4길 16, 1층 (성수동1가)",1250300867,성수반점,서울 성동구 왕십리로4길 16,19.0,matched,17.0,matched,0
3030000-101-2012-00113,무한통삼,"서울특별시 성동구 마조로9길 8, 1층 (행당동, 1-82)",,,,,not_found,0.0,not_found,0
3030000-101-2003-00211,해원횟집,"서울특별시 성동구 용답중앙15길 5 (용답동,(지상1층))",,,,,not_found,0.0,not_found,0
3030000-101-2020-00393,웜히어,"서울특별시 성동구 상원6길 6, 1층 (성수동1가)",1660287803,웜히어,서울 성동구 상원6길 6,52.0,matched,30.0,matched,0
3030000-101-2019-00354,차이나플레인 서울숲점,"서울특별시 성동구 뚝섬로1길 25, 서울숲 한라에코밸리 1층 105,106,107,108,109호 (성수동1가)",,,,,not_found,0.0,not_found,0
3030000-101-2019-00471,위키드와이프,"서울특별시 성동구 성수일로 1, 1층 9, 10호 (성수동1가)",,,,,not_found,0.0,not_found,0
3030000-101-2005-00173,맘마킹,"서울특별시 성동구 고산자로 284 (행당동, 192-22 성동샤르망상가 120호)",,,,,not_found,0.0,not_found,0
3030000-101-2020-00305,이모네찌게마을,"서울특별시 성동구 광나루로11길 4, 1층 (송정동)",2003859416,이모네찌개마을,서울 성동구 광나루로11길 4,8.0,matched,7.0,matched,0
3030000-101-2019-00038,전원클럽 신사숙녀여러분 포차,"서울특별시 성동구 마조로1길 39, 3층 (행당동)",,,,,no_result,0.0,no_result,0
3030000-101-2020-00546,커피 탑(coffe ToP),"서울특별시 성동구 연무장7길 16, 1층 (성수동2가)",,,,,not_found,0.0,not_found,0
3030000-101-2003-00393,딤플,"서울특별시 성동구 성덕정길 133, 1층 (성수동2가)",,,,,no_result,0.0,no_result,0
3030000-101-1996-05987,찐짜식당,서울특별시 성동구 성수이로7길 34 (성수동2가),,,,,not_found,0.0,not_found,0
3030000-101-2005-00031,오씨디 323,"서울특별시 성동구 마조로5길 4-16 (행당동,(2층))",,,,,not_found,0.0,not_found,0
3030000-101-2006-00071,화미마라,"서울특별시 성동구 사근동길 12 (행당동,(지상1층))",,,,,not_found,0.0,not_found,0
3030000-101-1985-00013,봉자막창,서울특별시 성동구 무학봉길 89 (하왕십리동),1461645171,봉자막창 서울왕십리점,서울 성동구 무학봉길 89,2140.0,matched,30.0,matched,0
3030000-101-2011-00161,어메불판,"서울특별시 성동구 왕십리로 280, 201동 1층 101~106호 (행당동, 삼부아파트 상가)",1829433537,어메불판,서울 성동구 왕십리로 280,124.0,matched,28.0,matched,0
3030000-101-2005-00226,만두전빵,서울특별시 성동구 행당로15길 2-1 (행당동),,,,,not_found,0.0,not_found,0
3030000-101-2010-00017,성수동간판없는집,"서울특별시 성동구 성수일로 59-1 (성수동1가,지상1층)",,,,,not_found,0.0,not_found,0
3030000-101-2020-00275,죽토피아&진짜배기국밥,"서울특별시 성동구 용답중앙13길 6-3, 1층 (용답동)",,,,,no_result,0.0,no_result,0
3030000-101-2002-00396,제주삼다돈(한),"서울특별시 성동구 왕십리로 273-16 (행당동,(지상1층))",37997612,제주삼다돈,서울 성동구 왕십리로 273-16,616.0,matched,30.0,matched,0
3030000-101-2019-00307,사랑방 포차식당,"서울특별시 성동구 무수막길 84, 1층 (금호동2가)",,,,,not_found,0.0,not_found,0
3030000-101-2015-00303,이자와 왕십리엔터식스점,"서울특별시 성동구 왕십리광장로 17, 4층 (행당동, 왕십리민자역사)",,,,,not_found,0.0,not_found,0
3030000-101-2001-06915,은성보쌈,,,,,,not_found,0.0,not_found,0
3030000-101-2020-00350,우리집김밥,"서울특별시 성동구 왕십리광장로 17, 왕십리민자역사 지하2층 B-02호 (행당동)",,,,,not_found,0.0,not_found,0
3030000-101-2017-00053,려기 도삭면(呂記 刀削面),"서울특별시 성동구 왕십리로21가길 1, 1층 (행당동)",1701491542,려기도삭면,서울 성동구 왕십리로21가길 1,57.0,matched,30.0,matched,0
3030000-101-2008-00080,골목집,"서울특별시 성동구 마장로31길 24-12 (마장동,지상1층(고산들길 53-3 ))",,골목냉면,서울 성동구 독서당로 295-7,,addr_mismatch,0.0,addr_mismatch,0
3030000-101-2011-00187,어사랑밥상,"서울특별시 성동구 왕십리로20길 13, 1층 (도선동)",1774999801,어사랑밥상,서울 성동구 왕십리로20길 13,138.0,matched,30.0,matched,1
3030000-101-2004-00271,깡따구 포차,"서울특별시 성동구 마조로5길 4-10 (행당동,(101호))",2085129992,깡따구포차,서울 성동구 마조로5길 4-10,322.0,matched,30.0,matched,0
3030000-101-2021-00072,피카워크샵(FIKA WORKSHOP),"서울특별시 성동구 상원10길 23, 1층 (성수동1가)",1944708422,피카워크샵,서울 성동구 상원10길 23,128.0,matched,30.0,matched,0
3030000-101-2017-00258,곡성,"서울특별시 성동구 성덕정3길 5-1, 1층 (성수동1가)",,,,,not_found,0.0,not_found,0
3030000-101-2012-00238,싸이드(SIDE),"서울특별시 성동구 무학로12길 6-2, 지상1층 (홍익동, 426)",,,,,not_found,0.0,not_found,0
3030000-101-2019-00253,돈가츠야,"서울특별시 성동구 행당로 84, 지하1층 10호 (행당동)",,,,,no_result,0.0,no_result,0
3030000-101-2020-00128,감락,"서울특별시 성동구 무학봉15길 10-1, 1층 102호 (하왕십리동)",1528711335,감락,서울 성동구 무학봉15길 10-1,361.0,matched,30.0,matched,0
3030000-101-2020-00585,퍼멘트베이커리,"서울특별시 성동구 마장로 137, 221동 1152호 (상왕십리동, 텐즈힐)",1947252241,퍼멘트베이커리,서울 성동구 마장로 137,327.0,matched,20.0,matched,0
3030000-101-2005-00216,왕짜장,"서울특별시 성동구 상원길 60, 1층 (성수동1가, 13-443)",18785130,왕짜장,서울 성동구 상원길 60,713.0,matched,30.0,matched,0
3030000-101-2017-00254,김앤밥,"서울특별시 성동구 광나루로 291, 1층 (송정동)",,,,,not_found,0.0,not_found,0
3030000-101-2018-00141,밀땅(MEAL DDANG),"서울특별시 성동구 왕십리로 410, 상가A동 101호 (하왕십리동, 센트라스)",,,,,not_found,0.0,not_found,0
3030000-101-2000-06615,윤돈,"서울특별시 성동구 성수일로 99, 서울숲AK밸리 지식산업센터 1층 105호 (성수동1가)",,,,,not_found,0.0,not_found,0
3030000-101-2000-06567,오늘먹고싶은족발,"서울특별시 성동구 한림말1길 15-2, 훈빌딩 1층 3호 (옥수동)",,,,,not_found,0.0,not_found,0
3030000-101-2021-00034,베트남쌀국수 포보스,"서울특별시 성동구 왕십리로 78, 지하1층 (성수동1가)",,,,,not_found,0.0,not_found,0
3030000-101-2020-00536,새벽대게 성동지점,"서울특별시 성동구 금호산길 53-1, 1층 (금호동2가)",,,,,no_result,0.0,no_result,0
3030000-101-2020-00100,주식회사 팀메리,"서울특별시 성동구 마조로11길 5, 1층 (행당동)",,,,,not_found,0.0,not_found,0
3030000-101-2017-00377,장군장어(2호점),"서울특별시 성동구 독서당로 301-2, 1~2층 (금호동3가)",,,,,not_found,0.0,not_found,0
3030000-101-1995-02681,피잇짜(Peatzza),서울특별시 성동구 아차산로7길 11 (성수동2가),,,,,no_result,0.0,no_result,0
3030000-101-2014-00350,오뚜기식품,"서울특별시 성동구 아차산로11길 27, 윈스타워 1층 105호 (성수동2가)",1750296911,오뚜기식품,서울 성동구 아차산로11길 27,25.0,matched,15.0,matched,0
3030000-101-1995-05782,시간이 맛 있는집 청춘예찬,서울특별시 성동구 무학로2길 36 (도선동),,,,,not_found,0.0,not_found,0
3030000-101-2009-00215,7080노부사,"서울특별시 성동구 동일로 279 (송정동,지하1층)",20840102,7080노부사라이브,서울 성동구 동일로 279,1.0,matched,1.0,matched,0
3030000-101-2018-00413,인덕스토어,"서울특별시 성동구 매봉길 2, 2층 (옥수동)",,,,,no_result,0.0,no_result,0
3030000-101-2020-00557,샐피,"서울특별시 성동구 마조로5길 3, 지하1층 (행당동)",,,,,not_found,0.0,not_found,0
3030000-101-2013-00170,왕십리어시장(도소매),"서울특별시 성동구 마조로5길 4-12, 지상1층 (행당동)",,,,,not_found,0.0,not_found,0
3030000-101-2001-07238,아라참치,"서울특별시 성동구 무학로2길 23-1 (도선동,지상2층(전풍길 48))",,,,,not_found,0.0,not_found,0
3030000-101-2000-06430,동수원 숯불갈비,서울특별시 성동구 용답29길 21 (용답동),,,,,no_result,0.0,no_result,0
3030000-101-1993-02580,이돈집,서울특별시 성동구 마조로3길 7 (행당동),,,,,not_found,0.0,not_found,0
3030000-101-2000-06700,왕호프치킨,서울특별시 성동구 광나루로 323 (송정동),,,,,not_found,0.0,not_found,0
3030000-101-2010-00128,나나횟집,"서울특별시 성동구 왕십리로4길 26 (성수동1가,(지상1층))",,,,,not_found,0.0,not_found,0
3030000-101-2020-00216,단지 & 감동식혜,"서울특별시 성동구 광나루로11길 24, 1층 (송정동)",,,,,no_result,0.0,no_result,0
3030000-101-2020-00055,다로베,"서울특별시 성동구 왕십리로11길 7, 1층 (성수동1가)",,,,,not_found,0.0,not_found,0
3030000-101-2019-00464,유가만두(우럼마왕만두 답십리점),"서울특별시 성동구 용답중앙15길 13, 1층 (용답동)",,,,,no_result,0.0,no_result,0
3030000-101-2015-00167,반가온,"서울특별시 성동구 왕십리로24길 14, 지상1층 (도선동)",,,,,not_found,0.0,not_found,0
3030000-101-1999-00162,치커리생구이,"서울특별시 성동구 용답중앙15길 14 (용답동, 용답동 4-13 지상1층)",,,,,not_found,0.0,not_found,0
3030000-101-2002-00189,몬스터푸드,"서울특별시 성동구 무학로 44 (하왕십리동,(지상1층))",,,,,not_found,0.0,not_found,0
3030000-101-2000-06451,중화요리일미향,서울특별시 성동구 장터5길 4-1 (금호동3가),17910394,일미향,서울 성동구 장터5길 4-1,388.0,matched,30.0,matched,0
3030000-101-2017-00229,청정세꼬시,서울특별시 성동구 금호로1길 41 (금호동4가),,,,,not_found,0.0,not_found,0
3030000-101-2017-00266,원조 콩나물 국밥,"서울특별시 성동구 사근동12길 7-1, 1층 (사근동)",,,,,not_found,0.0,not_found,0
3030000-101-2019-00387,아끄떼뚜(Acte II),"서울특별시 성동구 왕십리로10길 20-1, 지하1층 (성수동1가)",,,,,not_found,0.0,not_found,0
3030000-101-2009-00089,서래 왕차돌 뚝섬점,"서울특별시 성동구 상원길 36, KTP사옥 지상1층 (성수동1가)",,,,,no_result,0.0,no_result,0
3030000-101-2014-00209,냉면참잘하는집 성동구점,서울특별시 성동구 무학로6길 36 (도선동),,,,,no_result,0.0,no_result,0
3030000-101-2010-00193,수제족발전문전 운비,"서울특별시 성동구 무수막길 91 (금호동2가,(지상1층))",,,,,no_result,0.0,no_result,0
3030000-101-2015-00196,우리동네옛날통닭,"서울특별시 성동구 마조로 17, 1층 제4호 (행당동, 한양시장)",,,,,no_result,0.0,no_result,0
3030000-101-1993-02667,왕십리주먹고기집,서울특별시 성동구 행당로17길 13 (행당동),,,,,not_found,0.0,not_found,0
3030000-101-2020-00116,옹근달,"서울특별시 성동구 성수이로7길 41-1, 1,2층 (성수동2가)",,,,,not_found,0.0,not_found,0
3030000-101-2004-00161,땡초꼼장어,"서울특별시 성동구 왕십리로10길 9-31, 1층 (성수동1가)",,,,,not_found,0.0,not_found,0
3030000-101-2019-00231,피넛버터바나나,"서울특별시 성동구 아차산로7길 15-8, 1층, 2층 (성수동2가)",1136906451,피넛버터바나나,서울 성동구 아차산로7길 15-8,6652.0,matched,30.0,matched,0
3030000-101-2013-00209,싹쓰리 곱창,"서울특별시 성동구 뚝섬로 408, 지상1층 (성수동2가)",1026760569,싹쓰리곱창 성수본점,서울 성동구 뚝섬로 408,5981.0,matched,30.0,matched,0
3030000-101-2014-00048,커피볶는집 낙타,"서울특별시 성동구 상원6나길 6, 1층 (성수동1가)",,,,,not_found,0.0,not_found,0
3030000-101-2021-00020,대창을 덮다 호르몬동 전문점,"서울특별시 성동구 왕십리로4길 26-6, 1층 (성수동1가)",,,,,not_found,0.0,not_found,0
3030000-101-2014-00119,육지고기,"서울특별시 성동구 마조로 17, 1층 27호 (행당동)",,,,,not_found,0.0,not_found,0
3030000-101-2019-00073,티아트 커피 로스터스(TeaArt Coffee Roasters),"서울특별시 성동구 마조로 17, 한양시장 내제1층호, 내제2층호 (행당동)",,,,,no_result,0.0,no_result,0
3030000-101-2004-00137,다시올치킨,"서울특별시 성동구 사근동8길 8 (사근동,(지상1층))",,,,,not_found,0.0,not_found,0
3030000-101-2019-00228,후쿠쵸라멘 본점,"서울특별시 성동구 왕십리로 410, L동 지하1층 B125호 (하왕십리동, 센트라스)",,,,,no_result,0.0,no_result,0
3030000-101-1991-02453,일단닭치고뜯어,"서울특별시 성동구 용답중앙15길 18, 2층 (용답동)",,,,,not_found,0.0,not_found,0
3030000-101-2016-00271,카페오라,"서울특별시 성동구 왕십리로14길 12-1, 1층 (성수동1가)",,,,,not_found,0.0,not_found,0
3030000-101-1998-04107,동맛골보쌈칼국수,서울특별시 성동구 성수일로12길 32 (성수동2가),,,,,no_result,0.0,no_result,0
3030000-101-2012-00062,육품,"서울특별시 성동구 뚝섬로 385-32, 1층 (성수동2가, 339-160)",,,,,not_found,0.0,not_found,0
3030000-101-2020-00348,프로젝트렌트 3호점,"서울특별시 성동구 서울숲길 43, 2층 (성수동1가)",,,,,no_result,0.0,no_result,0
3030000-101-2017-00284,어거스트치킨 왕십리센트라스점,"서울특별시 성동구 왕십리로 410, J동 130호 (하왕십리동, 센트라스 상가)",,,,,not_found,0.0,not_found,0
3030000-101-2012-00215,인디호프,"서울특별시 성동구 고산자로 306, 1층 (마장동)",,,,,not_found,0.0,not_found,0
3030000-101-2021-00572,지금이밤,"서울특별시 성동구 성수이로 127, 2층 202, 203호 (성수동2가)",,,,,not_found,0.0,not_found,0
3030000-101-2017-00206,미미램양꼬치 (한양대점),"서울특별시 성동구 마조로3가길 10, 지하1층 (행당동)",,,,,not_found,0.0,not_found,0
3030000-101-2018-00308,메가엠지씨커피 성수동가죽거리점,"서울특별시 성동구 연무장7길 8-1, 1층 (성수동2가)",,,,,not_found,0.0,not_found,0
3030000-101-2007-00091,한양전선생,"서울특별시 성동구 왕십리로 223-1 (행당동,지하1층)",,,,,not_found,0.0,not_found,0
3030000-101-2014-00176,구시월닭한마리,"서울특별시 성동구 연무장5가길 22, 지상1,지하1층 (성수동2가)",,,,,no_result,0.0,no_result,0
3030000-101-2018-00407,정성식탁,"서울특별시 성동구 무학로8길 31, 1층 (홍익동)",,,,,not_found,0.0,not_found,0
3030000-101-2012-00003,올레길 한잔,"서울특별시 성동구 한림말1길 17 (옥수동, 301 지상1층)",,,,,not_found,0.0,not_found,0
3030000-101-2019-00290,스시현,"서울특별시 성동구 성수일로10길 26, 2층 201호 (성수동2가)",,,,,no_result,0.0,no_result,0
3030000-101-2017-00261,발이스타 왕십리본점,"서울특별시 성동구 왕십리로 318, 1~2층 (도선동)",,,,,not_found,0.0,not_found,0
3030000-101-2006-00241,용답장터,"서울특별시 성동구 용답중앙13길 16-1 (용답동,지상1층)",,장터 용답시장점,서울 성동구 용답15길 14,,addr_mismatch,0.0,addr_mismatch,0
3030000-101-2020-00552,브로미,"서울특별시 성동구 무수막길 92, 1층 (금호동2가)",,,,,no_result,0.0,no_result,0
3030000-101-2020-00295,모아레(moire),"서울특별시 성동구 성덕정21길 6, 지하1,1층 (성수동2가)",,,,,not_found,0.0,not_found,0
3030000-101-2018-00002,맘스 집밥 부페,"서울특별시 성동구 행당로 84, 행당 한진타운 종합상가 지하1층 B09호, B019호 (행당동)",,,,,not_found,0.0,not_found,0
3030000-101-2019-00270,우동가조쿠 성수점,"서울특별시 성동구 연무장길 9, 1층 (성수동2가)",,,,,no_result,0.0,no_result,0
3030000-101-2018-00123,주식회사 식당컴퍼니 소바식당,"서울특별시 성동구 연무장7가길 6, 1층 (성수동2가)",,,,,not_found,0.0,not_found,0
3030000-101-1990-02703,멘푸라,서울특별시 성동구 마조로3길 6 (행당동),,,,,not_found,0.0,not_found,0
3030000-101-1994-03372,다우리 한식뷔페.펀비어킹,서울특별시 성동구 용답중앙15길 14 (용답동),,,,,no_result,0.0,no_result,0
3030000-101-2015-00298,삼통치킨호프,"서울특별시 성동구 뚝섬로 447, 1층 1067호 (성수동2가, 성동마트)",,,,,no_result,0.0,no_result,0
3030000-101-2003-00185,오늘 한양,"서울특별시 성동구 마조로3가길 15 (행당동,지상2층)",,,,,not_found,0.0,not_found,0
3030000-101-2014-00286,이야기가있는밥집,"서울특별시 성동구 성수이로7길 27, 지1층 101호 (성수동2가, 서울숲 코오롱디지털타워2차)",36764847,이야기가있는밥집,서울 성동구 성수이로7길 27,316.0,matched,30.0,matched,0
3030000-101-2010-00226,삼미숯불,"서울특별시 성동구 천호대로 396-15, 1층 (용답동)",,,,,not_found,0.0,not_found,0
3030000-101-2007-00206,북촌묵은지삼겹살,"서울특별시 성동구 용답19길 15, 1층 (용답동)",,,,,not_found,0.0,not_found,0
3030000-101-2006-00050,물레방아 민물매운탕,"서울특별시 성동구 성덕정15길 4-11, 1층 (성수동2가)",,,,,not_found,0.0,not_found,0
3030000-101-2008-00161,브로스치킨 후라이드&오븐,"서울특별시 성동구 마조로 17, 1층 33호 (행당동, 한양시장)",,,,,not_found,0.0,not_found,0
3030000-101-2009-00227,주옥,"서울특별시 성동구 마조로1길 40-1 (행당동,(지하1층))",,,,,no_result,0.0,no_result,0
3030000-101-1982-03377,삼천만회집,서울특별시 성동구 아차산로 87 (성수동2가),,,,,not_found,0.0,not_found,0
3030000-101-1986-05322,"훼미리손칼국수,보쌈",서울특별시 성동구 왕십리로 134 (성수동1가),,,,,not_found,0.0,not_found,0
3030000-101-2019-00323,우림참숯갈비집,"서울특별시 성동구 행당로 6, 101호 (금호동1가)",,,,,no_result,0.0,no_result,0
3030000-101-2020-00022,한가연,"서울특별시 성동구 성덕정9가길 12-1, 1층 (성수동1가)",,,,,no_result,0.0,no_result,0
3030000-101-2018-00068,한끼라도잘먹자,"서울특별시 성동구 사근동8가길 1, 1층 (사근동)",1518526148,한끼라도 잘먹자,서울 성동구 사근동8가길 1,138.0,matched,30.0,matched,0
3030000-101-2020-00420,왕십리한양곱창,"서울특별시 성동구 왕십리로 357, 1층 (하왕십리동)",,,,,not_found,0.0,not_found,0
3030000-101-2020-00576,덕구복구,"서울특별시 성동구 금호산길 66-1, 2층 (금호동2가)",,,,,no_result,0.0,no_result,0
3030000-101-2021-00142,청담동마녀김밥 상왕십리점,"서울특별시 성동구 왕십리로 410, I동 1층 163호 (하왕십리동, 센트라스)",,,,,no_result,0.0,no_result,0
3030000-101-1997-04544,왕십리 통골뱅이,"서울특별시 성동구 왕십리로24길 7-1, 지상1층 (도선동)",,,,,not_found,0.0,not_found,0
3030000-101-2020-00101,(주)고메드갤러리아 신세계라이브쇼핑,"서울특별시 성동구 아차산로 17, 서울숲 L-Tower 지하1층 102호 (성수동1가)",,,,,no_result,0.0,no_result,0
3030000-101-2011-00085,콩물에빠진두부,"서울특별시 성동구 한림말1길 8 (옥수동,지상1층)",,,,,no_result,0.0,no_result,0
3030000-101-2019-00179,꽁당보리밥팥죽,"서울특별시 성동구 행당로17길 13-1, 1층 (행당동)",,,,,not_found,0.0,not_found,0
3030000-101-2013-00165,마라스타(마라STAR),"서울특별시 성동구 사근동길 49, 지상1층 (사근동)",,,,,not_found,0.0,not_found,0
3030000-101-2020-00335,먼치스,"서울특별시 성동구 장터길 14-2, 지하1층 (금호동4가)",,,,,not_found,0.0,not_found,0
3030000-101-2004-00061,청수먹거리,서울특별시 성동구 성수이로 36-10 (성수동2가),,,,,not_found,0.0,not_found,0
3030000-101-2020-00485,커피스미스 서울숲점,"서울특별시 성동구 서울숲2길 32-14, 1층 115,116호 (성수동1가, 갤러리아 포레)",,,,,no_result,0.0,no_result,0
3030000-101-2008-00178,한가네해물아구찜,"서울특별시 성동구 용답29길 11 (용답동,지상1층(매화길 66))",,,,,not_found,0.0,not_found,0
3030000-101-2018-00106,희릿,"서울특별시 성동구 왕십리로2길 34, 1층 (성수동1가)",,,,,not_found,0.0,not_found,0
3030000-101-1993-05865,이가네곱창,"서울특별시 성동구 독서당로 301-5, 1층 (금호동3가)",133251019,이가네곱창1980,서울 성동구 독서당로 301-5,84.0,matched,30.0,matched,0
3030000-101-2019-00134,마장감자탕곰탕전문,"서울특별시 성동구 마장로23길 7, 1층 (홍익동)",,,,,not_found,0.0,not_found,0
3030000-101-2019-00249,오부이용,"서울특별시 성동구 독서당로51길 29-1, 1층 (금호동1가)",,,,,not_found,0.0,not_found,0
3030000-101-2006-00101,얼큰이왕냉면,"서울특별시 성동구 성덕정길 37 (성수동1가,(지상1층))",,,,,not_found,0.0,not_found,0
3030000-101-1999-00054,one(원),"서울특별시 성동구 마조로1가길 13, 지하 1층 (행당동)",,,,,not_found,0.0,not_found,0
3030000-101-2003-00201,느낌,"서울특별시 성동구 독서당로 315-4 (금호동3가,(지상1층))",,,,,not_found,0.0,not_found,0
3030000-101-2009-00164,아인플라츠,"서울특별시 성동구 무학로6길 50 (도선동,삼성쉐르빌101동236-6호)",,,,,not_found,0.0,not_found,0
3030000-101-2015-00068,누들보쌈 배달만족(왕십리점),"서울특별시 성동구 마장로 137, 221동 2층 130호 (상왕십리동, 왕십리뉴타운제2구역 텐즈힐아파트상가)",,,,,not_found,0.0,not_found,0
3030000-101-2017-00083,플라잉볼 에그팩토리,"서울특별시 성동구 성덕정길 68, 1층 (성수동1가)",,,,,no_result,0.0,no_result,0
3030000-101-2021-00021,우나기 맨숀 히츠마부시 장어덮밥,"서울특별시 성동구 왕십리로4길 26-6, 1층 (성수동1가)",,,,,no_result,0.0,no_result,0
3030000-101-2021-00095,밥플러스 성수역점,"서울특별시 성동구 연무장5가길 25, 성수역 SK V1 Tower 2층 201,202,203호 (성수동2가)",1139648107,밥플러스 성수역점,서울 성동구 연무장5가길 25,217.0,matched,30.0,matched,0
3030000-101-2013-00027,삼목집,"서울특별시 성동구 마조로7길 12-1, 지상1층 (행당동)",1110345298,삼목집 한양대점,서울 성동구 마조로7길 12-1,425.0,matched,30.0,matched,0
3030000-101-2019-00230,브샤브샤 본점,"서울특별시 성동구 왕십리로10길 5-9, 1층 (성수동1가)",1635091338,브샤브샤 성수본점,서울 성동구 왕십리로10길 5-9,2781.0,matched,30.0,matched,0
3030000-101-2015-00149,하이츠김밥,"서울특별시 성동구 상원길 39, 상가동 101호 (성수동1가, 중앙하이츠빌)",,,,,not_found,0.0,not_found,0
3030000-101-2020-00059,풀핑 & 참살이두판피자,"서울특별시 성동구 무수막길 85, 2층 101호 (금호동2가)",,,,,no_result,0.0,no_result,0
3030000-101-2019-00279,ㅊa,"서울특별시 성동구 서울숲6길 2, 1층 (성수동1가)",,,,,not_found,0.0,not_found,0
3030000-101-2013-00151,용답기사식당,"서울특별시 성동구 천호대로 352-13, 지상1층 (용답동)",,,,,not_found,0.0,not_found,0
3030000-101-1995-05952,장군갈비,서울특별시 성동구 독서당로 194-1 (옥수동),,,,,not_found,0.0,not_found,0
3030000-101-2012-00253,(주)심플십,"서울특별시 성동구 독서당로 204, 지상4층 (옥수동, 265-1)",,,,,no_result,0.0,no_result,0
3030000-101-1990-03551,또치(참숯생고기),"서울특별시 성동구 성덕정길 99 (성수동2가,(지상2층))",,,,,not_found,0.0,not_found,0
3030000-101-1990-02651,어가세꼬시,서울특별시 성동구 독서당로 285-1 (금호동4가),,,,,not_found,0.0,not_found,0
3030000-101-2017-00431,블뤼엔,"서울특별시 성동구 독서당로48길 5, 1층 (금호동4가)",,,,,not_found,0.0,not_found,0
3030000-101-1998-01722,메가엠지씨커피 화양사거리점,서울특별시 성동구 광나루로 337 (송정동),,메가엠지씨커피 성수동가죽거리점,서울 성동구 연무장7길 8-1,,addr_mismatch,0.0,addr_mismatch,0
3030000-101-2020-00561,진작 다이닝,"서울특별시 성동구 왕십리로14나길 10, 1층 (성수동1가)",1034231470,진작다이닝 성수점,서울 성동구 왕십리로14나길 10,5490.0,matched,30.0,matched,0
3030000-101-1995-02757,싱싱횟집,서울특별시 성동구 성덕정길 90 (성수동2가),,,,,not_found,0.0,not_found,0
3030000-101-2011-00116,사또나라,"서울특별시 성동구 장터길 38-1 (금호동4가,외4필지(지하3층))",,,,,not_found,0.0,not_found,0
3030000-101-2020-00143,슈에뜨펍,"서울특별시 성동구 성수이로 96, 지하1층 (성수동2가)",,,,,no_result,0.0,no_result,0
3030000-101-2006-00086,막퍼주는보쌈칼국수,"서울특별시 성동구 금호산길 55 (금호동2가,(지상1층))",,,,,not_found,0.0,not_found,0
3030000-101-2003-00394,진수성찬,"서울특별시 성동구 용답15길 14, 삼도빌딩 1동 B01호 (용답동)",,,,,not_found,0.0,not_found,0
3030000-101-2019-00470,화이트글래스,"서울특별시 성동구 상원12길 34, 1층 108호, 109호 (성수동1가)",,,,,no_result,0.0,no_result,0
3030000-101-2017-00423,우연히 만나다,"서울특별시 성동구 용답중앙23길 13, 1층 (용답동)",,,,,no_result,0.0,no_result,0
3030000-101-2004-00197,해녀맥반석 가리비,"서울특별시 성동구 독서당로 166 (옥수동, 475,474 성원상떼뷰 상가 106호)",,,,,not_found,0.0,not_found,0
3030000-101-1984-05649,오스테리아 쟌니(Osteria Gianni),서울특별시 성동구 연무장길 109-1 (성수동2가),,,,,no_result,0.0,no_result,0
3030000-101-2017-00415,클로버에스에스,"서울특별시 성동구 연무장길 14-2, 지하1층 (성수동1가)",1666334971,클로버에스에스,서울 성동구 연무장길 14-2,,matched,0.0,matched,0
3030000-101-1996-03417,당나발포차(왕십리역점),서울특별시 성동구 마조로5길 9 (행당동),1080214968,당나발포차 왕십리역점,서울 성동구 마조로5길 9,1335.0,matched,30.0,matched,0
3030000-101-2006-00138,캐리홈치킨,"서울특별시 성동구 독서당로 303-14, 1층 (금호동3가)",,,,,no_result,0.0,no_result,0
3030000-101-2008-00165,돈대감,"서울특별시 성동구 마장로 187-2, 1층 (홍익동)",,,,,not_found,0.0,not_found,0
3030000-101-2020-00105,프라이데이 무브먼트,"서울특별시 성동구 왕십리로14길 7, 2층 (성수동1가)",,,,,not_found,0.0,not_found,0
3030000-101-1994-03399,문바(MoonBar),서울특별시 성동구 마조로5길 4-12 (행당동),,,,,not_found,0.0,not_found,0
3030000-101-2018-00013,주식회사 리아의 서울맛집,"서울특별시 성동구 성덕정15길 12, 북4호 (성수동2가, 성동상가아파트)",,,,,no_result,0.0,no_result,0
3030000-101-2016-00182,성수일미락,"서울특별시 성동구 상원6나길 22-20, 1층 (성수동1가)",38349758,성수일미락,서울 성동구 상원6나길 22-20,3634.0,matched,30.0,matched,0
3030000-101-2018-00239,디엑스와이지,"서울특별시 성동구 연무장9길 4, 성일산업 3층 (성수동2가)",,,,,no_result,0.0,no_result,0
3030000-101-1993-05143,보배막창,"서울특별시 성동구 마장로 292, 1층 (마장동)",,,,,not_found,0.0,not_found,0
3030000-101-1995-04583,산마을순대국,"서울특별시 성동구 행당로1길 21-6 (금호동1가,지상1층)",,,,,no_result,0.0,no_result,0
3030000-101-2017-00211,갈비탕 단하나,"서울특별시 성동구 독서당로 312-1, 1층 (금호동4가)",,,,,not_found,0.0,not_found,0
3030000-101-2020-00494,부부요리단 2탄,"서울특별시 성동구 독서당로40길 25-1, 지하1층 (옥수동)",,,,,no_result,0.0,no_result,0
3030000-101-2019-00475,집밥쭈선생,"서울특별시 성동구 용답19가길 23, 1층 (용답동)",,,,,not_found,0.0,not_found,0
3030000-101-2015-00018,비비큐왕십리행운점(와이비코퍼레이션)지점,"서울특별시 성동구 마장로 137, 403동 1층 121호 (상왕십리동, 왕십리뉴타운제2구역 텐즈힐아파트상가)",36399372,BBQ치킨 왕십리행운점,서울 성동구 마장로 137,152.0,matched,30.0,matched,0
3030000-101-2005-00087,거창 염소탕 보양탕 삼계탕,"서울특별시 성동구 고산자로14길 12-1 (행당동,(지상1층))",,,,,not_found,0.0,not_found,0
3030000-101-2007-00087,한양대닭발,,,두찜 한양대점,서울 성동구 살곶이길 346-1,,addr_mismatch,0.0,addr_mismatch,0
3030000-101-1996-04758,소대식당,서울특별시 성동구 마장로 211 (홍익동),,,,,not_found,0.0,not_found,0
3030000-101-1987-03200,동호일식,서울특별시 성동구 천호대로 328 (용답동),32086758,동호일식,서울 성동구 천호대로 328,365.0,matched,30.0,matched,0
3030000-101-2020-00139,꾸아 서울숲점,"서울특별시 성동구 서울숲4길 26-24, 지하1층 (성수동1가)",,,,,no_result,0.0,no_result,0
3030000-101-2003-00265,홍천숯닭,"서울특별시 성동구 왕십리로14길 32-3, 지상1층 (성수동1가)",,,,,not_found,0.0,not_found,0
3030000-101-1989-03555,타로카페드뷔시산장,,,드뷔시산장,서울 성동구 마조로1길 2,,addr_mismatch,0.0,addr_mismatch,0
3030000-101-2013-00124,신숯불탁탁,"서울특별시 성동구 고산자로24길 14-2, 지상3층 (마장동)",,,,,not_found,0.0,not_found,0
3030000-101-2018-00383,더육회,"서울특별시 성동구 마장로 137, 221동 1층 1121호 (상왕십리동, 텐즈힐)",1650997658,더육회,서울 성동구 마장로 137,253.0,matched,29.0,matched,0
3030000-101-2017-00153,오늘도 못참치,"서울특별시 성동구 성덕정17길 7-1, 1층 (성수동2가)",1242051515,오늘도못참치,서울 성동구 성덕정17길 7-1,70.0,matched,30.0,matched,0
3030000-101-2021-00117,청계투고,"서울특별시 성동구 청계천로10가길 64-12, 1층 (마장동)",,,,,no_result,0.0,no_result,0
3030000-101-1996-05934,홍가네해장국,서울특별시 성동구 독서당로 297-8 (금호동3가),929026247,홍가네해장국,서울 성동구 독서당로 297-8,96.0,matched,30.0,matched,0
3030000-101-2014-00159,서울 육골당,"서울특별시 성동구 왕십리로14길 18, 1층 102호 (성수동1가)",,,,,not_found,0.0,not_found,0
3030000-101-2017-00339,정선 부뚜막,"서울특별시 성동구 서울숲6길 14, 1층 (성수동1가)",,,,,not_found,0.0,not_found,0
3030000-101-2012-00144,마시자호프,"서울특별시 성동구 왕십리로 362, 1층 (도선동, 361)",1019800929,마시자호프,서울 성동구 왕십리로 362,39.0,matched,20.0,matched,0
3030000-101-2009-00076,류운,"서울특별시 성동구 행당로13길 2-1 (행당동, 313-56 지상1층)",,,,,not_found,0.0,not_found,0
3030000-101-2013-00002,275 펍 (275 PUB),"서울특별시 성동구 독서당로 206, 2층 (옥수동)",,,,,no_result,0.0,no_result,0
3030000-101-2020-00483,K 콜라보김밥.떡볶이,"서울특별시 성동구 한림말5길 15, 1층 (옥수동)",1592562075,케이콜라보김밥떡볶이 옥수점,서울 성동구 한림말5길 15,426.0,matched,30.0,matched,0
3030000-101-2008-00139,옥수주먹고기,"서울특별시 성동구 독서당로40길 33, 1층 (옥수동)",1835303963,옥수주먹고기,서울 성동구 독서당로40길 33,210.0,matched,30.0,matched,0
3030000-101-2016-00298,고래소년(본점),"서울특별시 성동구 왕십리로 241, B1층 (행당동, 서울숲 더샵)",,,,,not_found,0.0,not_found,0
3030000-101-1997-04422,주)비사벌,"서울특별시 성동구 왕십리로6길 1-2, 1층 (성수동1가)",,,,,no_result,0.0,no_result,0
3030000-101-2001-06962,하마루,서울특별시 성동구 용답중앙15길 17 (용답동),1710231293,하마루 답십리본점,서울 성동구 용답중앙15길 17,683.0,matched,30.0,matched,0
3030000-101-2019-00355,도르리 반미,"서울특별시 성동구 금호로3가길 3, 1층 (금호동4가)",1015962687,도르리반미,서울 성동구 금호로3가길 3,306.0,matched,30.0,matched,0
3030000-101-2016-00158,아이란,"서울특별시 성동구 마조로7길 16, 지층 (행당동)",,,,,not_found,0.0,not_found,0
3030000-101-2020-00370,이태리 박스,"서울특별시 성동구 성덕정11길 22, 1층 2호 (성수동2가)",,,,,not_found,0.0,not_found,0
3030000-101-2021-00011,주식회사 애주금호,"서울특별시 성동구 매봉길 50, 126동 B105호 (옥수동, 이편한세상옥수파크힐스)",,,,,not_found,0.0,not_found,0
3030000-101-2010-00115,서울 양평해장국,"서울특별시 성동구 동일로 173, 1층 (성수동2가)",,더양평해장국 성수역점,서울 성동구 아차산로7길 36,,addr_mismatch,0.0,addr_mismatch,0
3030000-101-2002-00302,골목식당,"서울특별시 성동구 광나루로 303-13, 1층 (송정동)",,골목냉면,서울 성동구 독서당로 295-7,,addr_mismatch,0.0,addr_mismatch,0
3030000-101-2013-00221,유어사이드,"서울특별시 성동구 금호로 17, 상가동 지하1층 124호 (금호동4가, 서울숲2차푸르지오)",,,,,not_found,0.0,not_found,0
3030000-101-2018-00121,문화식당,"서울특별시 성동구 성수일로4길 45, 2층 (성수동2가)",1282228632,문화식당,서울 성동구 성수일로4길 45,4846.0,matched,30.0,matched,0
3030000-101-2015-00059,마테오견문록,"서울특별시 성동구 금호로 17, 상가동 지1층 123호 (금호동4가, 서울숲2차푸르지오아파트)",1428860313,마테오 견문록,서울 성동구 금호로 17,363.0,matched,30.0,matched,0
3030000-101-2007-00175,보배곱창,"서울특별시 성동구 용답19길 4-1 (용답동,(지상1층))",20888344,소문난보배곱창,서울 성동구 용답19길 4-1,664.0,matched,30.0,matched,0
3030000-101-2020-00042,모야분식(MOYA SNACK),"서울특별시 성동구 마장로 228-24, 1층 (홍익동)",,,,,no_result,0.0,no_result,0
3030000-101-2000-06548,외가집,서울특별시 성동구 연무장길 17 (성수동2가),,,,,not_found,0.0,not_found,0
3030000-101-2001-07123,흙과나무,서울특별시 성동구 성덕정17길 11 (성수동2가),,,,,not_found,0.0,not_found,0
3030000-101-2015-00198,"한우타운 카페,호프","서울특별시 성동구 마장로37길 59, 3층 (마장동, 대동빌딩)",,,,,no_result,0.0,no_result,0
3030000-101-2013-00082,씨지브이왕십리 왕씨네분식,"서울특별시 성동구 왕십리광장로 17, 지상5층 (행당동, 왕십리민자역사)",,,,,no_result,0.0,no_result,0
3030000-101-2020-00304,기연각,"서울특별시 성동구 용답중앙길 76, 1층 (용답동)",,,,,not_found,0.0,not_found,0
3030000-101-2014-00094,짬뽕위에 더짬뽕,"서울특별시 성동구 서울숲6길 21, 1층 (성수동1가)",,,,,not_found,0.0,not_found,0
3030000-101-1983-02424,킴스치킨,서울특별시 성동구 상원길 44 (성수동1가),1562911505,킴스치킨,서울 성동구 상원길 44,379.0,matched,30.0,matched,0
3030000-101-2003-00244,양대포,"서울특별시 성동구 마조로 17, 2층 5호 (행당동, 19-54)",,,,,not_found,0.0,not_found,0
3030000-101-2019-00150,신기소플러스,"서울특별시 성동구 왕십리광장로 17, 왕십리민자역사 4층 (행당동)",,,,,not_found,0.0,not_found,0
3030000-101-2012-00256,킴스키친(KimsKitchen)1972,"서울특별시 성동구 자동차시장1길 40, 광희빌딩 1층 (용답동)",,,,,not_found,0.0,not_found,0
3030000-101-2020-00259,뚝도청춘상인회협동조합,"서울특별시 성동구 성덕정15길 4-4, 1층 (성수동2가)",,,,,no_result,0.0,no_result,0
3030000-101-2009-00087,서울숲 오삼불고기,"서울특별시 성동구 왕십리로8길 8 (성수동1가,(지상1층))",1063161606,서울숲오삼불고기,서울 성동구 왕십리로8길 8,259.0,matched,30.0,matched,0
3030000-101-2015-00237,호수매운탕,"서울특별시 성동구 마조로9길 6-8, 1층 (행당동, 금당빌딩)",,,,,not_found,0.0,not_found,0
3030000-101-2013-00083,씨지브이 왕십리,"서울특별시 성동구 왕십리광장로 17, 지상5층 (행당동, 왕십리민자역사)",,,,,not_found,0.0,not_found,0
3030000-101-2016-00038,본가큰댁설렁탕.생고기,"서울특별시 성동구 동일로 143, 113,114,115,116호 (성수동2가, 성수1차아파트상가 )",,,,,no_result,0.0,no_result,0
3030000-101-2003-00100,(주)진담푸드(한양대2호점),"서울특별시 성동구 마조로1가길 11 (행당동,(지상1층))",,,,,no_result,0.0,no_result,0
3030000-101-2008-00020,뽀다기 포차,"서울특별시 성동구 마조로5길 10-6, 1층 (행당동)",,,,,not_found,0.0,not_found,0
3030000-101-2019-00436,카페 RSG,"서울특별시 성동구 연무장15길 11, 가(C)동 1층 C109호, C110호 (성수동2가)",,,,,not_found,0.0,not_found,0
3030000-101-2007-00122,토속음식점,"서울특별시 성동구 마조로1길 4 (행당동,(지상2층))",,,,,not_found,0.0,not_found,0
3030000-101-2018-00291,카페포제,"서울특별시 성동구 연무장9길 7, 1층 (성수동2가)",,,,,no_result,0.0,no_result,0
3030000-101-2012-00020,행당족발,"서울특별시 성동구 행당로 109 (행당동, 행당동 317-84 지상1층)",,,,,not_found,0.0,not_found,0
3030000-101-2006-00105,수지상회,"서울특별시 성동구 마조로 25 (행당동,제일빌딩 202호)",,,,,no_result,0.0,no_result,0
3030000-101-2016-00073,(주)케이엔에스푸드 마라무쌍,"서울특별시 성동구 왕십리광장로 17, 4층 (행당동)",,,,,no_result,0.0,no_result,0
3030000-101-2018-00150,마왕족발,"서울특별시 성동구 행당로17길 23-1, 1층 (행당동)",1628521941,마왕족발 왕십리점,서울 성동구 행당로17길 23-1,438.0,matched,30.0,matched,0
3030000-101-2020-00479,펀펀 그라운드,"서울특별시 성동구 동일로 99, 4층 401,402호 (성수동2가)",,,,,no_result,0.0,no_result,0
3030000-101-2012-00213,은진포장마차,"서울특별시 성동구 독서당로 283, 지상1층 (금호동4가, 1082)",,,,,not_found,0.0,not_found,0
3030000-101-2018-00101,끄트머리집,"서울특별시 성동구 마조로3길 8, 1층 (행당동)",,,,,not_found,0.0,not_found,0
3030000-101-2020-00386,서울아이스크림클럽,"서울특별시 성동구 서울숲2길 26, 지하1,1층 (성수동1가)",,,,,not_found,0.0,not_found,0
3030000-101-2017-00164,남원추어탕 통마늘오리,"서울특별시 성동구 광나루로11길 5, 1층 (송정동)",,,,,not_found,0.0,not_found,0
3030000-101-2012-00089,할머니김밥,"서울특별시 성동구 한림말3길 28-9, 지상1층 (옥수동, 314-10)",,,,,not_found,0.0,not_found,0
3030000-101-2002-00049,양마니명동찌개마을,서울특별시 성동구 용답중앙15길 15-6 (용답동),,,,,not_found,0.0,not_found,0
3030000-101-1982-05730,특우정,서울특별시 성동구 무학로12길 13 (홍익동),,,,,not_found,0.0,not_found,0
3030000-101-2013-00106,고고포차,"서울특별시 성동구 고산자로2길 14, 지상1층 (응봉동)",32839779,고고포차 응봉본점,서울 성동구 고산자로2길 14,45.0,matched,16.0,matched,0
3030000-101-2014-00364,맛있는 술집,"서울특별시 성동구 금호산2길 22-1, 1층 (금호동3가)",,,,,not_found,0.0,not_found,0
3030000-101-2018-00064,Standard Villa,"서울특별시 성동구 한림말3길 27-1, 지하1층 (옥수동)",,,,,not_found,0.0,not_found,0
3030000-101-1995-01685,한양스넥,서울특별시 성동구 왕십리로 222 (행당동),,,,,no_result,0.0,no_result,0
3030000-101-2009-00031,악어떡볶이,"서울특별시 성동구 마조로 33 (행당동, 행당동 3-27 지상1층)",,,,,not_found,0.0,not_found,0
3030000-101-2019-00034,주식회사 식당컴퍼니 텐동식당,"서울특별시 성동구 연무장5가길 20-1, 1층 (성수동2가)",,,,,no_result,0.0,no_result,0
3030000-101-2019-00153,토마토피자 광진성동점,"서울특별시 성동구 광나루로11길 50, 1층 102호 (송정동)",,,,,no_result,0.0,no_result,0
3030000-101-2006-00208,마포육곳간,"서울특별시 성동구 마조로 11 (행당동,지상2층)",,,,,not_found,0.0,not_found,0
3030000-101-1995-04884,삼천리식당,,,,,,no_result,0.0,no_result,0
3030000-101-2021-00101,말진가,"서울특별시 성동구 성덕정13길 6, 1층 (성수동2가)",,,,,no_result,0.0,no_result,0
3030000-101-2010-00080,해밀칼국수&김밥,"서울특별시 성동구 연무장5가길 25, 성수역 SK V1 Tower 1층 110호 (성수동2가)",,,,,not_found,0.0,not_found,0
3030000-101-2005-00114,몽땅 생고기,"서울특별시 성동구 아차산로7길 8, 지상1층 (성수동2가)",,,,,not_found,0.0,not_found,0
3030000-101-2017-00239,불닭발 땡초 동대문 엽기떡볶이 한양대점,"서울특별시 성동구 마조로 15-6, 1층 (행당동)",,,,,no_result,0.0,no_result,0
3030000-101-2007-00123,미락바지락칼국수,"서울특별시 성동구 상원10길 8 (성수동1가,(지상1층))",,,,,not_found,0.0,not_found,0
3030000-101-2020-00415,엔트리 N.TREE,"서울특별시 성동구 무학로8길 7-1, 1층 (홍익동)",,,,,no_result,0.0,no_result,0
3030000-101-2014-00111,디노체웨딩홀,"서울특별시 성동구 왕십리광장로 17, 왕십리민자역사 6층 (행당동)",,,,,not_found,0.0,not_found,0
3030000-101-2021-00035,키친키요라,"서울특별시 성동구 왕십리로24나길 4, 1층 (도선동)",,,,,not_found,0.0,not_found,0
3030000-101-2020-00449,아이오쓰리(io3)에이스하이엔드점,"서울특별시 성동구 성수이로10길 14, 1층 103호 (성수동2가)",,,,,not_found,0.0,not_found,0
3030000-101-2002-00455,so far(소파),"서울특별시 성동구 성수일로4길 50, 1층 (성수동2가)",,,,,not_found,0.0,not_found,0
3030000-101-2015-00183,술래감자탕,"서울특별시 성동구 왕십리로4길 13, 지상1층 (성수동1가)",,,,,not_found,0.0,not_found,0
3030000-101-2012-00118,장미식당,"서울특별시 성동구 금호로 84, 지하1층 (금호동1가, 1763)",,,,,not_found,0.0,not_found,0
3030000-101-2015-00006,모리티아,"서울특별시 성동구 아차산로5길 10, 1층 (성수동2가, 지영프라자)",,,,,not_found,0.0,not_found,0
3030000-101-2020-00068,(주)클라스카컴퍼니,"서울특별시 성동구 연무장15길 11, 가동 3층 B303호 (성수동2가)",,,,,no_result,0.0,no_result,0
3030000-101-2021-00111,성수찰순대국,"서울특별시 성동구 왕십리로14길 30, 1층 (성수동1가)",,,,,not_found,0.0,not_found,0
3030000-101-2011-00179,금호돼지집,"서울특별시 성동구 금호로11길 3 (금호동2가,(지하1층))",,,,,not_found,0.0,not_found,0
3030000-101-2018-00083,고토리,"서울특별시 성동구 연무장7가길 5, 1층 (성수동2가)",,,,,not_found,0.0,not_found,0
3030000-101-2020-00343,빅쭌부대찌개,"서울특별시 성동구 연무장5가길 7, 1층 110,111호 (성수동2가)",,,,,not_found,0.0,not_found,0
3030000-101-2008-00104,마장황소곱창,"서울특별시 성동구 고산자로 288, 1층 (행당동, 192-30)",,,,,not_found,0.0,not_found,0
3030000-101-2001-06809,원샷,서울특별시 성동구 아차산로 116 (성수동2가),,,,,not_found,0.0,not_found,0
3030000-101-2007-00030,술사냥,"서울특별시 성동구 용답19길 13, 1층 (용답동)",,,,,not_found,0.0,not_found,0
3030000-101-2018-00339,명가칼국수,"서울특별시 성동구 독서당로 194, 2층 (옥수동)",,,,,not_found,0.0,not_found,0
3030000-101-2002-00500,안동한우곱창 서초점,"서울특별시 성동구 마장로 227-1, 1층 (마장동)",,,,,not_found,0.0,not_found,0
3030000-101-2018-00341,명태명가,"서울특별시 성동구 마장로 137, 221동 1층 1149호 (상왕십리동, 텐즈힐)",,,,,not_found,0.0,not_found,0
3030000-101-1993-05144,대성장,"서울특별시 성동구 마장로 284, 지상1층 (마장동)",,,,,not_found,0.0,not_found,0
3030000-101-2021-00139,momus(마머스),"서울특별시 성동구 살곶이2길 1, 지하1층 (마장동)",,,,,not_found,0.0,not_found,0
3030000-101-1995-05722,다현목포낙지,"서울특별시 성동구 왕십리로24길 9 (도선동,지상1층)",,,,,not_found,0.0,not_found,0
3030000-101-2004-00281,송하정,"서울특별시 성동구 무학봉길 77, 1층 (하왕십리동)",,,,,not_found,0.0,not_found,0
3030000-101-1999-06271,옛날순대국,서울특별시 성동구 성덕정길 75 (성수동2가),,,,,not_found,0.0,not_found,0
3030000-101-1998-04192,만두마을김밥동네,,,,,,no_result,0.0,no_result,0
3030000-101-2015-00066,메가엠지씨커피 장한평자동차거리점,"서울특별시 성동구 천호대로 426, 지상1층 (용답동)",,,,,no_result,0.0,no_result,0
3030000-101-2019-00386,바위파스타바 성수,"서울특별시 성동구 뚝섬로15길 27, 1층 (성수동2가)",,,,,no_result,0.0,no_result,0
3030000-101-1998-01510,한량석쇠,"서울특별시 성동구 왕십리로22길 9-1, 1층 (도선동, 139)",33771227,한량석쇠 왕십리본점,서울 성동구 왕십리로22길 9-1,223.0,matched,30.0,matched,0
3030000-101-2020-00455,??(Sit),"서울특별시 성동구 독서당로 230, 4층 (옥수동)",,,,,not_found,0.0,not_found,0
